# File generated by ForgeFPGA Workshop v.6.54 (Build 002)
## Project name: abc467c_prefix_xor_burst_pipeline
## Netlist name: internal: netlist.edif
# Generation date: Thu Jul 23 15:58:24 2026
# Synthesis tool: Yosys v.0.59
# Place and Route tool: v.23
# Netlist SHA-256 fbd2deb3d350abbdf2e15e566cf4d68f64f4e5ffe32f5d9fb0da569703fb37d6
## High Density IO Packaging: off
## High Density Packaging Logic: on
## Clock-Concurrent Optimization CCopt: on
## Place-and-Trial-route: off
## Place-and-Trial-route iteration count: 20
## Max-CPU: 16
## Maximum Routing Iterations: 300
## Timing Analysis Corner: tt1pv25c_typical(0)

# axi_bus_width: 32, bits_per_cycle_per_tile: 32, array_size: 1x1, crc16: false
22022220
00000000
00000000
00000000
00110057
00200000
008a00a8
00000000
00000000
00000000
01111013

2a0aaaa8
2aaaaaa8
ffffffff
ffffffff
ffbffbff
00200100
ffdfffff
ff7fffff
fdffffff
d5555557
c5155457

01400140
ffbfffff
d5154057
d5155157
2aaaaaa8
00000000
d1155d57
2e28aaa8
2a08aa28
fd7ffd7f
00000000

094089c8
d5555557
d5554557
d5555557
c5045100
00000100
2a00a200
2aeaaaa8
2aaaaa28
282aa828
c4040444

00080000
00400000
00400400
00400400
10000000
00000000
00000000
00820400
00820000
00000000
00004000

22022000
2aaaaaa8
2aaaaba8
2aaaaaa8
2abfaaff
00800000
d57f55d7
d5555557
d5755557
d5555557
00041413

2acaabc0
ffffffff
d5155157
d5104147
ffffffff
00c20000
ff7ffbff
2a288aa8
2aa882a8
fd7ffd7f
d5155457

00000200
00000400
d5555557
d5555557
00000000
00400000
00000020
2aaaaaa8
2aaaaaa8
00000000
00000000

08808880
00400000
00400400
00400400
d5005500
00020000
2a00af00
00820000
00020000
00000000
d5114044

01080140
ffbfffff
2aaaaaa8
2aafbab8
2aeaaaa8
00000000
d555555f
d5557557
d5555d57
fd7ffd7f
00000000

23022360
ffffffff
00000000
00000000
00110047
04040000
008000a8
00000000
00002000
fd7ffd7f
01111013

2a8aaaa8
00400000
00000000
00000000
d1115557
042e4300
2aa2aaa8
00004000
00000000
00000000
c5555457

00000000
00000000
00000000
00008020
2baa2a98
00024300
dd753257
00008000
00002000
00000000
00000000

090089c8
ffffffff
ffffffff
d5555457
d0005500
00280000
02028800
2aaaaaa8
ffffffff
fd7ffd7f
c4440444

00880000
2aaaaaa8
d5155457
2aeaaaa8
2aaaaaa8
00000000
f5555557
d5d75557
2a280aa8
d5555557
00004000

22602a20
00000000
00000000
00000000
44011057
40021000
008800a8
10000000
00000000
00000000
11111113

2be8abe8
d555d557
00000000
00000000
d5555557
40621000
2aa8aaa8
04000000
00000000
282aa828
d5555557

01800040
fffffbff
ffffffff
d5555557
2aaaaaa8
00400000
c1555557
2aaaaaa8
ffffffff
fd7ffd7f
00000000

094881c8
ffff7fff
d5145157
00400400
91144500
00200000
2a00aa00
00820000
2e28aaa8
f97ffd7f
c4040444

00000000
00000000
00010000
2aaaaaa8
2aeaaaa8
00000000
d5755557
55555557
00000000
00000000
00404000

00400100
0000a400
d5555157
d5555157
00050057
04000000
00a200a8
6aaaa8aa
2a28a8a8
00000000
00000000

2a02ab00
2aaaaea8
fffffbff
d5555157
d1155557
043c2200
2aaaaaa8
2aaabaa8
ffffffff
d5545557
d5005500

00000000
2aaa0aa8
00000000
00000000
2aaaaaa8
003c0200
15554555
00000200
00800200
d5545557
00000000

01400140
d5555557
00000000
00000000
d1005700
00002000
2a00a800
00000000
00020000
282aa828
00000000

2b40ab40
d5555557
d5555157
ff559b57
00100200
00000000
00080600
ffaaf1a8
2a2aa8a8
282aa828
d5004500

01420140
ffffffff
ffffffff
fffddfff
00000000
00400600
00400400
fffff1ff
ffffffff
fd7ffd7f
00001000

01000140
ffbfffff
00000400
00a804a8
2e2aa9a8
00000000
d53dd157
00150057
00000200
fd7ffd7f
00000000

2b48ab60
d5155557
00000000
00004000
d5405510
ff40ff00
2a2aaa00
00400000
00800000
282aa828
d1005500

00400000
00000000
00000100
2a088a20
00400000
00400000
00000000
d1005100
00200000
00000000
00000000

00000020
2aaaaaa8
2eaaabb8
2aaa8aa8
00000010
00000000
00000000
d5555157
d57fd557
d5555557
01000000

2b002b40
ffffffff
00000010
00a20088
d1005400
ff00ff00
2a002a00
04550057
00020000
fd7ffd7f
d0005500

00088000
00000000
04000000
00000000
00000000
00000000
00020000
00000000
00088000
00000000
00000000

20302260
00100040
00000000
00000000
00150457
00404000
002a00a8
00000400
00000000
00220a00
00235603

2a2aa6a8
2aaaaaa8
ffffbfff
eaaaaeab
ffbfbfff
00c04400
ffffd7ff
d5555557
ffffffff
d7555f57
d5455f47

00000400
eaeaaaab
95151157
dd151957
22aaa2a8
00800000
d0555157
2a2aaaa8
2a2aaaa8
d7555d57
11400800

020800c8
c0000043
d5555557
d5555557
d5001100
00000400
2a008200
2faaaaa8
2aaaaaa8
00020800
c4060144

0812c040
00104040
00404400
00404400
00000000
00000000
00800000
00800000
00800000
00200a80
00200280

22220220
2aaaaaa8
6aaaaaa8
2aaaa2a8
2aafeaff
00000010
d5ff55ff
d5555557
d5555557
d755dfd7
11519393

2aaacba8
eaeaeaab
d5551157
d4155157
ffffd7ff
00d0c010
ffffffff
2a2a8aa8
2a2a28a8
d7d5ddd7
d5d5d5d7

00000140
00000040
d5555557
d5557557
00000000
00500000
00000800
2aaaaaa8
2aaa28a8
00020880
00020080

089988c8
00110040
00004400
00000400
d5001500
0080c000
2a442240
00800000
00800000
00220a00
c0264644

00114000
2abbeaa8
2aaaaaa8
2aaaaaa8
2afaa2a8
00000000
d455d557
d5557557
d5555557
d557df57
04028200

22b34500
eafbebab
00000000
01400000
01450057
00008000
08a288a0
00000000
00000000
d5d7dd57
11039913

2aab0be8
c0010143
00000000
00000000
d5555157
04588400
2aaaaaa8
00000000
00000000
00820800
d5571557

00110040
00110040
00000000
00040000
2aaae2a8
04400000
d611551f
00000800
00000000
02220a80
00220680

081942a8
2abbeaa8
ffffffff
d5555157
d4101100
00180400
20002200
2aaaaaa8
ffffffff
d757dfd7
c04682c4

00514d00
eafbebab
d5511117
2aaaeaa8
2aaaaaa8
00000000
d55d5557
d5d55557
2a2aa2a8
d7d7ddd7
04928a80

22630b60
00410140
00000000
00000040
00550457
08200000
00aa0028
00000000
00000000
02820880
11131093

2aaa8ba8
c0400003
00400000
00000000
d5555557
09200880
22aaaaa8
00000000
00000000
00008000
d515d757

00000400
eaeaaaab
ffffffff
d5555457
2aaaaaa8
00000080
d5555557
2aaaa2a8
ffffffff
d755d557
00008200

0818c0c8
ebfaeaeb
d4151057
00004400
d4005100
01000800
2200aa00
00800000
2a2aa2a8
d375d557
c024c744

00804040
c0404043
00000000
2baaaaa8
2baaaaa8
00000000
d55555d7
d5555557
04000000
00008000
04008200

00100000
00500000
c4005007
c6401507
00410017
00880000
082a00a8
08002008
08802008
00200000
10200200

2a82a200
2aeaaaa8
eeaafaaf
c4401507
d5555557
40dc2840
2a2aaaa8
0800a288
ddd5775f
d755d457
d500d700

00904040
2bfaeae8
00000000
00000000
28aaaaa8
00540800
c5555d55
10008082
00000000
d3f5d457
00a08200

00504040
00504040
00000000
00000000
ff987de8
40002040
3605b714
00000200
04000200
00208000
00208200

2a00e700
c1404403
c4401007
ef52b207
2a8c22a8
00000000
14055154
dc223108
08002008
00808c80
c580df80

00024400
eaeaeaab
eeeabeaf
effabfaf
2bc8a3e8
3f3f76bc
16c41394
dc77375f
dd55775f
d5b5ddd7
00a08a80

00504040
ebfaeaeb
00000000
002800a8
00800200
00000000
c1220003
00550057
00000000
d5b5d1d7
00a08080

2a01e640
c1414443
00000400
00800d00
d4045100
ff00ff00
2a222a00
00000600
00000200
00828880
d082dd80

00104400
01504c00
00000000
2a00a200
00800200
00000000
00400000
d0001100
00200000
02a08880
00a08a80

08004400
2aeaeea8
2aaeaaa8
2aaaaaa8
00000200
00000000
00000000
d5551557
d577d557
d7f5ddd7
00a0ca80

2250c240
ebfae2eb
00040000
00aa00a8
d4805100
ff00ff00
2a002b00
05550057
00008000
d7f5d5d7
d0a09580

00516440
01514440
00000000
00000800
00040000
00000000
00000000
00000400
00020000
02a28880
00a28880

20002000
10054054
00000000
00000000
00150417
00000004
008202a8
00000000
00000000
000a2088
00004010

3f5f7ffc
3abfeffc
ffffbfff
fffffbff
ffffffff
00484644
ffffffff
ffffffff
ffffffff
f77ff5df
fffffbff

02020220
eabaaeab
44001007
c4001807
2aaaa2a8
00484040
d5754557
08002008
08002008
f7755557
11001003

00000800
c0000103
c4401407
c4401407
c5405140
00000600
2a00a800
08803008
08802008
00008000
00100100

080800c8
11440454
80000000
00000000
10000000
00000000
00080000
00000000
00000000
000a2088
c4450044

355f7714
3bfeeefc
2aeaaea8
2aeaae88
2abbfbff
00604400
d57f5ddf
d5d55557
d5d55557
f77ffddf
2aaaaaac

2a2aaaa8
eabaeaab
c4041007
c0001007
ffbfffdf
02e6c700
ffffffdf
08002008
08002008
f7755557
c5550457

02000060
00000000
c4441407
c4441407
00040400
00068000
00000000
08802228
0888a808
00008800
04050013

00200000
11050454
00000000
00040000
d5000000
02800300
28012310
00000000
00000000
00082088
01500400

080088c8
fbbfeeff
2aaaaea8
2aeaaaa8
2aaaaaa8
00000000
d7d5d557
d5d55757
d5d55d57
f7fffddf
c0000040

20202000
eabaeaab
00400000
04000400
00550057
00000000
002a00a8
00000020
00088000
f7f55d57
01000550

29a8b8ec
00000000
00000000
00000000
d5555557
00800200
2aaaaaa8
00000000
00000000
00028000
d51577df

11555574
05045440
00140000
00000000
2aaaaaa8
00800200
d5d45447
00000000
00000000
00008000
1000b2ab

00008180
ffbeffeb
ffffffff
c4551117
c5005500
00000000
2a10aa00
08802008
ffffffff
d555d557
0011c020

08dd0808
2abaaaa8
c4000017
2aababa8
3aaaaaa8
00000000
d5555557
d5555557
08002008
d5555557
c4040004

10004410
10000100
00000000
00401000
00010457
04802002
00aa2088
40800000
00000000
00000000
00400010

3a2a6698
d4555057
00000000
00000000
d1555557
04943e22
2aaaaaa8
00008000
00000000
00000800
f551db77

2a282000
fffffeff
ffffffff
c4401407
2aaaaba8
00100c20
95455d57
0880a008
ffffffff
d5555d57
10015103

00000208
ebaaaeab
c4001007
00000000
c1405000
00041200
2a008620
00000000
08002008
d5555557
00100000

155715d4
00000000
00000000
2aeaaea8
3abeaaa8
00000000
d5555557
d5d55557
00000000
2aaaaaa8
efaaaaec

00000000
15515454
d4515407
d5514017
00550057
00000000
00aa00a8
2aa22a28
2aa228a8
00100000
10400000

2a08aa00
3ffb7efc
fffbfeaf
d5554417
d5555557
00000000
2aaaaaa8
2aaa2a28
ffff7fff
d5555557
d5405500

155d1554
2aaa2aa8
00000000
00040400
2aaaaaa8
00000000
d5555157
00080000
00000200
d54555d7
2aaaaaa8

35555554
c0000003
01000000
00000000
e7aa57a0
00000000
3b51ea50
00000000
00080000
2aaaaa28
2aaaaa28

1f55ff54
c0000003
d5545117
ff583d57
32aa0aa0
00000000
11554150
fa2af8a8
0aaa2aa8
00040000
efaaffa8

00000400
fffffeff
fffffbbf
fffe3dff
26aa1ae4
33ffceb0
11510050
fabffeff
ffff7fff
d5555557
00000000

15555554
eaaaaaab
00000000
00a200a8
00040000
00000000
c0000003
00150457
00000000
d5515557
3aaaaaa8

2a08aa00
c0000003
00010000
00040000
d5445500
ff00ff00
2a00aa00
00800200
20000000
00000000
d5005500

00000000
15555454
00000000
2a002800
00000000
00000000
00000000
d1005000
00000000
00001000
01000000

155d5154
2aaaaea8
2aeeaaa8
2aa228a8
02800280
00000000
00000800
d1555457
d555dd57
d5555557
2aaaaaa8

3f557f54
eaaaaeab
00440000
00a200a8
c5405500
ef00ff00
2a00a200
00550457
00008800
d555c557
eeaaffa8

05559144
00000000
00000000
00000000
10000000
10000000
00000000
00000000
00000000
00008000
00000080

00400180
00010000
00000000
00000000
00514456
00000000
00a20008
00000000
00000000
00020080
00014700

2a7eaaa8
2abfaaa8
ffffffff
fefaeebb
fffffefe
001d4d80
ffffffff
d5d75d57
ffffffff
d57f5dd7
d5394597

204a2920
eaabebab
c5005007
c4401007
2aaeaaa8
00040880
f5555756
08802000
08802800
d557d557
05000003

00400200
c0010103
c5405507
c4401507
d5001000
00194500
0a088880
0880a081
0888a880
00020000
00000084

0a608148
00010000
00000400
00000400
00000000
00000000
00002020
00008000
00008000
00020080
d0100010

02544840
2abfaaa8
2aeaaba8
2aaaab28
2afebbfe
01011940
d55f55ff
d55555d7
d55d55d7
d57f57d7
00a88080

2a7e6be8
eabfeaab
c4001007
c4401007
fefefb7e
01c5dd40
fffff7ff
08802000
08802000
d55fd557
d45c9157

20642060
00450000
c4511507
c5401507
00000000
0044c000
00200000
08802800
0880a080
000a0200
10581193

00520500
00504440
00000400
00000400
d4000000
00800400
2a000200
00000000
00008000
00220880
00200a00

08580688
eafaaeeb
2aaaaba8
2aa2aba8
2aaaeaa8
00000000
d5d5f157
d5555556
d55555d7
d5775fd7
c42408c4

20480320
eaeaebeb
00510000
01200000
10150056
10000400
00aa00a8
00000800
00000000
d557d557
00140000

2a5a66a8
00504540
00000000
00000000
d5555556
11400400
2aaaaaa8
00000000
00000000
00220a00
d5f5dcd7

0a500548
00504440
00400000
00002000
2a828ea8
01400000
d5555156
00800000
00000000
00220880
11205c13

00506440
eafaaeeb
ffffffff
c4401107
c4005108
00000000
2a008200
0880a088
ffffffff
d5f757d7
00e08880

005641c0
2afeeae8
c4001007
2aaaaaa8
2beaaaa8
00000000
d5557d57
d555d557
08002008
d55fd557
c4098044

02544540
00544440
00000000
00000100
00010157
00400100
000208a8
00000080
00000000
00aa0a00
01a88980

2eeabba8
c0001003
00000000
00400000
d5155557
00dc1b00
2aaaaaa8
00800000
00020000
00002080
d5d57557

2052b020
eaeabaab
ffffffff
c4401527
2aaeaa80
001c1800
d575d557
0882a080
ffffffff
d55575d7
10803093

01f10b04
ebababa7
c4001407
00000000
d5104400
00800200
2a880400
00008000
08002000
d5765577
00b34400

0949108c
05411104
00000008
2aaaaba8
2aaabaa8
00000000
d5557757
d55555d7
00010000
00822000
c6c620c4

00411140
10011400
c1545447
c04511c7
00550056
00000000
00a200a8
2a8a28e9
2a8a20a0
0042a080
00822000

2e49aa44
2ae9aaac
ebfffeef
c0451547
d5555556
02480200
2aaaaaa8
2a8aaab8
ffdf75ff
d55775d7
d5827580

01450144
2f29aaac
00010000
00000408
2aaaaa20
02400000
d5547106
00010200
00000008
d537554f
00aa0008

01452044
c1410007
00800000
00000000
fd0277a8
00080200
2c08c554
00008000
00000010
00822000
028a2080

3a409f10
d0401453
c0451047
fe0db257
28802a28
00000000
06051a40
feaab3a8
2a8a20a8
000028a0
df807d20

10584414
fafeeeff
eaefbaef
feefb2ff
2b482368
3937fc7c
16c112c4
feffbfff
ffdf7dbf
f55dfbf7
2280a8a0

10506d04
fafeefef
00000000
00e200a8
00800000
00000000
c0c08103
00550c56
00000800
f57dd93f
20a08808

3a68ae04
d0400547
00000000
00000000
d7005500
ff00ff01
2a80a200
00000001
00000000
08802a20
d7957da0

01405554
11405454
00000000
2a28a200
02800000
00000001
00400000
d0001100
00808000
0000a8a0
06802820

11684054
3bfeeafc
2aaaaea8
2aaaa2a8
02000600
00000000
01000100
d4401557
d5d5dd57
f5ddd7f7
2a8480a0

3b44c344
fbfeeaef
00000400
00820028
d5805300
ff00d700
2a402200
00400456
00000000
fd7dd57f
f1a8d528

11444444
11404044
00000000
00000080
00000000
00002800
00000000
04000001
00000800
00808a28
029988a8

08902020
00140100
00000000
00000000
00100117
00088000
002800a8
00000000
00000000
00000800
14001813

0a99aaa8
2abeaaa8
ffffffff
ea2aabeb
fefeffbf
010f8100
dffdffff
d5555517
ffffffff
d7555d57
d4595957

00110c00
ebbeaeab
d5501517
95601117
2a4eaaa8
00000100
d495d517
2828aa88
2a280a28
d7d55dd7
005a0980

02108248
c0140143
d5555557
d5451557
d4001400
00070000
0a002a00
2beaaaa8
2aaaaaa8
00000080
c0004084

00180080
01150100
00044040
00000040
00004000
01000000
00000000
00800000
0080a080
00020a00
00010a40

00310020
2abfaaa8
2aabaaa8
6aafae88
2babaabf
00000000
d55d55df
d7575577
d5575557
d7575f57
010c0a03

086b8ca8
ebeeaeab
d0000017
f0041017
dfebfe9f
02b516a0
fbbffeff
20400008
20022028
d7d75fd7
d54f5f57

001200c0
01140140
d5555557
d5555557
00400000
00b00620
00202000
2eaa2ba8
2aaaaaa8
00020280
00410790

08188908
00104000
00004040
00004040
d4800000
02011080
2802dc00
00002000
00008080
00008000
c4001000

00110000
2afaeaa8
2aaabaa8
2aabaaa8
2aaafea8
00040000
d7d55777
d5555577
d5555557
d555d557
100a4044

08112420
ebfaeeab
05550500
07400100
00100013
00000000
00088088
0aaa0a80
0aa80a00
d7d5dfd7
150a1993

0abaab68
c0104043
00000000
00100408
d1555557
0041c240
2a0aaa88
00000000
00000000
02008080
d55455d7

00988b00
01114000
05451000
00008000
282a2fa0
00414240
d5550157
00000000
0a0a0800
00028000
00440000

00330008
2afbeaa8
ffefffff
d5551457
d1001000
00008000
2a022800
2aaaaaa8
fffffdff
d5d7d557
c08a04c4

02510400
ebfbeeab
d0000017
2aaaaea8
2aefeaec
00000000
d5555757
d555d5d7
20002028
d7d7dfd7
009a4a80

201a8140
01114000
00000040
02000000
04150007
04020100
00800088
00800000
00200000
02028080
10010293

2aaeec88
c0140403
05550400
00000100
d5555517
0f2a9b30
2282aaa8
00000000
0a0a0a00
00220000
d5554457

02304000
eabeaaab
ffffffff
f5555557
08eafaa8
01081a10
d557d517
2aaaaae8
ffffffff
d57f5557
00508000

009060c0
ebaeeaeb
d0001017
00004040
d1000510
0a000020
20002a20
00008080
20802028
d5dfd5d7
c1008084

08004848
c1044043
00000000
2aaaaaa8
2aaaaaa8
00208000
d7555557
d5555557
00200000
02028080
040444c0

00044500
00040500
d4511157
d4541057
00110017
00200010
000a0088
2a2a2a28
2a882a28
00100240
00014200

0a1eea00
2a2eaaa8
fefbbbff
d4551057
d5555557
00601250
2a0aaa88
2a2aaa28
ffff7fff
d75d5457
d4495400

00506440
2b6eeee8
00000000
00210000
2e8aaaa8
00401040
d7555d17
00000040
00000080
d7cddc97
00000a00

00004540
01044540
00000000
00000000
f922bf28
00000200
3c51b014
00008000
00220000
02008a80
04400a80

0a048e00
c0140403
d4541157
df5d1e57
286c6068
00000000
14051254
fe40eea8
2a082a28
00220000
d0001400

000a4000
ebfeaaab
feffbbff
ffffbfff
2b6a21e8
3d9cb5bc
169553d4
ff7defff
ff5fff7f
d57f5557
00008000

00014000
ebeeeaeb
00000000
0002a0a8
44000200
10122000
c1000003
01350017
00028000
d5dfd7d7
00048080

2a02aa40
c0044043
00010000
20a00100
d5c057c0
ffb2eb40
2be2aa00
00080140
00000000
02028080
d5045580

08040500
00040700
40000000
32103a00
02800040
00800040
00e00040
d5004400
00a00000
00000300
00001200

00040340
2beeaaa8
6eaebaa8
3abafea8
00400280
00000000
01000100
d5537557
d5f75557
d7dd5557
04800480

2240ad40
ebeeedeb
00001000
000ac488
91801780
ef208b00
2a40ab40
00130157
00020000
d7ddded7
d1804b80

00020540
00044540
04040000
08a00020
00004000
00004000
00020000
00403000
00000000
02008a80
00000a80

220000a0
00000100
00000000
00000000
00010007
00020000
00880028
00000000
00000000
00000000
01540403

3ffff7fc
2aaaeba8
ffffffff
ffffffff
ffeffeef
007f0200
fffdfd7f
ffffffaf
ffffffff
d5555557
fffffffb

00a06200
eaaaeaab
d5151517
d5741507
288a2ea8
00400000
d5754107
2aa03a28
2aa22a28
d5555557
0000d000

00028008
c0004003
d5555557
d755d557
55045040
001c0200
2a00a800
2aaaaea8
2aaaaaa8
00000000
d4010100

08080000
15555554
00004040
00004040
80400000
00210000
00000000
00088180
00088080
00020000
00000050

3d553574
2aaaaaa8
2aeaaaa8
2aabaa38
2afeabab
01248000
d5df57ff
d5575557
d5555557
d5575557
3eae3abb

2a80aaa8
eaaaaaab
90001017
d0001017
fefeff6f
01778708
ffffeaff
20008428
20082028
d5555557
d4455457

02950080
15551554
d5555557
d5451557
00000040
00010400
00208000
2aaabaa8
2aaaaaa8
00000000
000b4000

00158808
15555554
00004040
00000040
54805000
00020200
6a002000
00002080
00000080
00000000
c00a0444

00000200
ffffffff
2aaeaaa8
2aaaaaa8
aaaaaeac
00500108
d5555d57
d5555557
d5d55557
ffff7fff
00400000

00000280
eaaaaaab
45110500
05440500
00450007
00000000
000200a8
0a820a10
0a020a00
d5555557
10010113

3aaabab4
00000000
00400000
00010000
d5554557
0088c940
2a8aaaa8
01280000
00208000
00000000
f6e1fdbf

34931574
00015010
44050500
00000000
2a2aaab8
0008c900
945d5d47
00800000
080a0a00
00000000
2ae8aea8

0828a400
ffeffbff
ffbfffff
d5451557
55800440
00800040
2a80e200
2aaaaaa8
ffdfffff
ffff7fff
c8080204

02010800
2beaaaec
90001017
2aaaaae8
aabaeba8
00000000
d5555557
d555d5d7
20002028
d5555557
04005000

2e3a2160
14040100
01000000
00000000
00510417
00000000
000800a8
02000000
00000000
00000000
15041053

2ebb29e8
d4405017
05150500
00400000
d5555517
03869020
2a0aaaa8
00000000
0a2a0a00
01000000
dfbed157

00800800
fefefbff
ffffffff
d5555557
2a2eaaa8
03861000
d5571557
2a2aaaa8
ffffffff
d5555557
00000100

00000088
eaaaabeb
d0001017
00004040
15005100
00008000
2a102a00
0000a080
20000028
d4555757
c0004004

15555554
00140000
00000000
2aaaaaa8
eaaaaaa8
00000020
d555d557
d5555557
00000000
00000200
2abaaaa8

00000000
14601014
d4455457
d5055417
00110007
00000400
00820088
3aa0a2a8
2aa228a8
2842a828
00000001

2a08aa00
3e7e9bbc
ffeffeff
d5055457
d5555507
0a492420
2a8aaaa8
2ae8a2a8
fff77fff
ffffff7f
d5045103

155d5554
2a0a8aa8
00000000
00000020
2aaaab88
00080000
c5057557
00080000
00000000
d7bd5757
2aaaaaaa

15555d54
c0140103
01000000
00000040
5feade80
0a402020
27598e40
00000000
00000200
00000000
2aaaeaa8

2a00a200
d6554017
d5455457
ff507d57
8aae0a80
00010000
0d510460
beacf929
2aa02aa8
6812aa28
ffaabba8

00000000
fefffbbf
ffeffeff
fff3ffff
1aa81894
0fe70fc0
05404440
befdfdff
fffdffff
ffbfffff
00040000

15d55454
e8aaaaab
00000000
008302a8
00004010
08010400
c8080003
00510004
00000000
97ad55d7
aaaeaaa8

28886a00
c0001103
00000000
00208000
d5005550
ffcbff50
2aa8aa00
000004d2
00088000
00000000
d5044500

00080000
00410400
00404010
28882c00
00000040
00080050
00a08000
90044500
08800000
204aa028
04008000

15551454
3effbfbc
2aeaea38
2eebafa8
02800280
00000300
00000000
9cdf5757
ddfdd547
ffdfffff
2aaa2aa8

3d553e54
eebaba2f
00000000
064283a8
55001500
77c0f800
22002a00
00d31257
00080000
d79555c7
7baa6fa8

11455414
10040110
00000000
00210000
80000000
80020000
00000000
0c080000
00208000
08000a00
2aaaaaa8

00161020
04151000
00000000
00000000
00410041
00000000
00a280a0
00000010
00000000
08220000
00210000

2aa7a0e8
2ebfaee8
ffffffff
fcbeafef
ffffefed
00040008
fffffdf7
dd7d5fd7
ffffffff
dd7755d7
d55355d7

26352000
eebeaaab
d1511007
d1109507
20aa22a8
00000008
dc555545
2a800228
2a888a08
dd7d5557
18625553

08140080
c4140403
d5555447
d9145d47
95044500
00040000
20002800
2b8a0aaa
2a8a8aa8
08200000
00200000

00949108
00151100
00004040
00004040
40100004
00000000
02080000
00000c80
00000080
002a0200
c5300204

00071140
2aafbbe8
2eaeaea8
2aaeaaa8
2affaaed
00048000
d5d77577
d55f5557
d5575577
d55f57d7
10020280

0a8f2ba8
eebeaaab
d0101007
d0005207
fddffded
202ca140
ffdfaaff
20021128
20000028
dd7d5557
d5574417

02143320
00141100
d5555547
d7755547
00000000
00280000
00088800
2aaaeaa8
2a8aaaa8
00a80000
00e40407

00841880
04141000
00404040
00400040
85005400
20002100
08000200
00008080
00008080
08202000
00002000

0c0c1048
eeaebaeb
2aaeaaa8
2aaaaaa8
7aaa2ba8
00000040
f75555df
d5555547
d5d55557
dd5557d7
cd114090

0c0e1020
eeaebaab
05010500
01110528
00010045
00400800
000000a8
0aa80a00
0a0a0a00
dd5d5557
08111004

2ebebaa0
04141000
00000000
04040000
d5055545
02ff8b90
2a2822a8
00002000
00002000
08200000
dd755557

2224b000
00041100
01010500
00400000
2aaa2e80
02900300
d4755747
01000000
0a880a00
00002000
15002213

00841140
eeaebbeb
fffbffff
d5555557
85064000
000f8080
28082010
2aaa8aa8
ffffffff
dd5577d7
00006380

00441a80
2eeebaa8
d0101017
2aaaaae8
7aaabba8
00200010
d7555557
d555d557
202000a8
dd5d5557
c0440640

08449328
04541100
04004000
00000000
00150045
00000000
00aa00a8
01000000
00020000
08a02000
00842304

2aaf8a28
c0050003
05500400
00040000
d5555545
00400400
2aaaaaa8
00000000
0aaa0a00
041a0000
d55f5557

22230044
ebabaaeb
fffeffff
d5555547
2ae8aaa8
00400000
d4055547
2afa0aa8
ffffffff
dd7775d7
1b233093

05900800
faaaeaaf
d0001007
00004040
85004500
00000400
2810aa00
00000080
20000028
d145fd57
08306040

114d0010
00454010
00000000
2aaaaba8
7aaabaa8
00000000
d7545557
d5555557
00000000
02028000
c6420c00

00050110
00050110
c5045457
c14511c7
00100057
00000000
08aa0288
22aa0a2a
22822aa8
025a0200
000a0200

2c10a340
2baaabe8
efeeffff
c1455557
d4155557
41450221
2aaaaaa8
2aaaaa28
f7ffffff
d75076d7
df207788

05101110
2baafcb8
00400100
00204010
2a8aaa28
00040000
d5045555
08402000
00088000
f500f45f
0c202000

01450510
c1454113
00000200
00000400
ac0f6e28
40000020
3311ac34
00008000
00200000
0282a000
22823000

3c15a214
c0050093
c1441047
f9505247
78a2bb28
01410201
14001554
7d809a28
22a88828
00160000
d92acd00

05140050
fbaeaafb
ebeffbff
fbfffaff
2b6023e8
242559ac
16c41790
7ffdbaff
f7fdff7f
d5557fd7
0828a080

04141010
eaaefa3b
00010010
00ab28b8
02000200
81041001
c1000103
005520d5
00002200
d5c1f557
5aa0b200

2d57aa10
c0454017
00004100
02048000
d7c01714
fb47ff01
2ae08a00
02280002
00000000
0282a020
dea7b520

04152410
00250110
00000000
2d000a01
00800410
00028100
01400000
50049000
00000000
020a6020
282aa228

05141150
2baebff8
2aeaea88
2ffebaa9
06000080
00000000
00a00140
5557f057
d5f57557
f75d7757
0828a280

2c549a10
ebcefa9b
00400000
02ca00a8
81800380
28414e00
28408b40
05512055
00800000
d5d5b577
8ea0a720

05570110
01454110
00004000
0034b000
50401004
52002000
02000000
00024002
00202000
0282a028
0aa7a220

00011420
00011400
00001040
00000000
00550047
00000000
00aa00a8
00000000
00002080
00022800
01022a10

2aaafaa8
2baafaa8
ffffffff
eaaaabaf
ffffffef
01008820
ffffffff
d5555557
ffffffff
d755f557
d554e557

28223280
ebaabaab
d5100517
d4504117
0aaaa2a8
01008000
d555c547
28aa2820
28882020
d75d75d7
101862c3

0001d000
c0015003
d5554557
f4504d57
c4005500
00000800
2a002200
28aab8b0
288aa8a0
000aa080
000ea480

02890848
00010040
00004040
00000440
11000000
00000020
00000800
00008080
00008080
00020000
c4420104

00008040
2aaaaae8
2aefaaa8
2aaaa2a8
2abebaef
00000800
d5ff55ff
d5555557
d5575d57
d7555557
01001010

2aaaa2e8
eaaaaaeb
d0040017
d0000017
ffffb7ef
00451b00
feffafff
22801020
20880020
d75f55d7
d51955d7

28212260
00010040
d4555557
d5554557
00400000
00410200
00000a00
2baaeaa0
2aaaaaa0
000a0080
100a0083

00011080
00011000
00005040
00404040
d5000400
00041100
0a10a000
00008080
00008080
00022200
00026100

028a1008
2baabaa8
2aabaea8
2aaaaaa8
2aababa8
00000000
f5555557
d5555d57
d5555557
d5557557
c4112444

00001000
ebaabaab
04500100
01150100
00151047
00800000
20882228
082a0200
0a220a00
d55d77d7
00183090

2aabbaa8
c0011003
00000000
04000400
d5555547
02e36ba0
2a8aa2a8
01002000
00002000
000a2080
d55f34d7

22ab8a40
01010040
00054100
01102000
2aaacfa8
00424180
d4455557
00000000
0a220000
02020000
11030003

08006060
2baaeae8
fffffbff
d5554557
d5402008
02010a00
08028080
2aaaaaa8
ffffd7ff
d755d557
00048404

001100c8
ebbaaaeb
d0400017
2aaaaae8
2aaaaaa8
00202020
d7555557
d55555d7
20000208
d75d55d7
c44800c0

20114840
01114040
04000000
00000000
00150447
0000a401
00a02088
40000020
00888000
020a8080
100a8080

2aaabda8
c0005403
04050100
01000000
d5555547
024ab481
28a22aa8
00000800
08220200
0000a800
d555fd57

022420a0
eaaeaaab
ffeffbff
d5754557
2a8a9aa0
02020000
95555557
2aaaaaa0
fdffffff
d55555d7
01019193

000e0144
eaaeaaeb
d0400017
00004040
d5404100
00481000
08020220
00008080
20002020
d55557d7
00108480

0880914c
c0005143
00000000
2aaaaaa8
2aaaaaa8
00000080
f5555d57
d5555557
00880000
0000a200
c444e244

00001110
0000d010
d4504543
d5510543
00050017
00000000
00a800a8
28000880
2a828880
0600a000
10002004

2a24aa10
2baeaab8
fffbefeb
d5551543
d5555557
03120a40
2aaaa8a8
a8a00a90
ffdfdddf
d75555f7
d40055a4

00158154
2bae2afc
00000000
00000080
2aaaea28
00100000
5d555503
00200044
00000000
d37557d7
00208088

00001144
00005144
01010000
00041000
fcf2bfa8
03020840
1440bc54
00800200
00080008
0200a200
0000b208

2a007b14
c1015113
d5510443
fc44a913
29a2aae8
00000200
36531150
f4a80784
28800a80
0280a000
c480e500

00244014
eaafaabb
ffffbfeb
fecefdfb
29e2a3e8
3ecd7fec
17c117d4
fdfd0fdf
fdfd5fd7
d55557f7
000080a0

20044954
eaafabff
00000000
028a40a8
10010000
00000040
c0000143
0055084b
00200000
d55557df
00008088

2a00fb44
c1015147
00041100
00001440
d6015510
ff023750
2a00aa00
09000010
00080000
0280a208
d594f708

00005114
01015b34
11000000
28002840
00000090
00001010
00000800
d4008500
00000000
0080e020
00803028

00044014
29afaabc
3bebafe8
2aaa68e8
00001400
00020000
00000000
d4539557
d5555557
d74555f7
000000a8

0a14e354
e9afa1df
00410540
02aa00a8
c4004100
df002700
0a00a300
00531047
00000000
d76517ff
d520c5a8

00105154
01015154
00000000
00004000
00000000
20000000
20000000
00000010
00000000
0080a228
00b4a228

2a00a028
15401544
00001040
00001040
01004000
00020000
00020a00
00002090
00002080
2888a8a8
15000403

3ffdf7fc
3feffffc
ffffffff
fffffddf
ffefffff
01324e00
ffdfffff
ffffffff
ffffffff
ffffffff
fffafeff

00084200
eaaaaabb
d5100003
d5554003
2aef88df
01104000
d5dd55cf
2aa20220
2aa28220
d7775757
00100000

00a00000
c0054003
d5555117
d5557517
00000000
00000a00
00008000
2aaa2228
2aaaa228
00000000
c0400054

00000080
15401450
00440004
00000024
d4001500
00200400
2a002020
00080008
00000008
2888a8a0
00005000

37773554
3fefbffc
2aabfbb8
2aaab7b8
2aabaaa8
00000800
d5575557
d5457547
d55d7557
fffffdff
2bbafaab

2aa2a8a8
eaaaabaf
91014003
d1182003
ffe7d7df
000f0d00
ffefffcf
20000000
22280000
d7775557
d5555517

00110020
00050000
d5555517
d5555517
00404117
000d0100
00a08888
2aaaa228
2aaa2228
00000008
00430110

08910880
15405450
00000004
00000004
08042840
00000400
01080000
00800008
00000008
2088a880
c4060400

00008008
ffffffff
2aaaaab8
2aeabbb8
ffaabea8
00020000
ff557757
d5557757
d5557557
fffffdff
10000004

2a002000
eaaaabaf
04541500
04050020
10400000
00803000
00800220
0a2a0030
08800220
df775577
14001113

3babb8e8
00150000
40000000
00004400
d5554557
14e0b100
2aaaaaa8
00008000
00020000
00000008
f555b7d7

15575df4
01411440
05040000
00000000
26bf82df
04200100
d47f75cf
02800000
000a2a00
00000000
2900a280

00ecc400
ebeffeef
ffffffff
d5551117
00000080
00008000
00004800
2aaa2aa8
ffffff7f
d5555557
c0540044

00000008
2aaaeaa8
d0100003
2aaaaaac
ebaaefa8
10400000
ff55d557
d555555f
20200000
d5555557
08010400

06100b14
00040004
00010000
00401118
00000000
00000000
00008000
00000020
08000000
00000000
10010003

2eba7fdc
c0741443
00440000
00000000
d5555557
0308f362
2aaaaaa8
02000000
088a0200
00000000
dfefd257

00200000
efffffff
ffefffff
d5555117
2afffa35
0308d020
d57735df
2aaa2228
ffffffdf
d5455557
00000004

008a2048
ef8baabb
d0000003
00000004
01200840
00000342
02180220
00000008
20000000
d5455557
c0445050

3d5545d4
00004104
05014000
2aaabbb8
feaaafaa
00002000
fdd55d57
d5557557
00200000
2aaa2aa8
2faaaaa8

2a008000
15745574
d5445557
d5411557
80004000
80000000
00200000
2aa8aaa0
2a8020a8
00100000
d5402590

2aaa8288
3ffefffc
ffffffff
d5451557
d5544457
82755341
2aaaaaa8
2aa8aaa8
ffd777ff
d0555557
d5545557

15554514
2a8aaa88
00100000
00000000
2a9aa2be
02210100
d5cf55df
00000000
00060000
d0415557
2aaaca28

15ff55dc
c0000003
00010000
00040000
0ae8aae8
00440241
07445554
00000008
00000200
2aaa2aa8
2abeaaef

15554714
c0a10003
d5545557
fc8255df
5fae2ea9
00105000
2d54ff74
fecc22df
2a882aa8
00100000
2aaa8a28

00000000
ffffffff
fffeffff
fe93fdff
1aaabae8
0fedfffc
05545554
fedea7df
ffffffff
d4775557
00003000

3f55fd54
ea0aaaab
00000000
0201a020
00000000
01040000
c2020003
00128500
00008000
d4675557
ffaa7f28

2aa2aaa8
c0000003
00000000
00100800
d5455557
ffff7fff
2aaaaa88
00000000
00220000
00000000
d5555547

00011040
15745554
00100000
288600a8
00000010
00000000
00002200
d4440047
00000000
00400000
00000000

15f645bc
2aaaaa88
2ebbaae8
2a8e80a8
06c50787
00db00df
00a80088
d475c557
d5555757
d5555557
2aff0a6f

15555754
ea8aaa8b
04010040
02008000
00000000
00000200
00000000
00314510
00000000
d515d557
2aaaaaa8

11455440
00000000
00000000
00080000
d1005040
fe207d20
28008800
00008000
00000200
00008000
00000000

28017408
00001400
00001040
00000000
00040044
00000000
08220000
00000010
00002080
00002800
0042b807

28ab6ae8
2aaaaba8
ffffffff
febaebbf
ffffffff
09220000
ffff7ff7
dd55567b
ffffffff
d5555557
d55696df

00324000
eeaaeaeb
d1144003
d1150003
2afbaa9b
01000000
d5cd54e3
2a220200
2a280200
dd5dd557
01388000

008058c0
c0005043
d5555117
d5551137
00000000
00220000
00000200
2abaa228
2aaa0228
0008a000
d00ca0d8

00095330
00011000
04400004
04400004
d5005500
08000000
22002800
00880008
00800008
000020a0
04022400

20114260
2eababa8
2aabbbb8
2aaabbb8
2beeebe8
01018400
d5555557
d555f577
d5575577
dd5555df
14221283

2abae2b8
eeabeaeb
d0000003
d000800b
ffff7bf7
0301cc04
ffffffff
22208000
02080000
dd5dd5f7
d47d5557

00025140
04015040
d5551417
d5551517
00110013
02004800
02aa80a8
2aaaa2a8
2aaa2228
0808a088
00096084

00a05018
04401000
00000004
00040004
00000000
00000004
00000a00
00802008
00800008
08202020
c054a640

0a08a0c4
eeeaabab
2aaabeb8
22abb3a8
fcaabaac
00000000
fd553557
d5555577
d5557777
dd755557
00000390

0433a010
eeaaeaeb
05540000
05500400
00441040
00002010
000a2080
08080280
28200000
dd7dd577
192a1003

2aabfaec
04005040
00010000
00000018
d5555157
001b7490
2aaaaaa8
00020000
00020000
0828a000
d55ff7d3

00005a20
04401000
45050000
00100000
20bbe2b7
00105080
d5f51d7f
00282000
00800200
08202080
00012600

0e9800c0
eeeaabaf
ffffffff
d5550117
00000000
000a0000
00000200
2aaa2a28
ffffffff
dd7555d7
cc7402c0

24110008
2eaaeae8
90000003
2aeaaaac
ffaaaba8
00010400
ff55d557
d555551f
20000800
dd7dd5d7
082a4110

24017248
04005044
00000000
00000130
41440000
01000000
08800200
10000020
0a020000
0828a080
1c0a3393

2aaababc
c8101803
05450000
00000000
d1555557
4fc21340
2aaaaaa8
00000000
0aa20200
00402000
d555717f

06039044
eeaabbab
ffffffff
d5555117
2abbab9f
42000040
c57f55bf
2aaa2228
ffffffff
d5457557
200322a8

05a10080
e2aba2eb
d0100003
00000004
00000040
00001000
02000000
00000008
20000000
f7075557
c9464044

09080c74
00010540
00005000
2aaaabb8
baaafea8
0cc20300
f555fd57
d5557577
00080000
02020800
001008a8

2a06b814
030d3000
c1011147
c5115557
00400040
40000000
00000000
2a80a2a0
2aaa2aa0
00122080
d500f428

3eafbaec
2bafbba8
efbbfbef
c5115557
95555557
48ae8400
2a82aaa8
2aa2a2a8
ffff7ff7
d557f5d7
dd5377ff

05050000
39a6cae8
04000000
00000000
2aafaabf
08808000
d5c555ff
00320008
00000000
d54555d7
0a020020

01ac40fc
c1040143
00104000
00000000
28886688
00060400
19123240
00000000
00000000
00000080
025100ff

04011214
c1501003
c5005147
dcc4726f
b79239a8
00280000
3610d954
b3c021df
2aa022b0
00103000
2a02a028

04101044
ebf2bbaf
efbbfbef
ddc6736f
29ea2be8
28d5f6f0
129153c4
bbc7b3ff
fff577f7
d575f557
0a2023a0

2e108c00
eab3eeeb
00100000
01020100
04040280
00000100
c0000003
08059220
00000000
d7674d67
dd304d20

2ebbeefc
c0110443
00010000
00000000
d7150413
ff8aff9f
2ae8aae8
00020000
00000000
22020800
dd175daf

15151114
00771000
00040000
08802228
00000000
00000008
01000000
91240107
00000040
42522080
0a022028

05b610ec
2affbba8
2eaefaa8
08c32328
03010013
008a0097
018800a8
91651157
d57f7557
d77765d7
0a2522af

05140200
eb9caaeb
04001000
00420000
00100200
00000200
00200000
00411050
00282000
97254597
0a200020

051d2154
11140140
00004000
00010100
d0000400
ff00fc00
2a00aa00
00000000
00020000
02000080
0a0210a8

00235620
00115400
04000000
00000800
00010510
00000200
00028000
00000400
08000000
0022a800
1202b900

2a2be6a8
2abbfea8
ffffffff
ebaaefbb
ffffafff
0212b210
ffffd5ff
d555dc57
ffffffff
d5f7f557
d557dd57

2201e400
eabbfeab
d5441443
d9400443
22eea0ef
02000000
d5fd50fc
2a8aa880
2a0a8880
d5f7dd57
00128803

00015400
c0115403
d5555557
d5405757
00100000
00100000
02000000
2a8aaaa3
2a0aaaa8
02228800
0106e804

08085488
00405400
00004114
00005114
d5000000
0002b010
28000000
00000320
00002228
00008800
c441ac50

00204400
2aeafea8
2abbaaa8
2eaaaaa8
2aabaab8
0a000480
d75d75d7
d5555557
d5555557
d5d5dd57
00008800

28aa6ea8
eaeafeab
d0000043
d0004843
fffff7ff
0b8bef80
e7ffbeff
20006880
20082280
d5d5df57
d455d957

20805620
00401400
d5555557
d5555557
00540047
018aca00
00208a28
3a8aaaa8
2a8a2aa8
00008800
1000a903

08037440
00114440
00001014
00401114
01080500
00002000
00000000
00800028
00000028
0022aa00
0043aa10

04094cc8
2ebbefe8
2aaeaaa8
2a8baaa8
feaafaa8
00010100
f5d75557
d5555757
d5d55557
d577ff57
c416da44

00014440
eafbeeeb
05504000
05000400
01400010
00000000
00020000
0a020100
0a020000
d5f7df57
10428e00

24a95c68
c4514443
00010500
20140000
d5545457
017b08b0
2aaaaaa8
00088000
00000800
00a28a00
d557bf57

20205c60
00004440
00450040
00000000
0a96aaeb
00180800
d5d5545f
00080000
00200000
00008800
0314a813

00804440
2aaaeee8
ffffffff
d5555557
00020000
002100a0
00080080
2aaaaaa8
ffffffff
dd55dd57
0c009904

00094448
eaebeeeb
d0000403
2aaabbbc
feaafeac
01420010
ff75ff77
d555775f
20000880
d5d7df57
c0038a40

0202fc40
00404440
05004000
08100020
05040050
05208000
00a08000
00000000
0a828020
0a808800
1810ea10

2fa2baa8
cc141023
05450000
00000000
d5551557
05b5d440
2aaaaaa8
00000000
0a220000
0d282800
dd547457

05011230
efbbaabb
ffffbfff
d5555557
22e8bf8f
00801440
d55755ff
2aaaaaa8
ffffffff
dd755577
0c443823

09201010
e3eaea9b
d0100443
00001114
00110000
00014000
00080000
00002228
20088880
d0d55577
01002424

21801088
c1440003
00000000
2aaaaaa8
faaaaaa8
00140000
ff557f57
d5555557
00800000
0088a000
c0002040

2c00ba40
06148440
d4510547
d4415547
c5010010
41000100
00000000
6a2aa8a8
2aaa8aa8
0c38a000
cd003500

2fabbef8
2fbbeaf8
fefbefef
d4415547
d5515554
c5045103
2aaaaaa8
2a2aa8a8
ffffdfff
dd755577
cd547564

01001010
29ea2ab8
00004000
00000000
2afaeaec
00045000
95ff55ff
00000000
00000000
d3c55377
00002020

01a810a8
00440000
00000000
00000000
2a08b1a8
00000000
17517544
00000000
00000400
00882000
00502044

05000110
c4161103
d4411547
ff678cff
3a2a0ea8
84000003
3d10da44
ef6ca12c
2a0aa8a8
09286200
08000200

07030110
effbabab
fefbb7ef
ff7f9dff
2b6a8be8
3e9f9efc
178157d4
ff7fed3f
ff7ffcff
dde75577
08064020

2300cb00
ebe8a3ab
00100000
00080100
00c00200
01200011
e0000003
00134813
00200000
d4c51457
d5001f00

23aaaba8
c1040103
00000000
00101000
d5544747
fffffdff
2ae883a8
10000400
00000000
00082a00
d555d757

040000c0
04140040
00400400
23228838
00840400
00000000
01000040
d5614116
20000000
08282240
0804c200

05a94178
2ffbaaf8
2aeeffa8
2b6b88f8
009002c7
009e00ae
00e800a8
d5714516
f5577557
dde75577
08530077

01000500
ebeaabab
00004000
08490040
00000380
00410000
00000140
00100000
00020000
d5c55717
00000200

01022000
00040400
00041100
00000080
d5004000
fe00fd40
0a008200
00000400
00002000
00082200
00000200

00000200
00000100
04000000
04000000
00010011
00000900
00282800
08000010
08000000
00000000
00000000

3dffdffc
2aaeaba8
ffffffff
ffffffdf
fffffeff
00006b00
ffff7fff
ffffffff
ffffffff
d57d5557
faffffef

203c0800
eaaeaaab
d5044443
d1454643
2bfeecce
00004000
55d615cf
28aae080
282828a0
d57d5557
00312403

00808020
c0050003
d5455547
d5555557
00001000
00002200
00000020
aaabaaa8
2aa82aa0
00000000
00044104

08020088
15555554
00401104
20001114
d4000000
00000000
2a000200
00000a28
00000200
00002080
d0401040

15415554
2aaaaaa8
2aabaaa8
2ebaaaa8
2aaabba9
02000010
d77d5577
d7555557
d7d55557
d5555557
2a9b9eb8

2aaaa0a8
eaaaaaab
d0000041
d000d043
dfdf7fff
06001f50
ffff7fff
20000880
20002880
d5555557
d5555557

22003020
15505554
d5555557
d5755557
00550416
00001f40
00820a88
2aaa2aa8
2aaa2aa8
00002080
11004003

080a1000
15554554
00001114
00000114
01002240
04000000
00000000
00002228
00000228
00000000
00000000

00a08088
ffffefff
2aeeaaaa
0aaaaea8
fea26aa8
00000000
fd517557
d5555557
d5d55557
ffd7ffff
c4440144

00002800
eaaaaaab
05110000
05450000
00000001
00200000
002a0000
0a880000
0a2a0000
d5557557
00104000

3aaa6e88
00000000
00004400
00100000
d5445557
02334600
2aaaaaa8
00220000
00000000
00000000
f7d7cc77

11074510
00000004
05440010
00200000
0ac618fa
00000200
d5d157df
00000000
0a820000
00000000
32a2ac3b

20a00200
fafaffbf
ffffffff
d5555557
00006500
02110400
02010030
2a8aaaa8
ffffffff
ffd7dfff
01212008

0a0d0088
3aeafaa8
d0105443
2aaaabac
ffaaaaac
00024000
fd55fd57
d555557f
2000aa80
d5555557
c4440044

01028330
00100510
00010000
00000020
84000400
04800480
00a00880
10000000
00080000
00000000
00100100

2dbabbfc
d1153457
05410000
00040000
d5554557
06851c80
2aaaaaa8
00080002
0aa28000
00000000
d7ff3197

202018c0
ffbfffff
ffefbfff
d5555557
2afa8adf
00040000
c55e756d
2aaaaaa8
ffffffff
d5455557
19003083

04880000
eaaa8aab
d0000443
00001114
00006100
02010000
02008000
00000228
20000880
d5455557
04002080

1d55755c
04004100
00000000
2aaaaaa8
7bafaaa8
00001800
fd555757
d5555557
00002000
00000000
e2efaabc

2a000240
14145044
d5414557
d5115457
00000441
88002480
08280080
2aa28aa8
2aa2a888
20000008
94000400

2a82baa8
3fbfdffc
fffbffff
d5115557
55555557
8940aee2
2aaa8aa8
2aa28aa8
fff7ffff
f7e5fd5f
d5555556

11554514
2aab8ab8
00001000
00000000
2aff8abc
01400220
d5d7d57f
00000000
00000200
d7e57d57
62ba8a28

15d7459c
c1000503
00100000
00000100
0b8262a8
00000802
05510814
00000000
00000020
00008000
2befbafe

0000a820
d43c5047
d5414557
ffd74cdf
5e82332a
00008040
27511314
bfedc6ee
2aa288a8
20011008
22aaeba8

00040100
ffbfffff
ffebefff
ffffccdf
1ea26668
0fdf223c
05511014
fffde6ff
fff7ffff
f5f1bf7f
00200000

3f557554
ea83aabb
00000000
00288000
00000002
00000000
c0020003
00002001
00000000
d5f0a777
feaaaea8

2a83a8a8
c1000503
00000000
00000000
d5555146
fff7fffe
2aa2aaa8
40100010
00002200
00000800
dd5d1556

04000000
04004044
20000002
2a820888
00004000
00200020
20000000
d5450446
00000000
20108808
00000000

11d254dc
2faffffc
2aaaeeaa
2aaa8a88
03c512c4
01d730de
00a000a8
d55544f7
d7555557
f5f5bf7f
23d3bafe

1554dc54
cbafbabb
00000400
00288200
00100100
0000cb00
00008800
00104081
02000000
d5e53557
2aaaaba8

14555464
00000500
00004000
00000000
d4000000
fe000400
0a002200
00000030
00000000
00000220
22aeaaa8

26030220
05151000
04000000
00000000
00000050
00000010
00800008
00000000
08000000
08282000
18001003

2a8baaa8
2bafbaa8
ffffffff
fbbae7bb
fbfffbff
04212950
ffffffff
d7555777
ffffffff
d55d5557
d1055417

01016c00
eaaffeab
d0140443
d0154041
2afe93af
04010000
d45f55f7
22282a80
20008280
d55dd557
02008000

04818008
c5151003
d5551557
d5557457
00014000
00200800
20000000
2baaaaa8
2aa2aaa8
08280000
cb010410

0c090090
05111010
04401014
04400414
d1000000
00002140
0a20aa00
08828438
08822028
08202020
080440a4

2203c630
2babfeb8
2bababa8
2baabaaa
2eaaaae8
04100140
d5557d5f
d5555557
d7755d57
d5555557
05000423

2a8bcea8
6aabfeab
51044143
d1142043
feefdfff
05d161e8
fffffbef
22200820
22280a80
d555dd57
d5558dd7

04014010
04115010
d5555557
d5555457
00050117
00c14020
00aa0000
2aaaaaa8
2aaaaaa8
08200020
0a050120

04810908
05150100
00400414
00010414
00400200
00002080
000001a0
088a0008
08820028
08282080
d8400254

08094580
ebafefab
2aaaaaa8
2aaaa2a8
f82adea8
01000008
fb55d757
d5555157
d5555557
d55d5df7
00100a00

02014d00
eaafeeab
00111000
00404000
00000010
00000030
00002080
00002000
0000a000
d55dddd7
12118a13

0eabef00
05154500
84000000
04001000
d5555557
00a388b0
2aaaaa88
0000c280
00000000
08280080
de555757

04020610
05100510
00100000
00000000
287e80ef
00830800
d3dd185f
00000000
00002000
082020a0
080010a0

08894510
6babefbb
fffffeff
d5555557
00014000
00200000
20140000
2aa2aaa8
f7ff7dff
d555ddf7
c4048d60

0121e400
2aabeea8
d1005043
2aebaebc
ffaabfa8
00008080
d977d757
d5d7557f
22200880
d555ddd7
0040ca84

2623e710
05114510
04040000
00000008
00000000
02030000
02820008
00000000
00000000
082088a0
0b148b63

2e2ae2a4
cd040007
00041000
00000000
d1545557
46133061
2aaa8a88
00000000
00080000
08180808
dd5c454f

0c000030
efeaaabb
7bffffff
d5555457
6afaaab6
44102040
d16955d7
2aaaaaa8
fdff5fff
d9557577
08888820

04410090
e6abaabb
51104043
00410414
00045000
00001001
20000000
08020028
20a00a80
f947f577
cc024420

05490004
15454004
00000000
2aaaaaa8
bbaaafe9
00000020
d955df57
d5555157
00000000
080a0008
1ac2000c

2e012204
05150404
c4004443
c4005043
40000000
00002600
00a00208
280aa888
288808a8
0c8a0008
dd021588

2e2baeb0
afe3aaa8
feaaffeb
d4015443
d5555557
413c7702
2aaaaaa8
280aaa88
fdddddff
ddd37577
ddd75567

04420000
2ea2aaa8
10001100
10010400
2afbbafd
001c1000
d057d1f7
01000200
00008000
d9d17557
28000280

146800a4
c5440007
00000000
00000000
2b0acdaa
01000102
35105540
00000000
00000000
08880008
08d5004f

00000900
d1040103
c4001043
fe756ad7
be06a288
40204000
1e193d44
ff2028cf
28002888
00081080
00004200

00408110
ebaaabbb
feabbaeb
fef7eadf
2b428bc8
2ced58fc
179156c4
ff2279df
fd57fddb
75d555f7
00000220

02000b10
eaeaaabb
10010000
00808008
80001200
0a011001
c0000103
00025100
00020000
555767f3
d5825b20

2aebaba0
c1450103
00000000
00020000
d5d55757
fe7ffff7
2b68aaa0
00000010
00008000
008a0880
d7d75357

1001e000
01050110
00000000
2a220a81
02000000
00008000
01002100
d7008057
00000000
000a0080
00020080

00ea01b0
2baaabb8
2aaaaaa8
2a323a89
00d50057
006e44f6
006800a0
df00d757
d5d75d57
d5d775f7
20538077

20000400
6aeaaaab
00000000
00101008
00004280
34100000
21000140
00005300
00020800
d555f5d7
00840280

09400100
01444500
00000000
00002000
55000500
c0002b00
0a008a00
08000400
00800000
00880080
00800200

26630220
04411000
00400000
00000000
00000010
00000000
00000000
00080600
00800000
08802200
08801313

2abbaea8
2abbbaa8
ffffffff
eaaaba8f
ffffffff
00002000
ffffffff
d5557557
ffffffff
d5757557
d4655d57

00002400
eaaabaab
91140043
d1145441
2bffaacf
00000000
d5ff71ff
202a8280
02200200
d5557557
0000c800

0cc00080
c4401003
d5551457
d5555457
50000000
00000000
00000000
28aaaaa8
0aa2aaa8
08802200
d8c58244

04498808
04451000
04411014
04410094
84005500
00002000
2a008a00
08802828
0882a828
08082200
0c000600

02930e20
2abffea8
6aaaaea8
2aaaaaaa
2eaabab8
04381100
d5d55d57
d5555557
d55555d7
d5fdfd57
10a10813

2aaaaea8
aaaefeab
d1104043
d1014043
ffefff7f
0c383b00
ffd7dfff
20200280
20200280
d5ddfd57
d1d1cd57

04602000
04441000
d5555457
d5555557
00410147
00002200
000202a8
28a2aaa8
28a2aaa8
08082200
08108204

2c050088
04051000
04000014
04000014
50040000
08000800
00000510
08020828
08800828
088a2200
c88a4340

00598000
2affbaa8
2aeeaaa8
2aaeaaa8
abaae6a8
00000000
ff55d557
d5555557
d5555557
d57f7557
01620400

22620020
eaeebaab
00011400
00501400
00000014
00000004
00800008
00808000
00028000
d55f7557
14538303

2eae80a8
c4041003
00000000
00000100
d5445157
0853cc0c
2aaaa2a8
00002040
00002000
088a2200
dcdfd557

04010000
04051000
00101000
00000000
2aeea2eb
08424000
d57d90a7
00004000
00a02000
08082200
08000200

00590088
2afffea8
fbfffeff
d5555557
40200000
00000800
04022000
28a22aa8
ffffffff
d5fdfd57
c0a45454

08c08100
aaeeeeab
d1044003
2aebaaac
bfaafba8
00118408
ff555757
dd555d7f
20020280
d5dddd57
00808200

26002100
04041000
00000010
00000440
80000410
00026000
00800200
00000000
00000000
08082200
19519013

26d6faa8
c4d40003
00001000
00000000
d5555557
c1126340
2aa8aaa8
00200000
00008000
0caa0000
ddff54d7

04425220
eeeaaaab
ffbfffff
d5555557
2adbeaaf
01100000
d17d75ff
28a2aaa8
fffff7f7
dfd75dd7
0a820c00

04809888
ee2abaab
d1140143
00010414
50040140
40000140
04000000
08822020
20000280
d9555557
cc040044

04141000
c4140003
04004000
2aaaaaa8
2faabaa0
80000200
ff15d857
d5555557
00000000
0a280000
0a284000

2e55db04
04550104
c5541457
c5541053
01051010
01040200
00800200
8aa8a2a8
08a02aa8
08ba0808
0dba1d08

2e6afba8
2eeaabac
efffbfff
c5551153
d5555557
01075b02
2aa8aaa8
0aaaa2a8
dff7ffff
ddd7155f
ddd71557

04001100
6eaaabac
00010100
00010000
6afaebe5
00010000
413d58ff
10020000
00008000
dd45155f
88000000

043f11ac
04150104
00000000
00000100
3aa882aa
00000002
15554550
00000000
02020000
08280008
086d005f

00147000
c0142003
c5551057
ec5452ff
aeaa24a8
00025900
3f55f554
5fa672d7
0aaa22a8
002a0200
502a0200

00005000
eaaaeaab
effffbff
ecd4faff
2be823e8
3ffcbbf8
17d457d0
dfee73df
dfff77ff
d357d75f
02020200

2a409b00
eaeacaab
00004100
0080a800
01008600
04032001
c0012103
00400108
00000000
d1d5d757
85805700

2afebaa8
c0540003
00000000
00000000
d554d557
ff7fffdf
2a2b2aa8
80080000
00000000
02a80200
d7fd5747

00155104
00178104
00010000
280006a9
00000000
00000080
00000000
d5041047
00000000
002a0248
003a0288

00aa51a8
2a8aebac
2babaeb8
2d10bea9
00540247
004c005e
006a01a8
dd745157
d555d557
d557d7df
00030247

00403000
aac86baf
00000410
0110b800
10000200
70300400
00000100
08604110
00008000
d5d5d717
50800200

00551104
00550104
01000000
04000000
c4005110
8b00db00
2a000a00
00100000
00000000
00a80208
00ec0208

02000200
15541050
00400000
00400000
00001010
20000000
20000008
00800000
00800000
02080aa8
00001000

3fffffdc
3ffffbf8
ffffffff
ffffffff
ffffffff
20102210
f7fffdff
ffffffff
ffffffff
f7ffffff
fffbbfef

2020a000
eaaaaaab
c1040102
c1140142
2aff2aef
00100200
d5ff45d7
02203080
02202280
f577f557
11410003

00800808
c0014103
c5555157
c5559557
51000000
00002000
00008020
0aaaa0a8
0aa2a2a8
00800000
04100504

080a0080
15540054
04410014
04400014
84004500
00000010
02002800
08028028
08020028
02080aa0
c0000040

17757574
3fffeffc
2abafae9
2aabbea9
2aaaefb8
00024500
d557557f
d5dd5557
d5d5d557
f7fffff7
2aaaaaa8

0aa8a8a0
6aaaaeab
c1040143
c9100143
f7ffefff
04075f08
ffffffff
02080280
02288280
f577f557
d4551557

00400100
00014100
c5551557
c5551557
00540047
00051a00
00a80a80
0aa8a2a8
0aaaa2a8
00800000
00581513

00808000
15540444
04000014
04000014
58000800
04000000
04009000
00800028
08820028
220802a0
00000044

08080880
ffffffff
2aebaea8
2aaeaea8
afabaaa8
00000008
ff557557
d5555557
d5555557
f7fffff7
d40d0000

02600100
eaaababb
00100000
00011000
00040010
00043800
08002a28
0000a000
00000000
d577dd57
00110000

2faef9c8
00014100
00001000
00400000
d5555557
08073b20
2aaaaaa8
08200000
00002000
00802000
d35f32c7

35565d5c
05550504
00000000
00100000
22faa3ef
00010100
d1fd41d7
00000400
00008000
00000000
13aa228b

00100000
7fffffff
ffffffff
c5551557
59012000
00020000
20008000
0aaaaaa8
f7fff7ff
d555d557
00640000

08c8a480
2aaabab8
c1040143
2aebbebc
aeaafea8
08000220
d7575557
d5d7557f
02280280
d555d557
c080104c

38208014
10004040
04000000
20000020
00000510
00000000
00000028
00002000
00000000
00000000
00000010

3aebe2fc
d1040103
00000000
00000000
d5555557
00592511
2aaaaaa8
00000000
00002000
00008800
fd56c5d7

068002a0
fbfffffb
ffffffff
c5551557
02be8ace
00180000
d5f7d5d7
0aaa2aa8
fffdffff
d555dd57
09b80003

00422000
eabbfeab
c1140143
04410014
19410000
00412001
20002600
08800828
02280280
d5555557
14000004

1549545c
00400050
00001000
2aaaaea8
eeaa72a9
00000510
df5d5d57
d5555557
00000000
2aaaaaa8
eaeeefe8

0e000a00
15011454
d5110457
d5111457
40400010
00400000
00002028
2aa02889
2aa2a888
00100000
84800500

2aaaaa80
bffdbffc
ffbbfeff
d5111457
d5555557
40c1a000
2aaaaaa8
2aa02888
fff7fddf
d5554557
dd754557

11015454
2aa8aaa8
00000000
00000000
22bf22ef
00818000
c57f51d6
10000000
00000000
d5454557
620aaaa8

159f54d4
c0540103
00005000
00000000
390a2808
00000000
34d11714
00000000
00000000
2aaaaaa8
2adfaaff

3535d554
c0000003
d5111557
fb9f7ad7
ac0a7508
40002000
1e019c14
b76e7ff7
2aa20a88
00000000
3b2aaaa8

00002000
fbffffff
ffbbffff
ffbffeff
21de3948
3407fe3c
14011414
ffeeffff
fff7ffdf
ddd5d777
00204000

1f55d554
eaaaaaab
00000000
04200428
00000500
02021501
c0200083
00800000
00008000
d555d577
ae2aefa8

2a8aaa80
c0000003
00004000
00008000
d555d547
ffffffef
2aab2a80
48008008
00002000
00000000
d55d5747

00400000
11555554
00000000
2aaa2f81
00008000
00000000
00010200
d5445547
00000200
08900200
00001000

159755d4
2aaaaaa8
2eaaaaa8
2abaafe9
03d502c7
01ed00ee
088a0000
d7465557
df5557d7
d5555557
2a57a8ef

351d7754
6aaaaaab
04000000
00100068
10000000
60108200
20000000
00000010
0a000000
d5455557
7b0aaaa8

05555d40
00000000
00000000
00008000
c4005000
9c006800
02002800
02020000
00000080
00000000
00000000

10462920
10440010
00400000
01000000
00100040
00000000
00000820
00000000
00800000
20882020
24983140

2aeeabb8
3aaeeaf8
ffffffff
faaabeff
ffffffff
04022950
ffffffff
e5557d5f
ffffffff
f5ddd577
d51d5147

02241210
eaeebeab
c1140043
c1141043
2acfaa8f
04020100
c5bd555f
02280280
02288280
d55f7f77
118a6807

20848000
c0044413
c5551057
c5741077
04005510
00000000
0002a080
0aea22a8
0aaaa2a8
0008aa20
000c2800

1808019c
10400414
04410014
00400004
d1000000
00002850
2a000200
08820068
08820028
20800828
e0812a08

10000108
3aaaeeac
2aaabaa8
2eaaaab8
2afaaea8
20000410
f5555557
d5557557
d5557557
f5d7dd7f
30130a00

2aeaa2a8
baeaaaaf
c1100141
c9540143
f7ff7fff
20030d10
ffffffbf
00280280
02280280
f557577f
d5d71757

32620034
10004004
c5555157
c5559157
00041147
00010100
00aa2088
0aaaa2a8
0aaaa2a8
20008228
2100261f

005c3100
10141100
04400004
04000004
00000010
00000800
02008420
08800008
08000028
20280020
006c8100

08d48280
eafeebab
2aaeaaba
2aaaaaa8
ffabeaa8
00020000
dd554f57
d5555557
d5555557
d57fd577
c4aa9060

00141080
eabebfaf
00010000
00011010
00100404
00124000
00000000
02008020
0082a000
d5ff7f57
002ab830

08bcbb88
00545100
00005000
08000000
d5555557
00124604
2aaaaaa8
00022000
00000000
00a88220
d5fcd757

1838bb0c
10100104
00400000
00000400
22effafb
00000200
d5df03df
00004000
00002008
20200028
2130822f

10101000
bafaefeb
ffffffff
c5555557
0002a008
00000000
0020c020
0aaa22a8
ffffffff
f577df5f
24a6af00

00d01000
2abaabac
c1144143
2eabaaac
ffaaaba8
00000404
ff557d57
ddd55577
02200280
d5f7575f
d062e240

00501104
10504104
00001000
20000010
00000100
00000000
00080000
00000010
000a0000
20a08008
10b08028

2aea8fb8
c0400013
00000000
00000000
d5555157
803a4502
2aaa2aa8
00200020
00000000
00c02800
d5d55c57

22680530
eeaaaabb
ffefffff
c5551153
0aed1af5
00300400
d5d515ef
0aaaa2a8
ffff7fff
ddd57d57
01410813

10028218
eaeababf
c1040143
04411000
00000002
80024002
00220800
08820008
02080280
d515575f
24805000

18800894
00001054
00000000
2aaaaab8
ffbaeaa8
00080100
ff457757
d5557557
00000000
00000208
e004044c

2201eb10
00412010
c5141107
c5541107
00000002
02200002
00000000
0aaa2a80
02aaa280
00823000
d5820700

22aaebb8
6a8aaab8
efbebbaf
c5545107
d5555557
07201202
288aaaa8
2aaa2e80
d7fff7d7
d5d57557
d5455757

10404010
3aca9abc
00000000
00004000
2affaafd
01001200
d5cf51ff
20000000
00000000
d555475f
00800200

10e8409c
c0001017
00000000
00000000
2eaa7ea0
04000000
0154d540
00000000
00000000
00000208
2045121f

10400130
c4081113
c5545147
f52d1e97
fba8aba0
00000000
39547f40
ffaeb7ef
0aaaa280
08000000
20004040

10430110
eeebfbab
cffefbef
fd6fbe97
2be88be0
1bfdf398
07d407c4
ffbff7ff
dffff7d7
dd57d557
20820020

3a002800
caa2ebaf
00000000
0002a000
80008310
06010406
cb210803
00114000
00000000
d5d5f757
f4001100

3a8aaaac
c4400107
00000000
08400000
d545d557
efffdfff
2aabaaa8
00000010
00000000
08802208
f5d5551f

10034110
00091110
80000000
20080a86
00000000
00000020
01000000
d5141507
00200000
00020000
20020200

10814198
2aebfb98
aeaaaea8
2438ae86
00451647
00ee90d9
004a00a8
d515ff77
df7575d7
d557d55b
21970217

1040c000
aaa2eb8f
04000400
0030a000
00004200
00104800
00008040
00014a00
08002080
d5d5f75b
20004600

10484224
00400144
00000000
04000400
55000000
e9000300
20802200
0000a070
02000000
00802208
20c00208

20e244a0
01401440
00410400
00000000
00550417
00000400
00aa2028
02000000
00820800
00802000
10800103

2af360a8
2bfbaae8
ffffffff
eaaaaeef
fbffffff
0c113600
f7fffdff
d5555d57
ffffffff
d5775757
d5664757

00550000
ebfbbaeb
c1150012
45111113
2aaab2e8
00002000
d5555d57
0a2a02a0
002a0020
d5f77757
01a24200

0044200c
c1400447
d5554417
d5555d57
d1004100
00000000
22008080
2aaaaaa8
28aaa8a8
00000008
c4040048

0b005504
00004504
14400404
10440444
00000000
0c111200
00000000
20808808
28808888
02800808
02c00c1c

23335100
2abbebe8
2aaaeaa9
aaaae2a8
2afbfabf
080c4880
d5ff555f
d5557557
d5557557
d7775757
07620313

2bbfb9a8
2abbebe8
c4111011
c1110013
fffff7bf
080c7ce0
f7ffdf7f
00280000
00000020
d7f75757
d7e25397

01041920
00004500
d5551457
d5515457
00040400
00001420
00000020
28aaa8a8
28aaaaa8
02000800
12000000

09804418
00041410
10400444
14400444
d5000100
00002040
26015a00
28808888
28808888
008020a0
c08040a4

0119e490
2abfaeb8
2aaaaaaa
2aaaeaa8
2aaaaaa8
00000000
d555d557
d5555577
d5555557
d57757f7
002212a0

23b70234
eabfbeff
00000000
00000800
00510057
04000000
00880020
00000000
00200200
d5f777ff
11e2073b

23ae8ab8
c0040453
01040000
00001000
c1555557
15134080
2aaaa2a8
00022000
000a2000
000000a0
d55555f7

00405510
01444510
00000000
10000000
2baaa2a8
00004080
d1740557
00082000
00000000
028028a0
029108e0

0059dd14
2bffefbc
fffaefff
d5551457
c0049500
00020000
2e00a208
28aaa8a8
fffdffff
d7775fff
c6261aac

00551198
2bffeff8
c5100013
2aeaaeec
2aaaeaa8
11110000
c55755d7
fdd55ddf
00208020
d7f77ff7
02a242a0

0a443910
01444510
00000000
00000800
00454454
00000010
000000a8
00000000
00000000
020008a0
131110f3

2afba808
c0511003
10000000
00010000
d5554557
828ad613
28a22aa8
00080000
00000000
00a20000
d5f79d57

01119018
ebbbaabb
fefbfffd
d5554457
2aaa22a8
008a1200
c1f75557
28aaa8a8
fffdffff
d5f7d5f7
04a2a4a0

25331110
efbbabbf
c0100011
04400444
d5100103
80000003
2c003a00
28808888
00200020
dd7fd5ff
c866a9a0

04d91104
c4510107
00004000
2aaaaaa8
2aaaaaa8
0200c400
d5555557
d5555557
00002000
082a0008
0822a80c

00510000
01511000
d5515417
d5154d57
80450047
80000000
000a00a8
22aa0a28
20aaa8a8
04a20800
00a20c00

2b31ba10
2abbaab8
ffffffbf
d5154557
d5555557
c0800111
2aaaaaa8
2aaa0a28
fdfffdff
d5f7d5f7
d5a265a0

05111150
eebbabbf
00040000
00000000
6abae3a8
40800100
d1f54557
08000000
08000000
d97fddff
082228a0

04711104
05510104
00000100
00000000
3fa21eb0
00000010
3b51bb50
00000000
00000000
082a0808
08222808

2a00be40
c1000043
d1555517
f1450817
2aaaa2a8
00000001
11511514
e8025c20
2aaa0a28
06001200
d708e300

01401050
eaeaaafb
fbffffbf
f1cf7dbf
2be22be8
3bf78f78
13d14790
eb5fdc7d
ffff5f7f
d75597f7
0208a2a0

05401550
eeeaabff
00000000
008a74a8
02000000
01006060
c0030023
0155005d
00000000
dbdd87f7
0ac8a2a0

2e00b744
c5000147
00000000
00000100
d1015500
ff20fee8
2b43a220
02088000
00000000
0a880208
dfccf708

01001440
01002440
00000000
20004100
00004000
00000000
00000000
c0404400
00020020
16000200
02082200

00401250
2aeaaaf8
2eabeba8
20aa69e8
02000000
00008080
01000000
c1557477
d5575577
d655d7fd
02082620

2e40b550
2eea8ffc
00014100
00aa20a8
d3801700
be001e08
2b40a340
01153057
00000000
caddd7fd
df8c73a0

05001504
05000544
04000000
00000840
00010000
40200000
00000000
00000020
00000000
0a880208
0a882288

00222220
00000000
00410400
00410400
00511043
00040000
00aa00a8
00820804
00820800
00000000
00101413

17ff7ffc
2aaeeaa8
ffffffff
ffffffff
fffbffeb
28053c40
d7ffdfff
ffffffef
ffffffff
d55d5557
fffebfff

02000888
eaaeeaab
c0151053
c5551113
2aaaaaa8
00000000
d5555543
02222208
022a0200
d55d5557
10000000

00080000
c0000003
d5555457
d5555557
d5004100
00000c40
02008200
2aaaaa88
2aaa8a08
00000000
c5040144

00800000
15555554
14404404
10004444
00000400
28013000
00000800
28880880
28800008
02a20220
00400000

15775d74
2aaaaaa8
2baaaaa8
2aaaaaa8
2afbaaeb
00080008
d5f7f577
d555d557
d555dd57
d5555557
3aababfb

0aaa8aa8
2aaaaaa8
c1101011
c1101013
ffffffeb
0c1cfc88
fffffbf7
022a0600
02200000
d5555557
d5415557

01419310
15555554
d5555557
d5555457
00041000
08045800
00080880
2aaa8a88
2aaaaa88
02a20220
02c02200

08801080
14044444
14004444
14404444
d1026500
0400a000
2e000200
28000088
08882008
00000000
c0006404

02080008
ffffefff
2aaaaaa8
2aaaaaa8
2eaaaaa8
00100480
d5555557
d555d957
d5555f57
ffffffff
05001000

2b630330
eaaaaaab
00400100
00040000
00150043
04002000
008a00a8
00800000
20008080
d5555557
13d40313

2aa2b3b0
01510110
00050002
00010000
d1555543
06232000
2a8a8aa8
00400000
00020000
00000000
f95cf377

15113554
00001114
00000000
00000000
2ae88aa8
02000000
d3155157
00080000
08200000
00000000
2a2aaae8

00008400
3bbffffc
fffaffff
d5555457
d1005500
00000000
28008a00
2aaaaa88
fffd7fff
ffffffff
c000188c

01910080
3aaeeaa8
c5101013
3aeaeeec
2aaaaaa8
00230000
d5555557
f5d55ddf
02000200
d5555557
02224000

14220264
01110440
00000000
00000000
01550041
00100000
00880088
10002000
00000000
00088000
10100103

1ffbbf7c
d4510517
00000000
00000000
d5555143
01304333
2a8aaaa8
000aa020
00000000
04088000
ff7ce777

01400100
ffffffff
fffeffff
d5555457
2eaaaaa8
00000220
c5555757
2aaaaaa8
ffffffff
d5515557
02860654

08402808
eaaeeaeb
c1501013
14044444
d0001000
00004102
2a00a800
28800088
02200200
d159d557
c0404000

16dcd554
01001000
00000000
2aaaaaa8
2aaaebaa
01200011
d5575577
d5555d57
00000000
00088000
2f8aaaa8

00000000
14710110
d0100107
d4101457
00550043
00004000
00820088
22228888
282208a0
000022a0
00020000

2a00aa20
ffffdfbb
fafaabaf
d4101457
d1551543
05284020
2a82aa88
2a228888
fd7ffdf7
df7ffff7
d5805500

14145574
2a8ecea8
00400000
00000000
2aaaaaa8
00080000
d5555557
00000000
00080000
dd5ddd57
6a08baa8

14447754
c1001003
00000000
00000000
fb28bd88
01000000
3e15ef44
08000000
0000a000
02220000
2a2aee88

22000800
dd514913
d4100447
d7510667
28822888
04200020
14000554
b928a888
28222888
00002228
bf28a3a8

09008000
ffffffbb
febbeeef
d7ff86ef
2959bf98
3c4ddcec
15054544
f97fbaff
fd77ffdf
df7ff7ff
00220000

15155554
e2aeb2ab
00014000
00ae8088
00000000
80024e00
c0000003
00571263
00008200
dd5dd557
2aaaaaa8

2a10aa00
c0000403
00000000
00000000
d500d510
ff13de1c
2a212a20
40000014
00000000
02220080
d7805500

00010000
01519110
00000000
82000200
00008000
00000014
00010000
d1003200
00000000
00000a28
00000000

14045554
3ffffb98
2aaaaaf8
82aa87a8
02800290
00019000
00000000
d157325f
d575d577
d73fdfff
2808aaa8

3e04dd54
3eae6a88
00000050
00aa84a8
d5005500
7f100008
2a202a20
0055005b
00208020
d51dd557
ff88ffa8

01557710
00000000
00000000
00000100
00000000
00000000
00000000
00020004
00000000
02220080
2a28a2a8

00631000
04410000
00410400
00000000
00510057
00010000
00aa00a8
00000000
00820800
08820000
00820000

2abaa2a8
2ebaaaa8
ffffffff
feaaaeef
fbffffff
06050400
ffffffff
dd557ddf
ffffffff
dff55d57
d1f55357

22102330
eafaaaff
d1150113
c1150013
2aaaaaa8
00040400
d5555557
02082020
022a0220
d5f5557f
02355133

00c14114
c4014057
d5555557
d5154557
d1005500
06000000
2000aa00
22aaaaa8
2aaaaaa8
0a828028
03428268

0d498088
04450000
04404444
14004044
00040000
00000000
0a000000
20808288
2880a888
0a020200
d8820004

05320000
2ebeaaa8
2aaabaa8
2aaaafa8
2affbaff
02100000
d77d75ff
d5775d57
d5555557
dd755757
0ca10200

2bbaebb8
2efeeabc
c1100111
c1100113
fbfffbff
06923c00
ff7dffff
022802a0
02200220
df75d77f
d765d577

27412334
04050014
d5555557
d5555517
00004000
00802800
00000000
2aaa8aa8
2aaa8aa8
08020228
0b06033b

08c54040
05014100
10004444
14404404
d1800100
04001000
2000ca00
28800808
20008808
0a028000
0002c4c4

001c8888
ebfaabab
2aeabaaa
2aabaaa8
2aaaaa88
00020400
dd555557
d5555557
d5d55557
d5755557
d0601200

00140150
ebbaabfb
04000000
00000000
01540057
04000000
00aa0088
00020000
08000080
d775557f
03b404a0

28edabbc
01410154
00050000
00041000
c5545557
1511c468
2aaaaaa8
00008000
000a0000
00020028
d7d6077f

054522e8
05050100
00000000
00000000
2e2aaa88
0001c420
d5551d77
00800020
00000800
08820200
1e420193

01144800
2ffeebac
fffaefff
d5555557
c0081100
00000000
22002200
2aaaaaa8
fffdffff
dff5d757
02208204

29bc8150
2fbeabbc
c1104113
3eeaaeec
2aaaeea8
11100048
dd55d557
fd55d5df
02200200
ddf5577f
c0a000e0

03450114
05450114
00000000
00000000
00550157
00100000
02aa00a8
00000000
00082000
0a820228
01920228

2a6b9aa8
c0411003
00000000
00110000
d5555557
86101300
2aaaaaa8
00000000
00000000
02822880
d5d67557

00230aac
eaabbaaf
fffbeffe
d5555557
aaa2baa8
84000200
d5555557
2aaa8aa8
ff7dffff
d5c775df
10ca131b

34100110
fafabaff
c1000112
14404444
51004400
00000000
2000a800
200088a8
02280200
f7e5f5ff
2a280064

1c588110
10101050
00000000
2aaaaaa8
26aaaaa8
02001100
dd555757
dd555557
00000000
00a0a0a0
ce244620

09411000
00410000
d5551513
c5510553
00554055
00100000
008a80a8
22aaaa20
2aaaa220
000a0200
02822000

2b01aa04
eaabaaaf
ffffbfbb
c5555553
d5555557
0010e163
2aaaaaa8
22aaaa20
fffffff7
d75f575f
d78a5708

15100110
3afaaabc
00000000
00041000
22aaaba8
00008100
d5555557
00000000
00040000
f579d7ff
28280020

35500110
d0100013
00000000
00004000
ffa2b622
00006002
3f517b10
00000000
00000880
022882a0
08200220

1641ba40
c5010903
c5550513
e7550517
2aaaaa20
00000061
11715110
c3aa0ba8
22aa02a0
00020000
d7026580

04014004
ebebabaf
efffffbb
ef7fd7ff
2be20be0
33f3cffc
03d51790
e7ffbbff
f7ff7ff7
d75755df
0a0a9208

1c104150
fbbaa3ff
00005000
082ad0a8
00800000
08000720
c0800a03
2455b057
00002800
f575d577
28a880e0

3e58ab30
c1500153
00000000
00000240
d5005580
ff00ff38
2a80aa00
00000000
00000000
022080a0
dde45760

05411040
01012120
00000000
22080120
00000000
00000000
00000040
c1440140
00080010
028b0200
0a022080

05014204
2b6babac
2aaaaaa0
6aaa83a8
00000000
00000010
00000100
cd55317f
d55d5d57
d5df575e
0a4ac208

3710e950
3b3a8b94
00000000
48a28088
d7805780
f700d808
2340a140
0c11301f
00000800
f7fcd76e
fda895a0

15580130
11500110
00000000
00000200
00000000
00002000
08000000
00000020
00000000
00a882a8
08a40220

0272e040
00504040
01511000
00000000
01110053
01000000
00aa00a8
00400000
02a22000
00a00000
00b40000

2afaeae8
2afaeae8
ffffffff
eaaaaaeb
ffbffffb
01108c00
ffffffff
d5555553
ffffffff
d5755557
d5745557

20414260
eaebeaeb
c1151113
c1055403
2aaeaaa8
00000800
d515cd53
02200220
02222220
d7575757
16420313

00c14080
c0414003
d5555557
d5555547
d4005100
00000400
22002200
2aa29aa8
2aa2aaa8
02820200
03820200

08180808
00100000
10404444
14400144
00000400
00108000
08000000
28808088
28808888
00a00080
c0a054c4

02322800
2abaaaa8
2eaaaaa8
2abaaaa8
2abfaafb
00900000
d5ff5df7
d5575d55
d5555557
d57555d7
01240480

2aabaaa8
2aabaaa8
c1110413
c1110103
ffbfeffb
0091dc00
fffffbfd
00282620
02202020
d75757d7
d7470757

20010220
00010000
d5555557
d5555557
00000400
0000c800
00000008
28aaaaa8
2aaaaaa8
02820280
12830393

019051d8
01105150
14004044
10404004
d5008100
00001000
22012200
28800888
28800888
0020a020
0060a020

0918d150
2bbafbf8
2aaaaaa8
2aaaaaa8
2aaaeaa8
00010400
dd55d557
d555d557
d5555557
d5f57577
c4a02064

01015150
ebabfbfb
00400100
00800450
10110043
00008080
02aa20a0
00000000
00008200
d7d77777
028322a0

2b2b7bb0
c1015113
00041000
04041000
d5555553
1244aecc
2aaaa0a8
00020000
000a0000
0202aa20
d757ff77

23723370
01501150
00000010
00001000
2a2e2aa8
00440400
d554d557
00000000
00000000
0020a0a0
1130b1b3

01501150
2bfabbf8
fffaffff
d5555557
cd405510
00000048
20000000
22aaaaa8
fffd7fff
d5f575f7
04a020a0

094919d0
2bebbbf8
c1100103
3eeaeeec
2aa2aaa8
12002a04
dd55555f
f5d55ddf
02202220
d7d777f7
c2c666e4

03613510
01411510
00000000
00000000
00150053
00004000
00aa00a8
00080000
00000000
0202aaa0
0203aaa0

2afab2a8
c0501003
00000000
00000000
d1151553
04104022
2aaaaaa8
00000000
00000000
00a0a800
d5f5f957

20010220
eaabaaab
ffffefff
d5555557
22a2aaa8
04000000
d5554557
2aaabaa8
fffdffff
d5d7dd57
10928913

00010100
eaababab
c1100113
14404444
d9001500
00000000
2200aa00
28808888
02202260
d5d75d17
04821800

08da9188
c0501103
00000000
2aafaaa8
2aaaaaa8
00100022
dd555557
d5555557
00080000
00a02800
c1e46844

08501040
00581040
d4450117
d445455f
04151051
00000020
00aa00a8
288a0a28
28828aa8
0020a000
0020e000

2a21aac0
2aabaae8
feeffbff
d4454557
d5155551
04104020
2aaaaaa8
288a8aa8
fddfdfff
d552dd57
d502dd00

000101c0
eaa3abeb
00000000
00000000
22aaeaa0
00004000
d5555557
00000080
00000040
d5525d17
00020880

00501140
00501140
00005040
00000000
fbaaafa8
00000000
3f55cf14
00008000
00080000
00202800
00202800

23107a10
c1105013
d4454117
ea656557
2aaa22a8
04100000
15557554
fd8a02a8
288a8aa8
0220aab0
d720bfa0

01618010
ebebaabb
feefefbf
eaefe5ff
2beaab68
3fff2ffc
17d503d4
fddfb3ff
fddfdfff
d757dff7
02028aa0

09410150
ebebabbb
00000400
008a8028
04000100
00020000
c0000143
0015a053
00000000
d7575fe7
02020a60

2b18fb10
c1105113
00000000
00000080
d5005500
ff4af354
2a40aa00
00401104
00000000
02202aa0
d7247fe0

01105050
01105050
00000000
2a002000
00800400
00400000
00000000
d5060800
00000000
02a0baa0
02a0aaa0

01410050
2bebaaf8
2aaaaaa8
2aa2a5e8
00800200
00080014
00400040
d5573917
d5555557
d7d7dff7
02868aa0

2349ab50
2bebabf8
00000000
00a281e8
d3805280
f700f200
2340ab40
00112013
00000000
d7d74ff7
d7825fa0

01105110
01105150
00000000
00000400
00000000
08000140
08000000
00401104
00000000
02a02aa0
02a02aa0

22222220
15555114
01511000
01511000
00150047
00000000
008808a8
02a22000
02a22000
22a28aa8
11000113

3fffff7c
3fffffbc
ffffffff
ffffffff
ffbfffef
00020800
ffffffff
ffffffff
ffffffff
ffffffff
ffffbfff

00000800
eaaaaaab
d5555003
c5555003
2aaaaa28
00000000
d5355547
0aaa0220
0aaa0020
dd5d7557
00510000

08880008
c0000403
d5555447
d55554c7
95005100
00020800
2a00a200
2aeaaab8
2aaaa8a8
00000000
c4001400

00009000
15555154
00000044
10000044
40000400
00000000
00020000
20008888
2000a888
22a28a28
00040044

35556574
3ffffffc
2aaaaea8
2aaaaea8
2abfeaaf
00024820
f5d755ff
d5557557
d5555557
ffffffff
2bbbbbbb

2888aaa8
2aaaaaa8
c0050102
c0010003
ffffffef
266ac8a0
ffdf77ff
000a2220
200a2220
dd5d75d7
d1551557

01511310
00000400
d5555547
d5555447
00400000
06000000
02000000
2aaaaaa8
2aaaaaa8
00000000
02a20620

08880008
15555154
10000044
10000004
91001540
20080080
08082200
22000888
00000808
22a28a28
d0440044

00009880
ffffffff
2aaaaaa8
2aaaaea8
6eaaaaa8
00608000
d5555557
d5555557
d55555d7
ffffffff
00000000

235129b0
eaaaaaab
05105001
05545040
00054047
00004000
002a0028
08a08000
02208000
dd5d75d7
13b31733

2bffabb8
00000400
00400400
00000000
d5055557
0411c810
2aaaa228
00000000
08800000
00000000
d7f71737

15771154
01555154
05400000
00011000
2aaaaab8
04000010
d5555557
00022000
0a800000
00000000
02a2aaa8

0888900c
3bfffffc
ffffffff
d5555547
91001500
00008000
2a00e200
2aaaaaa8
ffffffff
d5555557
c440a000

00000200
2aaaaaa8
c0100003
3aaaabec
6eaaaaa8
00110800
d5d55557
d5555ddf
20000220
d5555557
0004088c

16002240
10000400
00044000
00000400
00150056
00010000
00aa2028
00008000
00280000
00000000
11110113

1ff377dc
c5514517
05105000
00010000
d5155556
00016101
2aaaaa28
00022008
0aa08000
00000000
fd1d9777

01730110
ffffffff
ffffffff
d5155447
2aaaeaa8
00004000
d5151557
2aeaaaa8
ffffffff
d5555557
02a22220

01800008
eaaebaeb
c0000003
10000444
d5001400
00000100
2a008a00
20000880
00000220
d5555557
c4002040

1d4445d4
10000000
00040000
2aaaaaa8
2aaaaba8
00002001
d5555557
d5555557
00080000
2aaaaaa8
282ebeac

00400000
14045044
c5045157
d4044047
04150046
04010100
00aa8028
2808a888
08282008
00100100
c0220000

2a20aa00
fffffbff
efbefbff
d4044157
d5155446
04018111
2aaaaa28
2808aa88
fd7d7d5f
d5555557
d5004500

14044554
2aaaaaa8
00100000
00000110
2aaaaaa8
00000000
d5555557
00000200
00000000
d5457457
28088aa8

14354554
c1510113
00000000
00000000
f928fca8
00008000
3f057b44
00000000
20000800
2aaa8aa8
2a888aa8

3e04ef54
e0200003
d4044547
de056243
2808a888
00000011
15055044
ee82c688
20082888
00000000
3d088ba8

00110000
fffffff7
feaeefef
de8f62eb
29f9bbb8
3e2eedec
15555054
eedfe6df
fd5dfddf
d7b75777
00804400

15d555d4
ca8aaaa3
00000000
008a0028
04004010
08000040
c0000083
00150047
00000000
d5155557
6aaaaaa8

2a80ba80
c0001003
00000000
00000080
d5445110
ff40ffd0
2208a280
00482010
08008000
00000000
d7005500

01400000
1555c554
00004400
0a802200
00400000
00402090
00000000
c4004400
08000000
02a21220
00222000

14044554
2aaaaaa8
a8aeee98
0aaa2228
02800280
00000000
00000000
cc557457
dd5d5d57
d5555157
28088aa8

3e04ef54
28aa2a88
80040010
002a0028
91041100
b700df00
2208a200
00553047
00080000
d5554157
bdaadfa8

01555514
00000000
00000000
00000000
40000000
40000000
00000000
08000010
00000800
00000000
00002000

22725620
00505400
01511000
00000000
00450017
00008050
00aa0028
00000040
02a22000
00a02880
10b13803

2bfa4ba8
2afaeaa8
ffffffff
feaaaaeb
feefbfbf
0140ec50
ffff7fff
d55555d7
ffffffff
d5f55557
d5f55643

00014080
eaebeaab
c1111013
c7555013
28aaaca8
01006c00
95457d17
42b2a200
2a0aaa00
d5d755d7
01420000

09095508
c0415403
d5555557
d5555657
d4001100
00000000
2a000280
2aaaaa88
2a0aaa88
00822880
c4066e00

00d05c40
00105400
14000544
10000444
00000000
00400000
00000000
20000098
00000088
0020a800
00a0a8c0

23724ba0
2abaeaa8
2aeeeaa8
2aaaaaa8
2aafaabf
00000004
ddff5dff
dd5d5d57
d5555557
d5755557
00b15783

2aabcae8
eaabeaab
c1050413
c4050013
ffeffeff
0800ccc4
fffffeef
00000200
000a2000
d5575557
c51755d7

01015500
00015400
d5555557
d5555457
00000000
00000480
00000000
2aaaab88
2aaaaa88
0002a800
0002aa80

08989418
01101550
10000144
10000444
c5405040
0800c840
2200a200
20008808
20000808
022022a0
c2242074

01100510
ebbaafbb
2aaaaaa8
2aaaaaa8
3aaaaea8
00000000
d4555557
d5555557
d5555757
d7755777
07200220

0241a230
ebababfb
04101000
01505000
00050017
00000020
02aa0288
0aa82000
0a208000
d75757f7
02d31123

23ebb3b8
01011110
00404000
00000000
d5455517
00c00820
2aaaaa88
00020080
00800080
020222a0
c6d77737

20b21450
01501550
04504000
00011000
2aaaaaa8
00400800
d4555d57
00020000
0a802000
02a0a2a0
0220a030

01180598
ebfaafbb
feffffff
d5555557
c5405500
00000000
2800a000
2aaaaa88
ffffff7f
d7f55777
c2240624

00410050
2bebabf8
c0000113
3aaaaeec
3aaa2aa8
00800000
d5555557
f5555d5f
00080200
d7d757f7
06824020

23631330
01411110
00040000
00000000
00450047
00000000
008a00a8
00208000
00000000
0282a2a0
0393a273

2aeb9a28
c0411403
01105000
00010000
d5455547
01306360
2aaaaaa8
40120000
0aa02000
0082a880
c5d7b157

01411504
eaebbeaf
ffffffff
d5155457
2aaa6aa8
01206240
95455757
2aaaaa88
ffffff7f
d5d7fd5f
0082aa08

180d1c1c
faefbabf
c0000013
10000044
c4001500
00000020
2a00a800
20000808
00580200
f58ff5ff
e04eb82c

1181d110
10415010
00040000
2eaaaea8
3baaaaa8
00100100
d5755557
d5555557
00008000
2082a0a0
2402a320

04500040
04100400
d5511013
d1111013
00451017
00200000
00aa00a8
28aa0aa8
00aaa288
08201800
18a00080

2f50af84
2ebaaeac
fffbbfbb
d1511053
d5555517
04743280
2aaa88a8
28aa0aa8
ffffffdf
dd755d5f
9da05f88

141404d4
3ebeaabc
00000400
00000040
2aaaaaa8
00100000
d5555557
00000000
28000800
fd7d457f
282808a8

15104110
d4104013
00000100
00400000
ebbacfa8
04000080
3b518910
00000000
02000000
28200020
282002a0

2a01ba00
c1211543
d1511513
d1045753
3eaa0aa8
00443200
15510514
ba087020
2aaa0a08
0302ba80
8702f500

11011100
ebabbfab
fbfbbfbb
d1ae57fb
2bea0368
2ffbe7fc
17d55794
fffd7a7f
ffff5f7f
d717fb57
0202a200

14451010
eb8fbbfb
00000000
00aa0028
04100280
08000000
c000004b
4545081f
00000000
d61fe3f7
128aa020

3941fb10
d1015113
00000000
00000080
d59455c0
f910ff40
2a08aa48
00b00240
00000020
0202a2a0
d682f720

04100040
05708540
00000000
04000200
00000040
00100040
00000000
d0005000
00000048
02a00b80
02200800

05100100
2ffaafa8
0abeeaa8
06aa02a8
00800000
00000000
00000100
dc555057
d55d755f
d2b55f57
02200a00

3c54aa50
dbde2bfb
00044000
02aa00a8
c3845780
e100ff00
2b48ab40
0c550057
00082000
d2bd56b7
c6a85d20

15504110
15504110
00100000
00000000
10000000
10000000
00000000
00000000
00000000
02a002a0
02a00a20

00505410
00505410
01511000
00000000
00510057
00000200
00aa0088
00000000
02a22000
00a02020
00a02020

2aebfe98
2aebfeb8
ffffffff
eaaaaa8b
fffbffff
00002a00
ffffdfff
d5555557
ffffffff
d7577777
d7577777

22a37a00
eaabfaab
c0551513
c4551113
2aaaaa88
00002000
d5515757
0aa62220
02a88020
d7577757
13027313

00105000
c0105003
d4551557
d4551557
c5005500
00000800
2a008020
2aaa2aa8
2aaaa8a8
00a02000
00b52044

09188598
01100510
14000044
10000044
10000000
00000000
00000800
20000008
20002088
00a00020
c4e00420

01012510
2babafb8
2aaaaaa8
2aaaaea8
2afbaaff
00000000
d5ff7ddf
d55d5dd7
dd575d57
d7575777
02130230

2bebaba8
2bebaba8
80051012
c0051013
fdfbf5df
00802800
ffefbfff
00082020
000a2020
d7575757
d7575757

23728320
01500100
d5555457
d7555f77
00000000
00002000
00000020
2abaeaa8
2aaaaaa8
00a00000
05a05103

00505410
00505410
00000444
10000044
c5005500
00000000
2a008200
20000008
20000808
0020a820
0020a820

08c95c98
2aebfeb8
2aaaaaa9
2aaaaea8
3aaaaaa8
00800800
d5555557
d555d5c7
d55557d7
d7d77777
d2c62664

00015a00
eaabfaab
15504000
05504100
00000057
00000800
00aa0888
0aa00a00
0aa08000
d7d77757
02822210

2a3adaa8
c0105003
40000000
00000080
d5415557
00410800
2aaaa8a8
00120000
00000000
0020a800
d575fd57

23320530
01100510
05500000
00055000
2aaaaa28
00000000
d5455547
000aa000
0aa00800
00208820
1131d923

01018510
2babafb8
ffffffef
d5555557
c5005100
00410000
2a00a020
2aaaaaa8
dfffffff
d7d75777
02860264

09490188
2bebaba8
c0000103
3aaaaaec
3aebaea8
00000000
d5555557
d555555f
00000220
d7d75757
c6c20600

01500100
01500100
00000000
00000400
80150057
00880000
02aa0088
00000080
00000000
00208800
00318810

2afaf6a8
c0505403
04104100
00010000
d5555557
82d82400
2aaaaaa8
00120000
0a008200
00a0a800
d5f5fd57

02411230
eaebbabb
ffffefff
d5555557
2aaaaaa8
00002000
d5455557
2aaaaaa8
ffffffff
d5d7fd77
1082f823

28230110
eaababbb
c1000013
10400044
45005100
00400400
2800aa20
20800808
00102020
d5c75d77
00c60964

0098e188
c0104103
00000000
2aaeaea8
3aeaaea8
82100000
d5555557
d57555d7
00080000
00a00800
c5a00c00

00501400
00501400
d4555057
d515155f
00514047
00000000
02aa00a8
2aaa28a8
2aaaa8a8
0020a000
1020a000

2a41ba30
2a63bab8
fefffeff
d5151557
d5515547
02004310
2aaaa2a8
2aaa2aa8
fffffdff
d513f577
d502b520

00018110
ea23abbb
00000400
00000000
2aaaaaa0
00000100
d5555557
00000000
00100000
d5035577
00020020

00100100
00100100
00000000
00000000
efaa36a8
00004210
3d55b354
00000200
00000000
00200000
00200000

2b107e20
c110d603
d4451457
ff551d77
3aaa2ba8
02000000
15555154
eea89a88
2a8a2888
0220bb00
c720bf00

01011010
ebabbabb
ffffbfff
ffffbfff
2bea2be8
3ffff3fc
17d557d4
eeffdbdf
ffffffff
d757fff7
0202aaa0

01410110
ebeb29bb
00000000
00aa0288
00810000
00000000
c0000003
00450157
00008000
d7574ef7
12020aa0

2b50eb20
c1504103
01100100
0000a000
d5155500
ff04ff20
2a00aa20
00124000
00200220
02200a00
d7205f10

01101400
21103400
00010000
2a000820
02140200
00040020
02000000
c4001010
00000000
02a0e210
02a0a200

01011010
2b8bb2b8
2eabaa28
2baa2aa8
00000000
00000000
01400000
c4551157
d5555513
d6d7e7f7
0282a2a0

2b41ab30
0bcb8338
04000000
01aa0288
c7805780
ff00ff00
2940ab60
00510147
00000000
d6d707a3
c78257a0

01500100
01500100
00000000
00002000
10000000
00000000
00000000
00040000
00000000
02a00200
02a00210

02000200
00000000
01511000
01511000
00550057
00000000
008a0088
02a22000
02a22000
00000000
00000000

3ffffffc
2aaaaaa8
ffffffff
ffffffff
fffffbff
00000400
ffdfffdf
ffffffff
ffffffff
d5555557
effffebb

2022a800
eaaaaaab
c5155103
c5554413
2a8aaa88
00000400
d5555557
0a2a0220
0a288820
d5555557
00511013

00800000
c0000003
d5555517
d5755577
d5005100
00000000
2a00aa00
2a2a0aa8
2a288aa8
00000000
05000000

080800a8
15555554
10000404
10000044
00000000
00000000
00000000
20000888
20000088
02a22220
c0044400

15555d74
2aaaaaa8
2aeaaab8
2aaabba8
3affeebf
00000104
d5d755df
d5555557
d5555757
d5555557
2aaaaaa8

2aaaaaa8
eaaaaaab
c4051413
c4051013
ffffffff
1008c504
ffdfffdf
00880200
00082220
d5555557
d5555557

23731310
15555554
d5555457
d5555557
00000100
00000000
00000000
2aa8aaa8
2aa8aaa8
02a22220
12b37333

00002000
14044444
00000044
10000044
c5001000
00088400
0a08aa00
20000888
20000888
00000000
00400000

08888088
ffffffff
2aaaaaa8
2aaaafa8
2aaaaae8
10004000
f5555557
d5755557
d5d55557
ffffffff
c5040444

23511310
eaaaaaab
01504000
01504000
00550047
00400000
20080008
0a00a000
0a208000
d5555557
02a22620

2aa2bbb8
01511110
10000000
00000000
d5555557
21c20090
2aaaaa08
00000020
00000000
00000000
fd5df777

15e23174
00001554
01500100
04055000
2baaaaa8
01800000
d5555557
00020000
02a0a000
00000000
3b88bb3b

09408800
fbeeffff
ffffffff
d5555557
d4005510
00020090
0a00aa00
2aaaaaa8
ffffffff
ffffffff
02804808

000000cc
2beeeaa8
c0000003
3aaaaaec
2aaaaaa8
20000000
d5f75557
f55555df
00000220
d5555557
c4550044

16000220
10000000
00000010
00000400
00551057
00000000
008a2088
80000800
08080000
00000000
00400000

3ffb3bfc
d5555157
00004100
04050000
d4555557
0310b200
2a8a2a88
00020200
0880a000
00000000
fd5d9377

21733110
ffffffff
feffffff
d5355557
2e8aaaa8
03008200
55555557
2aaaaaa8
ffffffff
d5555557
13b33333

00801000
eaaaaeab
c0001011
10000044
d0004500
00002000
08000a00
20000888
00000020
d5555557
00220000

1c1d5ddc
00000000
00000000
2abaaeaa
2aaaaaa8
00101000
f7555557
d5755557
02080000
00000000
eeae8aec

20310000
15555154
d4044047
d4044447
00550047
04000400
008a0088
28a88888
28882088
00002aa8
00800000

2a20aa00
3ffffffc
feaeefef
d4444447
d1555557
04001410
2a8aaa88
28a88888
fddffddf
dfddffff
d7005500

14044554
2aaaaea8
00000100
00400000
2aaaaaa8
00001000
d5555557
00000000
00020000
dfdd9557
28088aa8

15554554
c0000003
00000400
00000000
f9aaed98
00000010
1e44ef44
00000000
0000c800
00000000
2aaa8aa8

0a00aa00
d5555157
d4044547
fe345647
282abaa8
00000000
35055444
f90ad288
28088888
00003ab8
fd08dfa8

00000000
ffffffff
feaeefef
ffbfd7ff
2bdbbbb8
3daccdec
15144454
fbdfffff
7d5ddddf
deddffff
02800000

35555554
eaaaaeab
00000000
018b8198
01000000
04000000
c0000083
02d52177
00000000
5eddc547
2a88aaa8

2b08aa00
c0000003
00000000
00000020
d5105500
fd24ff20
2aa02a80
00000c00
00000000
00000000
d5017500

00511000
09555954
00000000
2a080200
00000000
00200020
00200000
d1005000
00000000
00006aa8
00010000

1c044554
3ddffdfc
2aaaeaa8
2aae82a8
02900280
00040000
00000000
d3555557
d555d557
de8dfffd
28088aa8

1644ef54
f48aa4ab
00004000
00a68088
d4005500
d900ff00
0a802a00
02540157
00000000
de8d9555
ffaadfa8

015d5554
00000000
00000000
00000020
00000000
20000000
20000000
00010400
00008000
00000000
28088aa8

22707620
00505400
01511000
00000000
00010000
00000000
00000000
00000000
02a22000
00a02800
04a02913

2af8fea8
2afafea8
ffffffff
feaaaa8b
ffffffff
00000000
fffdffff
d5555557
ffffffff
d5757557
d5603757

01104500
eafaeeab
c5455117
c1254517
2edeaadf
00000000
95ed55ff
021a2220
0a8a2220
d5f55557
00a00000

0918cd88
c0504403
d5555557
d5554557
10000000
00000000
00000000
6aaaaaa0
2aaaaaa0
00208800
d1209e44

00d05410
00105410
10100440
10100040
c1005500
00000000
2a00aa00
20208800
20208080
02202220
00e02020

22707430
2abafeb8
2aaaaaa8
2eeaaaa8
2aaaaaa8
00000000
d5555557
ddd555d7
d5555d57
d7f57777
04202333

2bb8efb8
2abaeeb8
c0440517
c0c40117
ff4dffff
00017080
feefffff
01802220
0080a228
d7755777
d5f10577

01104710
00104410
d5555557
d5775557
00400057
00005080
00aa2820
2ab8aaa0
2aaaaaa8
02a08220
01318220

08091888
01011100
10100040
10100440
00000a80
00010000
00004400
20200880
20200880
00822800
d2422c44

00819000
ebabbbab
2aaaaaa8
2aaaaaa8
ffaf7fa8
00002000
ff55d7df
d55dd557
d5555557
d5577557
02822200

21410320
ebababeb
05015000
05015000
00010000
00000000
00000000
0a000000
0a0a0000
d5d75557
13131113

2beba3a0
01010140
00000000
00000000
d5555557
00001000
2aa8aaa8
00000000
00000000
00028800
d7d7df57

02013010
01411110
05011000
00244000
2ade207f
00001000
d5ed11bf
00102840
0a028000
02022220
02022020

08ab1090
2bebbbb8
ffffffff
d5555557
00000000
00000000
00000000
2aa2a820
ffffffff
d7d77777
c6c66264

01418110
2bebabf8
c0400117
3abaaae8
ffaaffa8
00000000
ff55ff57
f5755557
00800020
d7575777
02020420

21430330
01410150
00000000
00000420
00010000
00200000
00000000
00000000
00000000
02828220
13939333

2aeb9228
c0411003
05055000
00000000
d4555557
44280000
2a2aaaa8
00100000
0a820000
0082a800
d5d7fd57

00c11004
ea6bbaaf
ffffffff
d5555557
2afeeadf
00000000
956755ff
6aaaaa80
ffffffff
d557fd5f
0002aa08

1918010c
fa7aaaaf
c0400117
10000440
00000000
44080000
00002000
20200880
00000200
f5f5dd5f
e4e4cc4c

13308500
10500400
00000000
2abaaa28
feaabfa8
00000000
ff5ddf57
d5555557
0008a000
20208800
20208a00

2a41fa10
00015010
c5115113
e5115513
00000040
00000400
08000000
2a2a2aa4
2a2aaaa0
0202a220
9182f530

2a6fbabc
eaa7babf
efbbffbb
c5115513
d5555157
08010540
2aaaaaa8
2a2a2aa0
ff7fffff
d7dff77f
b54ef77f

01140114
2ab6aabc
00000400
00000000
0afeba2f
00010100
95bf55fb
40400000
00100008
d76dc77f
28a88028

013a45b8
c0104413
00000000
00000000
2aaa22a8
00000000
05555554
00000000
00001000
22a08220
24648267

04011000
c5091103
c5115513
ff3b5ff3
ffab6bb8
08000040
3351bb50
9f62fbf7
2a2a2aa0
08822800
0a022800

04011000
efab9bab
efbbffbb
ffbb7ff3
2bea23e8
3bffb3fc
03d55394
ff7bfbf7
ff7f7ff7
dd537d57
0a822a00

3f50a300
ffb28beb
00000000
00002000
01010100
00012801
c0002203
60090000
00000000
fdf15d57
ff244d10

3ffaaf88
d5100543
00000000
00800000
d7c55757
ffffffff
2a8aaaa8
00100000
00000000
28200800
ffe55f57

00015010
01415110
00000000
2a2b0a81
00000000
00300000
00400000
d5415157
00000000
0a022220
0a022020

00af1818
2befbb98
2bababa8
2a2b2aa1
04441057
008e80ee
008a08a8
d551d957
d5555757
dfcf7777
0acb3267

01540110
2bfeabd8
00000000
00002020
02800280
00400000
01400140
00108000
00000000
f76d5777
2a280020

01504590
01504550
01010100
00000000
d0004400
ff005710
2a008000
00000800
00000200
2aa00220
2aa00220

22611230
00411010
01111000
00000000
01000000
01000000
00000000
00000000
02222000
00022020
11022133

2ae99ab8
2aebbab8
ffffffff
eaaaaaaf
ffbfffff
01000000
ffffffff
d555555f
ffffffff
d5577577
d5577577

01411010
ebebbabb
c4451517
c0051117
2abfaaff
00000000
d5af65ff
0a18b220
0a8aa220
d5577577
00177420

09c99898
c1411013
d5555557
d5555557
00000000
00000000
00000000
2aeaaaa0
2aaaaaa0
00022020
c4422064

00101000
00101000
10104040
10100440
d4005500
00000000
2a008a00
20200880
20200880
00202000
00202000

22301220
2ababaa8
2baaaaa8
2feaeaa8
2aaaaaa8
00000000
d7575557
d5d75557
d5555557
d5757557
10202113

2bb89aa8
2bbabaa8
c0400117
c0080117
ff97ffdf
22800040
ffffffef
00800210
00800220
d5757557
d5757517

01101000
01101000
d5555557
d5744577
00150017
20000040
202800a8
2aaaaaa0
2aaaaaa0
00202000
04242000

08898998
00010110
10100440
10100440
00002200
00800000
04014400
20000880
20200080
02020020
c3135424

00010110
2aababb8
2aaaaaa8
2aaaaaa8
ffaa7fe8
02000000
ddd5ef57
d55d5577
d5555557
d7575577
02420020

01032330
ebababbb
05055000
05444000
01000000
01000000
00000000
0a22a000
080aa000
d7575577
12131133

0bababb8
c1010113
00000000
00000000
d5555557
01200000
2aaaaa88
00000000
02000800
02020020
d6575577

00d00180
00500100
01041000
00000000
2aff08ff
00000000
d19e01df
00408000
0a0a0000
02200000
02200000

02788908
2afaaba8
ffffffff
d5555557
00000000
00200000
20000000
2aaaa8a8
ffffffff
d7755557
c6640044

09500100
2bfaaba8
c0404517
3abaaae8
feaaffa8
00000000
df75ff57
f5755dd7
00800028
d7755557
02204400

01500320
01500100
04010000
00000000
04405000
00000000
08020000
00002000
00000000
02200000
12311113

287abab8
c0501013
05054000
00000000
d5555557
8c84c100
2aaa2aa8
00000000
080a2000
00202220
d4757777

00400198
eaeaabbb
ffffffff
d5755557
2a9baaff
00008000
d57d55ff
2aaaaaa0
ffffffff
d5555777
00000020

2908a900
ebaaabab
c0400117
10100440
00000000
80844100
00000000
20200880
00800220
d5555557
c4440044

01321000
c1101003
00001000
2aaaaaa8
f9aeafa8
0c000000
f7d57f57
d5555557
02008000
00202200
00206400

2210b810
00101010
d5551157
d5555557
00000000
00000000
00020000
2aaa2aa8
2aaaaaa0
00202220
d5206520

2aa2abb8
2aaaabb8
ffffbbff
d5555557
d1155557
07800000
2aaaaaa8
2aaaaaa8
ffffffff
d55557f7
d51545f7

09400100
ebeaabab
00000000
00000000
28bfaaff
06000000
d57d55ff
00000000
00000000
d55555d7
00000080

01f210a8
01501000
00000000
00000000
2baaaaa8
01800000
15555554
00008000
00000008
00202000
00352057

00511010
c051901b
d5555557
f3d3fdf7
faaaffa8
00000000
3fd5ff54
ffbfab7f
2aaaaaa8
02222220
02222220

00410310
eaebabbb
ffffffff
fbdbfff7
2beaabe8
3ffffffc
17d557d4
ffffbbff
ffffffff
d7575777
02020220

2b01ab00
ebab2ba3
00000000
00000200
02400000
00842300
c8080003
00401000
00000000
d7575757
d3025100

2b99baa8
c1111003
00000000
08080000
d1555557
ffadffff
2aa8aba8
00000080
00000000
02222200
d7777547

00111010
00113010
00000000
2a8ca8a0
00800000
00000000
00400000
d5953147
00000000
02222220
02222220

008901b8
2aababb8
2eeaaaa8
2aaebba0
00950457
002910ff
00a000a8
d5953157
d5555557
d75757f7
065704e7

01410100
2beb8ba8
00000000
00021200
02800280
00000000
01400140
00000000
00000000
d75755d7
02020080

01511000
01511000
04400000
00200100
d1005100
ff00cc00
2200aa00
00000010
00000000
02222200
02222000

00020000
15555554
01111000
01111000
00100000
00000000
20000000
02222000
02222000
288002a8
00000000

3ffffffc
3ffffffc
ffffffff
ffffffff
ffffffff
00000000
ffffffff
ffffffff
ffffffff
fffff7ff
ffefffff

20202220
eaaaaaab
c5454107
85454117
0aefaaff
00000000
d56f55ff
2a888028
0a8aa028
d75ff557
11010013

00000000
c0000003
d5554547
f5555557
00000000
00000000
00800000
2abaa8a8
2aaaa8a8
00200000
00045440

0a888888
15555554
10100440
10101440
d5005500
00000000
0a00aa00
00000880
20000880
288002a8
c4400104

15575554
3ffffffc
2aaaaaa8
6aaaaaa8
3aaaaaa8
00000000
d5d55577
d5777557
d5755557
fffff7ff
2aaaaaa8

2aaaaaa8
2aaaaaa8
40404107
c0405107
ffefffff
10018120
feeffeff
039081a8
02800028
d75ff557
c5555457

23713334
00000000
d5555547
d5555547
00440057
00008100
002a0088
2aaaa8a8
2aaaa8a8
00200000
03b3323b

00000004
15555554
10100440
10100440
20000200
00010000
00408010
20000800
20000880
288002a8
04000008

08888888
ffffffff
aaaaaaa8
2aaaaaa8
efabffa8
10000020
ff557f57
d5755557
d5755557
fffff7ff
c0444444

01d31110
eaaaaaab
05051000
05050000
01100000
00000000
02000220
08022000
080aa000
d75ff557
02a23220

2aeeef9c
00000000
00000000
00000800
d5555557
03012200
2aaaaaa8
00084000
00000000
00200000
d5d5577f

35757754
01555454
05445000
00000000
0aeea0ff
02000000
d53f15cf
0a008000
000a2000
00000000
13b32bbb

03011040
3ffffefc
ffffffff
d5555557
00000000
00012200
00802000
2aaaaaa8
fffff7ff
d5555557
02066440

08188888
2aaaaaa8
40000107
3abaaee8
feabffa8
01000000
fd55dd57
d57555d7
20800228
d5555557
c4600884

34000020
14000000
00010000
80000010
00000000
00000000
00800020
80000000
00000000
00000000
00101000

3ffb3ffc
c0400157
05051000
00024000
d4555557
08000800
2aaaaaa8
02008000
080a2000
00000000
fddcd77f

03733110
fffffbff
ffffffff
d5555547
2afdeaff
08000800
5d7f55df
2aaaa8a8
ffffffff
d5555557
13a22323

08110200
ffaffaab
c0400107
10100440
20000000
00000000
02000800
20000880
00800028
d5555557
00044440

15dd5ddc
00100000
00000000
2aaaaaa8
feaabfa8
00000000
f555f757
d5755557
00000000
2aaaaaa8
eceaaabc

2a08ba00
14444440
d4044447
d4045447
00100000
00000000
00000020
28028808
08088808
00000000
d5825500

2beaaa88
fffffefb
feaefeff
d4045447
d5555457
08000000
2aaaaaa8
280a8aa8
fd5ddfdf
d5555557
d5657557

14044554
2aaaaaa8
00001010
00000000
0aefaaff
08000000
ddff15df
00004220
00000200
d5551557
28088aa8

143745dc
c1111013
00000000
00000000
28aa8aa0
00000000
15554550
00080080
20004080
2aaaaaa8
28cd8aff

14c44554
e8000803
d4040447
dcfe6c4f
ff8afc80
00000000
3645fe40
ff2dafef
28888888
00004000
28888aa8

00000000
ffffffff
feaeaeef
ddfe6d6f
29d9b9b4
3c0fddf0
14445550
ff3fafef
fddddddf
d777757f
02002000

3755ef54
c2aaa2ab
00000000
01000120
00000000
00800000
c0800003
00120000
00000000
d555155f
ff88ffa8

2b3aaa88
c0000003
00000000
00000000
d5555557
ffefffdf
2aa2aa88
00000000
00000000
00000000
d5555557

00010000
15755554
00000000
082a2808
00000000
00000000
00000000
d5150547
00880000
82232020
00000010

146e45dc
2aaaaaa8
2aaaaaa8
88aa2828
02d502d7
806f00df
00220088
d5950d57
d5dd5557
d5555557
28dd8aef

14554554
2a8aaaa8
00000000
80800020
00000000
02000800
02000000
00000800
00000000
55545557
28aa8aa8

09555554
00000000
00000000
00000000
d5005500
7d00f700
2800aa00
00800010
00000000
00000000
00000000

20321020
00101000
01111000
00000000
00010100
00000000
00800000
00000000
02222000
00a02000
00a02000

2aabbab8
2aabbab8
ffffffff
deaaaaa7
ffffefff
00001100
ffffffff
d555555f
ffffffff
d7d77577
c7537477

02013210
eaabbabb
c5415017
d4615417
0adeaaf7
00001100
d57b45ff
0a8e3208
0a8aa228
d5d77577
00933233

08101000
c0101003
d5515457
d5515457
00000000
00000000
00000800
2aaa2aa8
2aaaaaa8
02a02000
02202200

00989888
00101000
10100440
00100040
d5004400
00000000
2a00a200
30200880
20200800
00202000
c5606444

20011010
2aabbab8
2aaaaaa8
2baaaaa8
3aaaaba8
00000000
d5555557
d5555577
d55555d7
d7577577
03822020

2a2bbab8
2aabbaf8
c0410017
c04c4017
fff3ffff
10851100
efeeffff
00810228
00888228
d5577577
d5567777

02323220
00101040
d5555457
d5555457
00500057
00001000
002a0028
2abaaaa8
2aaaaaa8
02202000
12b03313

09100000
01100000
10100040
10100440
00080000
10810100
00000090
20208800
20200800
00200200
04a00000

01098898
ebabaabb
2aaaaaa8
2aaaaaa8
efabfea8
00040000
ffd5ff57
d55555d3
d55555d7
d7575777
c2464464

01030030
ebabaabb
05045000
05011008
04040000
00000000
00000008
0a082000
0a022000
d5575777
00820220

2bbaa228
01100000
00000400
00000000
d5455557
04815080
2aaaaaa8
00060000
00000000
02200200
d7754757

23102000
01100000
05141000
00014000
2ae2aaf7
00005000
d57b5563
00000000
0a022000
00a00200
11310113

01010210
2babaab8
ffffffff
d5555457
00008400
00810080
00000800
2aaaaaa8
ffffffff
d7d75777
06820020

09a98018
2babaaf8
d0400007
2aaaaef8
fbabfba8
04000000
ffd5f7d7
f5755d53
00800228
d5d75777
c0464664

21320020
01100040
00000000
00000000
00010000
00000000
00a00000
80000080
00088000
02a00200
03a01300

2ababaa8
c0101003
05041000
00000400
d5555557
00000800
2aaaaaa8
00080000
0a02a000
00a02000
d5f57557

02102600
eabaaeab
ffffffff
d5555457
2afe2aff
00000000
555f55fb
2aaaaaa8
ffffffff
d7f45d57
12710813

08914410
eabbeebb
c0400017
10100040
00000000
00000800
00000000
20200a00
00841028
d5f2cd77
04a28a20

00199898
00111010
00004000
2aabaaa8
ffaaffa8
00000000
ff55bf57
d55555d7
00000000
02a22020
c2266664

2a003200
00001000
d1551417
c1500137
00010000
00000000
02000000
2aaaa8a8
2aaaaaa8
00102000
d5006500

2aa2aaa0
eaaaaaab
fbffbfbf
c1511117
d5455557
02080000
2aaaaaa8
2aaaaaa8
ffffffff
d7545557
f7c44557

00014010
2aabeaf8
00000000
00000000
2aeeaadf
00000000
d5f715bf
00000040
00045000
d5428577
08028220

00a390b0
c0011053
00000100
00011000
2aaaaaa8
00080000
01515d54
00000200
00000000
02022020
02c62277

15101800
d5101003
c1511157
eee36bb7
ffaaffa8
02000000
2959f714
edc02a7f
2aaa8288
28206200
28a02000

01140400
ebbe2cab
ebfbbbff
eeebebbf
2beaabe8
3fffbbfc
13d517d4
efdbbeff
fffffffd
ff7d5f57
2a280800

2b1de610
ebbf6cbb
00000000
00000008
00104000
00004000
c2008003
00089480
00000800
fd7f9f75
fdaadf20

3f1bbab8
d5111013
00000000
00088000
d5505457
df7effff
2aaaaaa8
02130000
00002020
2a222220
ff737777

15001000
15001000
00100100
2a022aa8
00000000
10100000
00000000
c5401057
00000001
38802200
28002000

010600a8
2baea8a8
2abaeba8
2aa2baa8
00400057
006e00ff
002200a8
c5441457
d755f555
dfdd5357
2ad90057

01054810
2bafe8f8
00000000
00a01000
02800680
00000800
01c00940
00040400
00002000
e5dfd374
280a8220

15011010
15011050
00004000
00008000
d5001000
cf00b700
28082200
00000000
02008000
2a822220
2a822220

22120210
00100010
00001000
00000000
00000000
00002000
00000000
00000000
00002000
00200020
11311133

2aba9ab8
2ababab8
ffffffff
faaaaaef
ffffffff
00002000
ffffdfff
f55555df
ffffffff
d5757577
d5757577

00001000
eaaabaab
d0110057
d0110057
2afdaaff
00000000
d5ff45bf
222210a8
222200a8
d5557557
00002000

08088888
c0000003
d0110057
d0170057
00000000
00000000
00000000
222200e8
22a220a8
00000000
c4400044

00b10030
00110010
00000000
00040000
d5005500
00000000
2a008a00
00000000
00800000
00220020
00264420

22331230
2abbbab8
2aaaaaa8
2aaaaaa8
2aaabaa8
00000000
d5555557
d5555557
d5557557
d5777577
11333033

2aab9aa8
2aabbaa8
d1110057
d0110057
ffffffff
00000000
ffffffff
222200a8
222200a8
d5577557
d5577557

00010000
00010000
d1150057
d0110057
00550057
00000000
00aa00a8
222200a8
222200a8
00020000
00020100

09188898
01100010
00040000
00000000
00000000
00000000
00000000
00000000
00000000
00200020
c0244464

01901010
2bbabab8
2aaaaaa8
2aaaaaa8
ffaaefa8
00000000
ff55ff57
d5555557
d5555557
d5757577
04602020

23201220
ebaabaab
00000000
00000000
04001000
04002a00
00000200
00000000
00000000
d5557557
11112113

2baa8aa8
c1000003
00000000
00000000
d5555557
04002a00
2aaa82a8
00000000
00000000
00000000
d5554557

01110010
01110010
00000000
00200000
2adfaaff
00000000
d5ff55ff
00000000
00000000
00220020
00220020

09199898
2bbbbab8
ffffffff
d0150057
00000000
00000000
00000000
222220a8
ffffffff
d5777577
c4622064

01831000
2babbaa8
d0110057
2aaeaaa8
fbaaefa8
00000000
ff55d557
d5555557
222220a8
d5577557
00066400

23232020
01010000
00000000
00000000
00010100
00211100
00200000
00000000
00000000
00020000
11131113

2aabaaa8
c0010003
00000000
10000000
d5554557
00211100
2aaaaaa8
00000000
00000000
00020000
d5575557

00010a00
eaabaaab
ffffffff
d0154057
2afeaaff
00000000
d5df55ff
222200a8
ffffffff
d5575557
00020000

00888088
eaaaaaab
c0110017
00040000
00000000
00000000
00000000
00000000
222200a8
d5555757
c4400044

08000000
c0000003
00004000
2aaaaae8
ffaaeea8
00000000
ff55ff57
d5555557
00000000
00000200
00044600

2b11ba00
01111000
d4555557
d5d54557
00100000
01100000
00000800
2aaaaaa8
2aaa8aa8
00a22000
d5a27500

2bb9baa8
2bbbbaa8
feffffff
d5554557
d4555557
01100800
2aaaaaa8
aaaaaaac
ffffffff
d5f77517
d5777557

01101000
ebbabaab
00000000
00008000
2a6f2aff
00000800
55ff55fb
00000000
00000000
d5757517
00202000

01b810a8
01101000
00000000
00000000
2aaaaaa8
00000000
15555554
00000000
00002000
00a02200
00f52257

00010000
c0012003
d5555557
fffdd7ff
feaaffa8
00000000
3f55f754
feffdfff
2a8aaaa8
00020000
00020000

00010000
eaabaaab
ffffffff
ffffd7ff
2beaabe8
3ffffffc
17d557d4
feffdfff
ffffffff
d5571557
00020000

2a00aa00
eaaa8aab
00000000
00020000
00000480
00000000
c0200043
00000000
00000000
d5551757
d5005500

2aaaaaa8
c0000003
00000000
00000000
d55555d7
ffffffff
2aaaaae8
00000000
00200000
00000200
d5555717

01111000
01111000
00000000
2aaa82a8
00000000
00000000
01000000
d4555517
00200000
00a22000
00a22000

01bb10a8
2bbbbaa8
2aaaaea8
2aaa82a8
02550057
00ff00ff
008a00a8
d4555557
d5755557
c5f73557
00772017

01101000
2bbabaa8
00000000
00000000
02800080
00000000
01400040
00000040
00000000
c5f53757
00202000

01101000
01101000
00000400
00000000
d5005100
ff00ff00
2a00aa00
00000000
00000000
00a02200
00a02200

22220220
00000000
00001000
00001000
00000000
00000000
00000000
00002000
00002000
00000000
11111013

3fffdffc
2aaaaaa8
ffffffff
ffffffff
ffffffff
00000000
ffffdfff
ffffffff
ffffffff
d5555557
fbffffff

00000000
eaaaaaab
d1110057
d1110057
2affaaff
00000000
d1ff55ff
260200a8
222200a8
d5555557
00000100

08888888
c0000003
d1110057
d1510057
00000000
00000000
00000000
220200a8
222202a8
00000000
c0044444

00000000
15555554
00000000
00400000
d5005500
00000000
2a008a00
00000000
00000000
20202088
00400000

37755774
2aaaaaa8
2aaaaaa8
2aaaa2a8
2eaaaaa8
00080000
d55d5557
d5555557
d5555757
f55555df
3bbbbbbb

2aaa8aa8
eaaaaaab
d1110057
d1112057
ffffd7ff
00080000
ffffffff
220200a8
220200a8
d5555557
d5555557

11111044
15555554
d1510457
d1510057
00550057
00000000
00a200a8
220200a8
220200a8
00202000
222220a8

188888cc
05554510
00400000
00400000
00000000
00000000
00000000
00000000
00000000
00000000
e44444cc

00020000
efffffbb
2aaaaaa8
2aaaaaa8
fbaaffa8
00000000
ff55ff57
d5555557
d5555557
ffffffff
00000000

23331020
eaaaaaab
00000400
00000000
00400000
08400000
08000000
00000000
00000000
d5555557
13332133

3bb39afc
00001000
00000000
00000000
d5555557
08400000
2aaa8aa8
00000000
00000000
00000000
ff7775ff

1dd11154
11155454
00000000
00000000
2abfaaff
00000000
d5ff55ff
00000000
00000000
00000000
2a2aa8a8

00000a88
ffffffff
ffffffff
d1510057
00000000
00000000
00000000
220200a8
ffffffff
ffffffff
c4445c44

00008000
2aeaaba8
d1110057
2aeaaaa8
ffaaffa8
00000000
f755df57
d5555557
220200a8
d5555557
00088000

24422320
04000000
00000000
00000000
00000000
04000000
00000000
00000000
00000000
00000000
10111113

3ffbbffc
d5555457
01000000
00000000
d1555557
04004000
2aaaa2a8
00000000
00000000
00000000
ffffd5ff

03111010
fffffeff
ffffffff
d1510057
2affeaff
00004000
d5ff55ff
220220a8
ffffffff
d5555557
02222020

08888888
eaaaaaab
d0110017
00400040
00000000
00000000
00000000
00000000
220220a8
d5555557
c5446444

15755554
00000000
00000000
2aaaaaa8
fbaabfa8
00000000
ff55f757
d5555557
00000000
00000000
28aaaaa8

2a01aa00
15555454
d5554557
d4454557
00000000
04000400
00000000
2a8a8aa8
2aaaaaa8
22aaaaa8
d5205500

2bbabaa8
3ffffefc
ffffefff
d5554557
d1555157
04004400
2aaaaaa8
2a8a8aa8
ffffffff
f7ffffff
d5575557

14444554
2aaaaaa8
00000000
01100000
2affeaff
00004000
d5ff55ff
00000000
04000000
d1555557
28888aa8

15ee55fc
c0000003
00000000
00000000
0aaaaa20
00000000
04554500
00000000
00000000
00000000
2affaaff

00000000
d5555457
d5554547
ffdedfff
d9889b00
00000000
2f54ef00
feddfbff
2a8a8aa8
22aaaaa8
2aaa8aa8

00000000
fffffeff
ffffefff
ffdfdfff
1bbb9a74
0fffdf20
05454500
fedffbff
ffdfdfff
f7ffffbf
00000000

3f55ff54
eaaaaaab
00000010
00010000
00000000
00000000
c0000003
00020000
00000000
d5555517
ffaadfa8

2aaabaa8
c0000003
00000000
00000000
d5555557
ffffffff
2aaaaaa8
00000000
00000000
00000000
d5555557

00000000
11155554
00000000
2a8a8aa8
00000000
00000000
00000000
d4555157
00000000
22aaaaa8
00000000

15ff45fc
3fffdffc
2aaaaaa8
2a8a8aa8
03d502d7
00ff00ff
00aa00a8
d4555157
d5555557
f6ffffff
2aff8aff

15554554
eeea8aab
00000000
00000000
00000080
00000000
00000000
00000000
00000000
d4555557
2aaa8aa8

11155454
00000000
00000000
00000000
d4005500
ff00ff00
2a00aa00
00000000
00000000
00000000
2aaa8aa8

00003000
00001000
00001000
00000000
00100010
00000000
00000080
00000000
00002000
00002000
00002000

2aaabaa8
2aaabba8
ffffffff
feeaabef
ffffffff
00000000
ffffffff
f55555df
ffffffff
d5557557
d5557557

22221220
eaaabaab
d5555557
d5151557
2ae7aaef
00000000
d5ff557f
2a2aa8a8
282a28a8
d5557557
15113113

00001000
c0001003
d5555557
d55d5557
00000000
00000000
00000800
2aaaaaa8
2aaaaaa8
00002000
00402000

08889888
00401000
00000000
00404000
d5005500
00000000
2a00a200
00800200
02800200
00002000
c2046444

00003200
2aeabba8
2aaaaaa8
2aaaaaa8
2abaaab8
00800000
d55555d7
d5555557
d555d557
d5557557
02003000

2aaabaa8
2aaabaa8
d5151557
d5151557
ffffffff
00800000
ff7fffff
2aaaaaa8
2a2aa8a8
d5557557
d7557557

22221020
00001000
d5555557
d5555557
00450047
00000000
002a0028
2aaaaaa8
2aaaaaa8
00002000
13112113

00000000
00000000
00404000
00404000
00000000
00000000
00000800
00000000
00800200
02000000
04400000

08888888
eaaaabab
2aaaaaa8
2aaaaaa8
ffaaffa8
00000000
ff55f757
d5555557
d5555557
d7555557
c0044444

00000000
eaaaaaab
00000000
00000000
00100010
00000000
00000280
00000000
00000000
d7555557
00001000

2a2aaaa8
00000000
00000000
00000000
d5555557
00000300
2aaaaaa8
00000000
00000000
02000000
d5555557

22002820
00400000
00000000
00000020
2aefaacf
00000100
d5ff557f
00000000
00000000
02000000
13110113

00220000
2aeaaba8
ffffffff
d5554557
00000000
00000200
00000000
2aaaaaa8
ffffffff
d7555557
02000000

08088288
2aaaaaa8
d5554557
2aaaaaa8
ffaaffa8
00000000
ff55fd57
d5f55757
220aa888
d7555557
c6444444

00002200
00000000
00000000
00000000
00100010
00080000
00000080
00000000
08000020
02000000
02001000

2aaabaa8
c0001003
00000000
00000000
d5555557
00880000
2aa2aaa8
00000000
00000000
00002000
d5557557

22221420
eaaabfab
ffffffff
d5555557
2aefaaef
00000000
d577557f
2aaaaaa8
ffffffff
d5557d57
11112913

00000000
eaaaaaab
d5151557
00404000
00000000
00800000
00000800
00800200
2a2a28a8
d5555557
04400000

08888888
00400100
00000000
2aaaaaa8
ffaaffa8
00000000
ffd5f757
d555d557
00000000
00000000
c0044444

2e00b200
04401000
d1514057
d1150057
00000010
02080000
02000000
222200a8
222200a8
08002000
df007500

2aa6fe28
eaeeffab
fbfbeaff
d1150057
d5555557
03880000
2aa2aaa8
222200a8
f7f757ff
dd5dfd57
df4dfd47

00044000
2aeeeba8
00000000
00000000
2affaaef
01000000
d57755fb
00000004
00800200
dd5dd557
0a088000

04a20028
c4400103
00000000
00000000
2aaaaaa8
00800000
15515d54
00000000
00000000
08000000
0a450047

00001800
c8001003
d1110057
fb33a86f
ffaaffa8
00000000
3dd1b754
f72715ef
222200a8
02003000
00002000

00001400
eaaabfab
fbbbaaff
fb3ba8ef
2beaabe8
3bfffefc
17d152d4
f73795ff
fff755ff
d7557d57
00002800

2a00a200
e2aaaaab
00000000
00080080
00000080
00000000
c0000043
00108010
08800000
d7554557
dd005500

2aaaaa28
c0000103
00000000
00000000
d54555c7
ffefff6f
2aaaab68
00000000
00000000
02000000
d5555557

04001000
04601020
00000000
2a2aa828
00000000
00000000
00000100
d5151557
00000000
0a406000
0a002000

00ae5428
2aee7fa8
2aaaaaa8
2a2aa8a8
00450047
00ef006f
00ea0128
d5151557
d5555557
df5dfd57
0a5da857

00044800
2ace6a88
00000000
00000080
02800080
00000800
01000940
00000000
00000000
d71d9557
0a088000

04000000
04400100
00000000
00000000
d5005500
ff00f700
2a00a200
00000000
00000000
0a000000
0a000000

00002000
00000000
00000000
00000000
00000000
00000000
00000000
00000000
00000000
00000000
00000000

2aaaaaa8
2aaaaaa8
ffffffff
ffffffff
ffffffff
00000000
ffffffff
ffffffff
ffffffff
d5555557
d5555557

23620360
ffffffff
d1441157
d1555057
2affaaff
00000000
d5ff55ff
222a2aa8
2222aaa8
fd7ffd7f
11111113

01400140
d5555557
d5455557
d5555557
00000000
00000000
00000000
2aaaaaa8
2aaaaaa8
282aa828
00000000

08888888
00000000
04010400
04000500
d5005500
00000000
2a00aa00
08808000
08800000
00000000
c4444444

00002000
2aaaaaa8
2aaaeaa8
2aaaaaa8
2aaeeaa8
020cc400
d75d5557
d5555557
d55d5557
d5555557
00000000

2beaabe8
ffffffff
d0555057
d1595057
fff7fbff
020cc400
ffff7fff
222a2aa8
222a2aa8
fd7ffd7f
d5511157

22220220
00000000
d4555557
d5555557
00510057
00000000
00a200a8
2aaaaaa8
2aaaaaa8
00000000
10510013

00000000
00000000
04000500
04000500
08000000
00000000
04000000
08808000
08808000
00000000
00000000

08888888
2aaaaaa8
2aaaaaa8
2aaeaaa8
ffaabba8
00000000
fd557f57
d5555557
d5555557
d5555557
c5001144

01402140
ffffffff
00000000
00000000
00000000
02000100
0a800000
00000000
00000000
fd7ffd7f
00000000

2beaabe8
d5555557
00000000
00000000
d5555457
0a800100
2aaaaaa8
00000000
00000000
282aa828
d5555557

22220220
00000000
00000000
00000000
22ffaaff
00000000
d16f55ff
00100000
00000000
00000000
11111113

00000000
2aaaaaa8
ffffffff
d5555557
00000000
08800000
00000000
2aaaaaa8
ffffffff
d5555557
00000000

09c889c8
ffffffff
d5555057
2aaaafa8
ffaafea8
00000000
f555ff57
d5d5d557
2a2a2aa8
fd7ffd7f
c4444444

00000000
00000000
00000000
00000000
00000000
00800000
00000000
00000000
00000000
00000000
00000000

29e22be8
d5555547
00000000
10000000
d5555557
00800000
2a22aaa8
00000000
00000000
282aa828
d5555557

29402360
ffffffff
ffffffff
d5555557
2affaaff
00000000
d57755ff
2aaaaaa8
ffffffff
fd7ffd7f
11111113

01620140
ffffffff
c1551457
04000100
00000000
00000000
00000000
08800000
222a2aa8
fd7ffd7f
00000000

01c009c8
d5555557
00004000
2aaaaaa8
ffaaffa8
00000000
ff55bf57
d555d557
00000000
282aa828
c4444444

2a00aa00
00000000
d1555057
d5155557
00100000
00902000
00002000
2aaaaaa8
222a2aa8
00000000
d5005500

2aaaaaa8
2aaaaaa8
fbfffaff
f5155557
d5555557
00902000
2a22aaa8
2aaaaaa8
ffffffff
d5555557
d5555557

00000000
2aaaaaa8
00000000
00000000
0aefaaff
00000000
d57715ff
00000000
00000000
d5555557
00000000

00aa00a8
00000000
00000000
00000000
00000000
00000000
00000000
00000000
08808000
00000000
00550057

01400140
dd555557
d5515557
f77f7fff
d5005500
00000000
2a008a10
fbfff2ff
2aaaaaa8
282aa828
00000000

01400140
ffffffff
fffbffff
f77f7fff
00000000
00000010
00000010
fbfffaff
ffffffff
fd7ff97f
00000000

2b40ab40
f7ffffff
00000000
00000000
2aaaaaa8
00000000
d5555557
00000000
00000000
fd7ff97f
d5005500

2beaabe8
d5555557
00000000
00000000
d5555557
ffffffff
2aaaaaa8
00000800
00000000
282aa828
d5555557

00000000
00000000
00000000
222a2aa8
00000000
00000000
00000000
d1555057
00000000
00000000
00000000

00aa00a8
2aaa2aa8
2aaaaaa8
222a2aa8
00550057
00ff00ff
00aa00a8
d1555057
d5555557
c5555157
00550057

01400140
ffff7fff
00000000
00000000
00000000
00000000
00000000
00000000
00000000
ed7ff97f
00000000

00000000
00000000
00000000
00000000
d5005500
ff00ff00
2a00aa00
00000000
00000000
00000000
00000000

