net 3: (4 31)->(4 30) 0 1 0 0 #timing (3 3) ps polarity 1
net 3: (4 30)->(6 28) 1 3 0 0 #timing (184 154) ps polarity 0
net 3: (6 28)->(6 28) 5 0 1 0 #timing (281 358) ps polarity 1
net 3: (6 28)->(23 28) 13 2 1 0 #timing (1119 892) ps polarity 0
net 3: (23 28)->(31 20) 5 3 0 1 #timing (1904 1639) ps  polarity 0
net 3: (31 20)->(27 20) 4 2 0 1 #timing (1951 2211) ps  polarity 1
net 3: (27 20)->(27 16) 3 1 0 1 #timing (2256 2454) ps  polarity 1
net 3: (27 16)->(27 16) 1 0 1 1 #timing (2348 2552) ps  polarity 0
net 3: (27 16)->(26 16) 0 2 0 1 #timing (2678 2464) ps  polarity 1
net 8: (10 20)->(10 20) 0 0 0 0 #timing (163 163) ps polarity 1
net 8: (10 20)->(8 20) 1 2 0 0 #timing (284 271) ps polarity 0
net 8: (8 20)->(8 20) 5 0 0 0 #timing (383 425) ps polarity 1
net 8: (8 20)->(25 20) 13 2 1 0 #timing (1095 927) ps polarity 0
net 8: (25 20)->(25 5) 13 1 1 0 #timing (1648 1706) ps polarity 1
net 8: (25 5)->(25 5) 5 0 0 1 #timing (1949 2021) ps  polarity 1
net 8: (25 5)->(21 5) 4 5 0 1 #timing (2292 2319) ps  polarity 0
net 8: (21 5)->(21 1) 3 1 0 1 #timing (2664 2600) ps  polarity 0
net 8: (21 1)->(23 1) 1 2 0 1 #timing (2807 2734) ps  polarity 1
net 8: (23 1)->(23 0) 0 1 0 1 #timing (2843 2923) ps  polarity 0
net 9: (18 27)->(19 27) 0 2 0 0 #timing (203 203) ps polarity 0
net 9: (19 27)->(17 25) 1 3 0 0 #timing (390 354) ps polarity 1
net 9: (17 25)->(17 21) 3 4 0 0 #timing (635 669) ps polarity 1
net 9: (17 21)->(13 21) 4 5 0 0 #timing (923 930) ps polarity 1
net 9: (13 21)->(15 21) 1 2 0 1 #timing (1180 1132) ps  polarity 0
net 9: (15 21)->(15 20) 0 1 0 1 #timing (1258 1318) ps  polarity 1
net 10: (4 17)->(4 17) 0 0 0 0 #timing (161 161) ps polarity 1
net 10: (4 17)->(4 19) 1 1 0 0 #timing (273 265) ps polarity 0
net 10: (4 19)->(4 15) 3 4 0 0 #timing (549 528) ps polarity 0
net 10: (4 15)->(4 11) 3 1 0 1 #timing (989 856) ps  polarity 0
net 10: (4 11)->(4 11) 1 0 1 1 #timing (1083 957) ps  polarity 1
net 10: (4 11)->(4 11) 0 0 0 1 #timing (1081 1198) ps  polarity 0
net 11: (11 22)->(10 22) 0 2 0 0 #timing (643 643) ps polarity 1
net 11: (10 22)->(10 22) 1 0 0 0 #timing (721 725) ps polarity 0
net 11: (10 22)->(10 18) 3 1 0 0 #timing (990 940) ps polarity 0
net 11: (10 18)->(10 14) 3 4 0 1 #timing (1448 1289) ps  polarity 0
net 11: (10 14)->(8 14) 1 2 0 1 #timing (1559 1400) ps  polarity 1
net 11: (8 14)->(8 14) 0 0 0 1 #timing (1507 1669) ps  polarity 0
net 11: (11 22)->(10 23) 0 3 0 0 #timing (653 653) ps polarity 1
net 11: (10 23)->(10 23) 1 0 0 0 #timing (740 740) ps polarity 0
net 11: (10 23)->(10 23) 1 0 1 1 #timing (945 911) ps  polarity 1
net 11: (10 23)->(11 22) 0 3 0 1 #timing (1043 1062) ps  polarity 0
net 11: (10 23)->(10 27) 3 4 0 0 #timing (1033 976) ps polarity 0
net 11: (10 27)->(14 27) 4 2 0 0 #timing (1322 1246) ps polarity 0
net 11: (14 27)->(14 27) 5 0 0 0 #timing (1445 1384) ps polarity 1
net 11: (14 27)->(14 11) 13 1 0 0 #timing (2008 1953) ps polarity 0
net 11: (14 11)->(14 11) 5 0 0 1 #timing (2234 2190) ps  polarity 0
net 11: (14 11)->(18 11) 4 5 0 1 #timing (2565 2476) ps  polarity 1
net 11: (18 11)->(16 11) 1 2 0 1 #timing (2798 2670) ps  polarity 0
net 11: (16 11)->(17 11) 0 2 0 1 #timing (2819 2951) ps  polarity 1
net 11: (10 23)->(14 23) 4 2 0 0 #timing (992 977) ps polarity 0
net 11: (14 23)->(14 19) 3 1 0 1 #timing (1423 1317) ps  polarity 0
net 11: (14 19)->(12 19) 1 2 0 1 #timing (1580 1459) ps  polarity 1
net 11: (12 19)->(13 18) 0 3 0 1 #timing (1586 1718) ps  polarity 0
net 11: (14 23)->(14 23) 5 0 0 0 #timing (1114 1113) ps polarity 1
net 11: (14 23)->(14 6) 13 1 1 0 #timing (1808 1673) ps polarity 0
net 11: (14 6)->(14 6) 5 0 1 1 #timing (2064 1942) ps  polarity 0
net 11: (14 6)->(18 6) 4 5 0 1 #timing (2414 2240) ps  polarity 1
net 11: (18 6)->(18 10) 3 4 0 1 #timing (2698 2474) ps  polarity 1
net 11: (18 10)->(16 10) 1 2 0 1 #timing (2854 2614) ps  polarity 0
net 11: (16 10)->(16 11) 0 1 0 1 #timing (2724 2985) ps  polarity 1
net 12: (14 5)->(15 4) 0 3 0 0 #timing (174 174) ps polarity 1
net 12: (15 4)->(15 6) 1 1 0 0 #timing (290 281) ps polarity 0
net 12: (15 6)->(15 4) 1 1 0 1 #timing (560 512) ps  polarity 1
net 12: (15 4)->(14 4) 0 2 0 1 #timing (654 708) ps  polarity 0
net 12: (15 6)->(15 10) 3 4 0 0 #timing (553 541) ps polarity 0
net 12: (15 10)->(19 10) 4 5 0 0 #timing (916 854) ps polarity 0
net 12: (19 10)->(19 8) 1 1 0 1 #timing (1091 1116) ps  polarity 1
net 12: (19 8)->(19 8) 0 0 0 1 #timing (1273 1244) ps  polarity 0
net 12: (15 6)->(15 6) 5 0 1 0 #timing (394 437) ps polarity 1
net 12: (15 6)->(15 14) 5 1 0 1 #timing (727 774) ps  polarity 0
net 12: (15 14)->(13 14) 1 2 0 1 #timing (1028 929) ps  polarity 1
net 12: (13 14)->(12 15) 0 3 0 1 #timing (1086 1185) ps  polarity 0
net 13: (14 4)->(15 5) 0 3 0 0 #timing (667 667) ps polarity 1
net 13: (15 5)->(13 5) 1 2 0 0 #timing (824 801) ps polarity 0
net 13: (13 5)->(15 7) 1 3 0 1 #timing (1115 1047) ps  polarity 1
net 13: (15 7)->(14 6) 0 3 0 1 #timing (1190 1279) ps  polarity 0
net 13: (13 5)->(17 5) 4 5 0 0 #timing (1129 1131) ps polarity 0
net 13: (17 5)->(17 9) 3 4 0 1 #timing (1522 1435) ps  polarity 0
net 13: (17 9)->(19 9) 1 2 0 1 #timing (1675 1572) ps  polarity 1
net 13: (19 9)->(18 9) 0 2 0 1 #timing (1704 1812) ps  polarity 0
net 13: (13 5)->(13 5) 5 0 1 0 #timing (921 981) ps polarity 1
net 13: (13 5)->(28 5) 13 2 1 0 #timing (1679 1484) ps polarity 0
net 13: (28 5)->(20 13) 5 3 0 1 #timing (2388 2183) ps  polarity 0
net 13: (20 13)->(16 13) 4 2 0 1 #timing (2473 2668) ps  polarity 1
net 13: (16 13)->(16 9) 3 1 0 1 #timing (2777 2912) ps  polarity 1
net 13: (16 9)->(16 9) 1 0 1 1 #timing (2871 3011) ps  polarity 0
net 13: (16 9)->(16 9) 0 0 0 1 #timing (3123 2979) ps  polarity 1
net 14: (8 3)->(8 2) 0 1 0 0 #timing (700 700) ps polarity 1
net 14: (8 2)->(8 2) 1 0 0 0 #timing (793 791) ps polarity 0
net 14: (8 2)->(8 2) 1 0 1 1 #timing (998 963) ps  polarity 1
net 14: (8 2)->(8 3) 0 1 0 1 #timing (1076 1105) ps  polarity 0
net 14: (8 2)->(8 0) 1 1 0 0 #timing (843 826) ps polarity 0
net 14: (8 0)->(8 0) 5 0 0 0 #timing (935 980) ps polarity 1
net 14: (8 0)->(8 8) 5 1 0 1 #timing (1291 1334) ps  polarity 0
net 14: (8 8)->(8 12) 3 1 0 1 #timing (1760 1615) ps  polarity 0
net 14: (8 12)->(8 12) 1 0 1 1 #timing (1873 1728) ps  polarity 1
net 14: (8 12)->(8 12) 0 0 0 1 #timing (1870 1998) ps  polarity 0
net 15: (10 0)->(10 1) 0 1 0 0 #timing (813 813) ps polarity 0
net 15: (10 1)->(10 1) 1 0 0 0 #timing (894 896) ps polarity 1
net 15: (10 1)->(10 1) 1 0 0 1 #timing (1100 1068) ps  polarity 0
net 15: (10 1)->(10 1) 0 0 0 1 #timing (1206 1222) ps  polarity 1
net 16: (10 2)->(10 2) 0 0 0 0 #timing (163 163) ps polarity 0
net 16: (10 2)->(10 2) 1 0 0 0 #timing (240 242) ps polarity 1
net 16: (10 2)->(10 2) 1 0 0 1 #timing (444 413) ps  polarity 0
net 16: (10 2)->(11 2) 0 2 0 1 #timing (552 567) ps  polarity 1
net 16: (10 2)->(8 0) 1 3 0 0 #timing (311 287) ps polarity 1
net 16: (8 0)->(8 0) 1 0 0 1 #timing (538 493) ps  polarity 0
net 16: (8 0)->(9 1) 0 3 0 1 #timing (630 656) ps  polarity 1
net 16: (8 0)->(8 4) 3 1 0 0 #timing (655 635) ps polarity 1
net 16: (8 4)->(8 4) 1 0 0 1 #timing (873 817) ps  polarity 0
net 16: (8 4)->(9 4) 0 2 0 1 #timing (918 975) ps  polarity 1
net 16: (8 4)->(12 4) 4 2 0 0 #timing (922 897) ps polarity 1
net 16: (12 4)->(14 4) 1 2 0 1 #timing (1119 1112) ps  polarity 0
net 16: (14 4)->(14 4) 0 0 0 1 #timing (1255 1273) ps  polarity 1
net 16: (12 4)->(12 0) 3 1 0 1 #timing (1397 1280) ps  polarity 1
net 16: (12 0)->(14 0) 1 2 0 1 #timing (1537 1411) ps  polarity 0
net 16: (14 0)->(14 1) 0 1 0 1 #timing (1573 1700) ps  polarity 1
net 16: (8 4)->(4 4) 4 5 0 0 #timing (1030 936) ps polarity 1
net 16: (4 4)->(6 4) 1 2 0 1 #timing (1167 1227) ps  polarity 0
net 16: (6 4)->(7 4) 0 2 0 1 #timing (1366 1321) ps  polarity 1
net 17: (9 0)->(8 1) 0 3 0 0 #timing (771 771) ps polarity 1
net 17: (8 1)->(10 3) 1 3 0 0 #timing (944 908) ps polarity 0
net 17: (10 3)->(10 7) 3 1 0 1 #timing (1375 1254) ps  polarity 0
net 17: (10 7)->(8 7) 1 2 0 1 #timing (1489 1368) ps  polarity 1
net 17: (8 7)->(8 6) 0 1 0 1 #timing (1515 1624) ps  polarity 0
net 18: (8 5)->(8 5) 0 0 0 0 #timing (197 197) ps polarity 1
net 18: (8 5)->(10 7) 1 3 0 0 #timing (348 326) ps polarity 0
net 18: (10 7)->(10 3) 3 1 0 1 #timing (834 708) ps  polarity 0
net 18: (10 3)->(10 1) 1 1 0 1 #timing (974 841) ps  polarity 1
net 18: (10 1)->(11 1) 0 2 0 1 #timing (960 1104) ps  polarity 0
net 18: (10 7)->(14 7) 4 2 0 0 #timing (605 648) ps polarity 0
net 18: (14 7)->(14 5) 1 1 0 1 #timing (899 814) ps  polarity 1
net 18: (14 5)->(14 5) 0 0 0 1 #timing (959 1045) ps  polarity 0
net 18: (14 5)->(14 4) 0 1 0 1 #timing (969 1049) ps  polarity 0
net 19: (14 6)->(14 7) 0 1 0 0 #timing (198 198) ps polarity 0
net 19: (14 7)->(14 5) 1 1 0 0 #timing (331 314) ps polarity 1
net 19: (14 5)->(18 5) 4 5 0 0 #timing (591 600) ps polarity 1
net 19: (18 5)->(22 5) 4 2 0 1 #timing (880 858) ps  polarity 1
net 19: (22 5)->(22 1) 3 1 0 1 #timing (1225 1129) ps  polarity 1
net 19: (22 1)->(22 1) 1 0 0 1 #timing (1328 1236) ps  polarity 0
net 19: (22 1)->(22 0) 0 1 0 1 #timing (1351 1437) ps  polarity 1
net 19: (14 5)->(14 5) 5 0 0 0 #timing (423 468) ps polarity 0
net 19: (14 5)->(6 5) 5 2 0 1 #timing (784 829) ps  polarity 1
net 19: (6 5)->(6 5) 1 0 0 1 #timing (1029 952) ps  polarity 0
net 19: (6 5)->(7 4) 0 3 0 1 #timing (1081 1146) ps  polarity 1
net 19: (14 7)->(12 7) 1 2 0 0 #timing (340 320) ps polarity 1
net 19: (12 7)->(14 7) 1 2 0 1 #timing (607 551) ps  polarity 0
net 19: (14 7)->(14 6) 0 1 0 1 #timing (707 760) ps  polarity 1
net 19: (12 7)->(8 7) 4 2 0 0 #timing (592 610) ps polarity 1
net 19: (8 7)->(8 5) 1 1 0 1 #timing (868 811) ps  polarity 0
net 19: (8 5)->(9 4) 0 3 0 1 #timing (970 1022) ps  polarity 1
net 19: (8 7)->(8 3) 3 1 0 1 #timing (1089 953) ps  polarity 1
net 19: (8 3)->(8 3) 1 0 1 1 #timing (1186 1054) ps  polarity 0
net 19: (8 3)->(9 3) 0 2 0 1 #timing (1168 1295) ps  polarity 1
net 19: (8 3)->(10 3) 1 2 0 1 #timing (1206 1069) ps  polarity 0
net 19: (10 3)->(11 2) 0 3 0 1 #timing (1206 1333) ps  polarity 1
net 19: (12 7)->(16 7) 4 5 0 1 #timing (758 678) ps  polarity 1
net 19: (16 7)->(16 7) 1 0 1 1 #timing (945 842) ps  polarity 0
net 19: (16 7)->(16 7) 0 0 0 1 #timing (978 1066) ps  polarity 1
net 19: (14 6)->(15 6) 0 2 0 0 #timing (204 204) ps polarity 0
net 19: (15 6)->(15 6) 1 0 0 0 #timing (283 287) ps polarity 1
net 19: (15 6)->(15 2) 3 1 0 0 #timing (574 513) ps polarity 1
net 19: (15 2)->(11 2) 4 2 0 0 #timing (860 773) ps polarity 1
net 19: (11 2)->(9 2) 1 2 0 1 #timing (1040 1081) ps  polarity 0
net 19: (9 2)->(8 3) 0 3 0 1 #timing (1248 1218) ps  polarity 1
net 21: (14 27)->(14 27) 0 0 0 0 #timing (191 191) ps polarity 0
net 21: (14 27)->(12 25) 1 3 0 0 #timing (352 324) ps polarity 1
net 21: (12 25)->(12 21) 3 4 0 1 #timing (793 674) ps  polarity 1
net 21: (12 21)->(14 23) 1 3 0 1 #timing (963 825) ps  polarity 0
net 21: (14 23)->(14 23) 0 0 0 1 #timing (966 1131) ps  polarity 1
net 23: (13 21)->(13 21) 0 0 0 0 #timing (423 423) ps polarity 0
net 23: (13 21)->(13 21) 1 0 0 0 #timing (496 502) ps polarity 1
net 23: (13 21)->(9 21) 4 2 0 0 #timing (779 750) ps polarity 1
net 23: (9 21)->(11 21) 1 2 0 1 #timing (1021 1003) ps  polarity 0
net 23: (11 21)->(10 20) 0 3 0 1 #timing (1122 1168) ps  polarity 1
net 23: (13 21)->(15 23) 1 3 0 0 #timing (570 549) ps polarity 1
net 23: (15 23)->(15 23) 1 0 1 1 #timing (814 776) ps  polarity 0
net 23: (15 23)->(14 22) 0 3 0 1 #timing (897 926) ps  polarity 1
net 26: (2 12)->(2 12) 0 0 0 0 #timing (704 704) ps polarity 1
net 26: (2 12)->(0 14) 1 3 0 0 #timing (861 833) ps polarity 0
net 26: (0 14)->(0 10) 3 1 0 0 #timing (1112 1137) ps polarity 0
net 26: (0 10)->(0 6) 3 4 0 1 #timing (1546 1467) ps  polarity 0
net 26: (0 6)->(2 4) 1 3 0 1 #timing (1726 1623) ps  polarity 1
net 26: (2 4)->(2 5) 0 1 0 1 #timing (1766 1890) ps  polarity 0
net 26: (0 14)->(0 18) 3 4 0 0 #timing (1148 1164) ps polarity 0
net 26: (0 18)->(0 18) 5 0 1 0 #timing (1279 1309) ps polarity 1
net 26: (0 18)->(0 3) 13 1 1 0 #timing (1938 1787) ps polarity 0
net 26: (0 3)->(0 3) 5 0 0 1 #timing (2161 2025) ps  polarity 0
net 26: (0 3)->(2 3) 1 2 0 1 #timing (2363 2204) ps  polarity 0
net 26: (2 3)->(2 3) 0 0 0 1 #timing (2315 2496) ps  polarity 1
net 26: (0 3)->(0 7) 3 1 0 1 #timing (2471 2284) ps  polarity 1
net 26: (0 7)->(2 7) 1 2 0 1 #timing (2631 2427) ps  polarity 0
net 26: (2 7)->(3 7) 0 2 0 1 #timing (2557 2778) ps  polarity 1
net 27: (2 24)->(3 25) 0 3 0 0 #timing (675 675) ps polarity 1
net 27: (3 25)->(3 25) 1 0 0 0 #timing (767 769) ps polarity 0
net 27: (3 25)->(3 25) 5 0 0 0 #timing (871 885) ps polarity 1
net 27: (3 25)->(3 9) 13 1 0 0 #timing (1475 1350) ps polarity 0
net 27: (3 9)->(3 9) 5 0 1 1 #timing (1708 1595) ps  polarity 0
net 27: (3 9)->(3 9) 1 0 0 1 #timing (1851 1734) ps  polarity 0
net 27: (3 9)->(3 9) 0 0 0 1 #timing (1835 1953) ps  polarity 1
net 27: (3 9)->(2 8) 0 3 0 1 #timing (1871 1972) ps  polarity 1
net 27: (3 9)->(3 5) 3 4 0 1 #timing (2127 1915) ps  polarity 1
net 27: (3 5)->(3 5) 1 0 1 1 #timing (2223 2015) ps  polarity 0
net 27: (3 5)->(2 5) 0 2 0 1 #timing (2148 2342) ps  polarity 1
net 27: (3 9)->(3 1) 5 1 0 1 #timing (1937 1795) ps  polarity 1
net 27: (3 1)->(3 3) 1 1 0 1 #timing (2042 2138) ps  polarity 0
net 27: (3 3)->(2 3) 0 2 0 1 #timing (2281 2188) ps  polarity 1
net 28: (2 21)->(3 21) 0 2 0 0 #timing (738 738) ps polarity 1
net 28: (3 21)->(1 23) 1 3 0 0 #timing (889 867) ps polarity 0
net 28: (1 23)->(1 23) 5 0 1 0 #timing (1001 1077) ps polarity 1
net 28: (1 23)->(1 6) 13 1 1 0 #timing (1673 1487) ps polarity 0
net 28: (1 6)->(1 6) 5 0 0 1 #timing (1908 1734) ps  polarity 0
net 28: (1 6)->(3 4) 1 3 0 1 #timing (2161 1943) ps  polarity 0
net 28: (3 4)->(2 5) 0 3 0 1 #timing (2094 2333) ps  polarity 1
net 28: (1 6)->(1 2) 3 1 0 1 #timing (2264 2016) ps  polarity 1
net 28: (1 2)->(3 2) 1 2 0 1 #timing (2412 2154) ps  polarity 0
net 28: (3 2)->(2 3) 0 3 0 1 #timing (2288 2557) ps  polarity 1
net 28: (1 6)->(1 10) 3 4 0 1 #timing (2226 1997) ps  polarity 1
net 28: (1 10)->(3 8) 1 3 0 1 #timing (2430 2166) ps  polarity 0
net 28: (3 8)->(3 9) 0 1 0 1 #timing (2300 2586) ps  polarity 1
net 28: (3 8)->(2 8) 0 2 0 1 #timing (2299 2587) ps  polarity 1
net 29: (10 1)->(10 1) 0 0 0 0 #timing (680 680) ps polarity 1
net 29: (10 1)->(10 3) 1 1 0 0 #timing (784 781) ps polarity 0
net 29: (10 3)->(10 3) 1 0 1 1 #timing (1006 978) ps  polarity 1
net 29: (10 3)->(10 2) 0 1 0 1 #timing (1106 1122) ps  polarity 0
net 29: (10 3)->(10 3) 5 0 0 0 #timing (891 927) ps polarity 1
net 29: (10 3)->(2 11) 5 3 0 1 #timing (1446 1485) ps  polarity 1
net 29: (2 11)->(2 9) 1 1 0 1 #timing (1665 1682) ps  polarity 1
net 29: (2 9)->(2 8) 0 1 0 1 #timing (1802 1796) ps  polarity 0
net 29: (10 1)->(10 0) 0 1 0 0 #timing (700 700) ps polarity 1
net 29: (10 0)->(10 0) 1 0 0 0 #timing (787 787) ps polarity 0
net 29: (10 0)->(10 0) 5 0 0 0 #timing (889 906) ps polarity 1
net 29: (10 0)->(10 8) 5 1 0 1 #timing (1228 1247) ps  polarity 0
net 29: (10 8)->(10 12) 3 1 0 1 #timing (1660 1543) ps  polarity 0
net 29: (10 12)->(8 14) 1 3 0 1 #timing (1812 1685) ps  polarity 1
net 29: (8 14)->(9 15) 0 3 0 1 #timing (1822 1965) ps  polarity 0
net 29: (10 0)->(10 2) 1 1 0 0 #timing (819 809) ps polarity 0
net 29: (10 2)->(10 2) 5 0 0 0 #timing (922 968) ps polarity 1
net 29: (10 2)->(2 10) 5 3 0 1 #timing (1540 1589) ps  polarity 1
net 29: (2 10)->(2 8) 1 1 0 1 #timing (1760 1786) ps  polarity 1
net 29: (2 8)->(3 9) 0 3 0 1 #timing (1936 1908) ps  polarity 0
net 30: (2 9)->(3 9) 0 2 0 0 #timing (738 738) ps polarity 1
net 30: (3 9)->(3 11) 1 1 0 0 #timing (856 846) ps polarity 0
net 30: (3 11)->(3 15) 3 1 0 0 #timing (1158 1133) ps polarity 0
net 30: (3 15)->(3 15) 5 0 0 0 #timing (1281 1269) ps polarity 1
net 30: (3 15)->(11 15) 5 2 0 1 #timing (1640 1620) ps  polarity 0
net 30: (11 15)->(9 15) 1 2 0 1 #timing (1872 1845) ps  polarity 1
net 30: (9 15)->(8 14) 0 3 0 1 #timing (2004 2047) ps  polarity 0
net 30: (2 9)->(3 8) 0 3 0 0 #timing (743 743) ps polarity 1
net 30: (3 8)->(3 10) 1 1 0 0 #timing (869 858) ps polarity 0
net 30: (3 10)->(3 6) 3 4 0 0 #timing (1153 1137) ps polarity 0
net 30: (3 6)->(3 6) 1 0 0 1 #timing (1372 1319) ps  polarity 1
net 30: (3 6)->(2 7) 0 3 0 1 #timing (1455 1493) ps  polarity 0
net 31: (4 3)->(4 3) 0 0 0 0 #timing (726 726) ps polarity 1
net 31: (4 3)->(6 1) 1 3 0 0 #timing (899 864) ps polarity 0
net 31: (6 1)->(4 3) 1 3 0 1 #timing (1225 1135) ps  polarity 1
net 31: (4 3)->(4 3) 0 0 0 1 #timing (1324 1424) ps  polarity 0
net 31: (6 1)->(6 1) 5 0 0 0 #timing (989 1073) ps polarity 1
net 31: (6 1)->(6 9) 5 1 0 1 #timing (1360 1442) ps  polarity 0
net 31: (6 9)->(2 9) 4 2 0 1 #timing (1647 1691) ps  polarity 0
net 31: (2 9)->(2 9) 1 0 1 1 #timing (1841 1859) ps  polarity 1
net 31: (2 9)->(3 9) 0 2 0 1 #timing (1970 1948) ps  polarity 0
net 31: (4 3)->(4 2) 0 1 0 0 #timing (736 736) ps polarity 1
net 31: (4 2)->(4 2) 1 0 0 0 #timing (822 820) ps polarity 0
net 31: (4 2)->(4 2) 5 0 0 0 #timing (922 940) ps polarity 1
net 31: (4 2)->(4 10) 5 1 0 1 #timing (1259 1284) ps  polarity 0
net 31: (4 10)->(8 10) 4 5 0 1 #timing (1624 1574) ps  polarity 0
net 31: (8 10)->(8 14) 3 1 0 1 #timing (1924 1816) ps  polarity 0
net 31: (8 14)->(8 14) 1 0 1 1 #timing (2028 1923) ps  polarity 1
net 31: (8 14)->(9 14) 0 2 0 1 #timing (2033 2134) ps  polarity 0
net 34: (7 11)->(7 10) 0 1 0 0 #timing (228 228) ps polarity 1
net 34: (7 10)->(5 8) 1 3 0 0 #timing (393 360) ps polarity 0
net 34: (5 8)->(5 8) 5 0 0 0 #timing (478 553) ps polarity 1
net 34: (5 8)->(20 8) 13 2 1 0 #timing (1163 973) ps polarity 0
net 34: (20 8)->(20 8) 5 0 1 1 #timing (1413 1236) ps  polarity 0
net 34: (20 8)->(20 8) 1 0 1 1 #timing (1556 1375) ps  polarity 0
net 34: (20 8)->(21 9) 0 3 0 1 #timing (1494 1666) ps  polarity 1
net 35: (13 16)->(13 16) 0 0 0 0 #timing (183 183) ps polarity 0
net 35: (13 16)->(13 16) 1 0 0 0 #timing (254 260) ps polarity 1
net 35: (13 16)->(13 12) 3 4 0 1 #timing (681 579) ps  polarity 1
net 35: (13 12)->(13 12) 1 0 0 1 #timing (779 682) ps  polarity 0
net 35: (13 12)->(12 13) 0 3 0 1 #timing (821 901) ps  polarity 1
net 35: (13 16)->(13 17) 0 1 0 0 #timing (190 190) ps polarity 0
net 35: (13 17)->(13 19) 1 1 0 0 #timing (302 290) ps polarity 1
net 35: (13 19)->(13 15) 3 4 0 0 #timing (598 578) ps polarity 1
net 35: (13 15)->(17 15) 4 5 0 0 #timing (935 875) ps polarity 1
net 35: (17 15)->(17 15) 1 0 0 1 #timing (1070 1105) ps  polarity 0
net 35: (17 15)->(17 15) 0 0 0 1 #timing (1206 1172) ps  polarity 1
net 35: (17 15)->(21 15) 4 2 0 1 #timing (1208 1122) ps  polarity 1
net 35: (21 15)->(21 11) 3 1 0 1 #timing (1487 1349) ps  polarity 1
net 35: (21 11)->(21 9) 1 1 0 1 #timing (1620 1479) ps  polarity 0
net 35: (21 9)->(21 9) 0 0 0 1 #timing (1616 1765) ps  polarity 1
net 35: (17 15)->(17 15) 5 0 0 0 #timing (1055 1010) ps polarity 0
net 35: (17 15)->(25 15) 5 2 0 1 #timing (1472 1419) ps  polarity 1
net 35: (25 15)->(25 15) 1 0 1 1 #timing (1617 1639) ps  polarity 0
net 35: (25 15)->(24 15) 0 2 0 1 #timing (1720 1705) ps  polarity 1
net 37: (15 3)->(15 3) 0 0 0 0 #timing (686 686) ps polarity 1
net 37: (15 3)->(13 1) 1 3 0 0 #timing (843 818) ps polarity 0
net 37: (13 1)->(15 3) 1 3 0 1 #timing (1152 1082) ps  polarity 1
net 37: (15 3)->(15 3) 0 0 0 1 #timing (1216 1312) ps  polarity 0
net 37: (13 1)->(17 1) 4 5 0 0 #timing (1195 1198) ps polarity 0
net 37: (17 1)->(21 1) 4 2 0 1 #timing (1487 1458) ps  polarity 0
net 37: (21 1)->(21 5) 3 1 0 1 #timing (1777 1692) ps  polarity 0
net 37: (21 5)->(21 5) 1 0 1 1 #timing (1880 1798) ps  polarity 1
net 37: (21 5)->(21 4) 0 1 0 1 #timing (1917 1990) ps  polarity 0
net 38: (16 5)->(17 4) 0 3 0 0 #timing (182 182) ps polarity 1
net 38: (17 4)->(17 4) 1 0 0 0 #timing (265 265) ps polarity 0
net 38: (17 4)->(17 8) 3 4 0 1 #timing (664 569) ps  polarity 0
net 38: (17 8)->(17 8) 1 0 1 1 #timing (766 673) ps  polarity 1
net 38: (17 8)->(17 8) 0 0 0 1 #timing (807 885) ps  polarity 0
net 38: (17 4)->(21 4) 4 2 0 0 #timing (614 558) ps polarity 0
net 38: (21 4)->(21 4) 1 0 1 1 #timing (759 787) ps  polarity 1
net 38: (21 4)->(21 4) 0 0 0 1 #timing (935 886) ps  polarity 0
net 39: (18 30)->(18 31) 0 1 0 0 #timing (199 199) ps polarity 0
net 39: (18 31)->(16 31) 1 2 0 0 #timing (345 324) ps polarity 1
net 39: (16 31)->(16 27) 3 1 0 0 #timing (606 609) ps polarity 1
net 39: (16 27)->(12 27) 4 5 0 0 #timing (950 899) ps polarity 1
net 39: (12 27)->(12 23) 3 4 0 1 #timing (1314 1271) ps  polarity 1
net 39: (12 23)->(14 23) 1 2 0 1 #timing (1450 1399) ps  polarity 0
net 39: (14 23)->(15 23) 0 2 0 1 #timing (1552 1610) ps  polarity 1
net 40: (23 12)->(23 12) 0 0 0 0 #timing (733 733) ps polarity 1
net 40: (23 12)->(23 12) 1 0 0 0 #timing (815 818) ps polarity 0
net 40: (23 12)->(23 12) 5 0 1 0 #timing (924 936) ps polarity 1
net 40: (23 12)->(23 4) 5 1 0 1 #timing (1275 1299) ps  polarity 0
net 40: (23 4)->(23 4) 1 0 0 1 #timing (1522 1458) ps  polarity 1
net 40: (23 4)->(23 4) 0 0 0 1 #timing (1533 1606) ps  polarity 0
net 41: (22 10)->(22 11) 0 1 0 0 #timing (672 672) ps polarity 1
net 41: (22 11)->(22 9) 1 1 0 0 #timing (801 791) ps polarity 0
net 41: (22 9)->(22 5) 3 4 0 1 #timing (1310 1158) ps  polarity 0
net 41: (22 5)->(22 5) 1 0 1 1 #timing (1414 1266) ps  polarity 1
net 41: (22 5)->(23 4) 0 3 0 1 #timing (1397 1531) ps  polarity 0
net 43: (8 14)->(8 14) 0 0 0 0 #timing (196 196) ps polarity 1
net 43: (8 14)->(10 14) 1 2 0 0 #timing (315 306) ps polarity 0
net 43: (10 14)->(10 14) 5 0 0 0 #timing (418 457) ps polarity 1
net 43: (10 14)->(2 6) 5 3 0 1 #timing (1013 1055) ps  polarity 1
net 43: (2 6)->(2 6) 1 0 0 1 #timing (1190 1221) ps  polarity 1
net 43: (2 6)->(3 6) 0 2 0 1 #timing (1317 1288) ps  polarity 0
net 43: (2 6)->(3 7) 0 3 0 1 #timing (1339 1301) ps  polarity 0
net 43: (2 6)->(2 2) 3 1 0 1 #timing (1444 1383) ps  polarity 0
net 43: (2 2)->(2 2) 1 0 0 1 #timing (1540 1484) ps  polarity 1
net 43: (2 2)->(2 3) 0 1 0 1 #timing (1603 1651) ps  polarity 0
net 44: (21 17)->(21 16) 0 1 0 0 #timing (157 157) ps polarity 1
net 44: (21 16)->(23 18) 1 3 0 0 #timing (298 276) ps polarity 0
net 44: (23 18)->(19 18) 4 2 0 0 #timing (559 593) ps polarity 0
net 44: (19 18)->(15 18) 4 5 0 1 #timing (882 881) ps  polarity 0
net 44: (15 18)->(15 16) 1 1 0 1 #timing (1127 1082) ps  polarity 1
net 44: (15 16)->(14 17) 0 3 0 1 #timing (1233 1277) ps  polarity 0
net 45: (24 17)->(24 17) 0 0 0 0 #timing (198 198) ps polarity 1
net 45: (24 17)->(26 19) 1 3 0 0 #timing (340 322) ps polarity 0
net 45: (26 19)->(26 23) 3 1 0 0 #timing (658 643) ps polarity 0
net 45: (26 23)->(26 27) 3 4 0 1 #timing (1084 967) ps  polarity 0
net 45: (26 27)->(26 25) 1 1 0 1 #timing (1225 1099) ps  polarity 1
net 45: (26 25)->(26 24) 0 1 0 1 #timing (1238 1369) ps  polarity 0
net 47: (15 4)->(15 4) 0 0 0 0 #timing (637 637) ps polarity 1
net 47: (15 4)->(13 6) 1 3 0 0 #timing (789 764) ps polarity 0
net 47: (13 6)->(17 6) 4 5 0 1 #timing (1248 1152) ps  polarity 0
net 47: (17 6)->(17 10) 3 4 0 1 #timing (1553 1398) ps  polarity 0
net 47: (17 10)->(17 10) 1 0 0 1 #timing (1648 1499) ps  polarity 1
net 47: (17 10)->(17 10) 0 0 0 1 #timing (1648 1776) ps  polarity 0
net 47: (17 10)->(16 11) 0 3 0 1 #timing (1662 1782) ps  polarity 0
net 47: (17 10)->(17 8) 1 1 0 1 #timing (1688 1527) ps  polarity 1
net 47: (17 8)->(16 8) 0 2 0 1 #timing (1666 1835) ps  polarity 0
net 47: (15 4)->(15 5) 0 1 0 0 #timing (642 642) ps polarity 1
net 47: (15 5)->(15 5) 1 0 0 0 #timing (722 721) ps polarity 0
net 47: (15 5)->(19 5) 4 5 0 0 #timing (1061 1003) ps polarity 0
net 47: (19 5)->(17 7) 1 3 0 1 #timing (1266 1277) ps  polarity 1
net 47: (17 7)->(17 6) 0 1 0 1 #timing (1421 1433) ps  polarity 0
net 48: (17 6)->(17 6) 0 0 0 0 #timing (184 184) ps polarity 0
net 48: (17 6)->(17 6) 1 0 0 0 #timing (257 262) ps polarity 1
net 48: (17 6)->(13 6) 4 5 0 0 #timing (517 484) ps polarity 1
net 48: (13 6)->(13 10) 3 4 0 1 #timing (902 836) ps  polarity 1
net 48: (13 10)->(13 10) 1 0 0 1 #timing (1003 941) ps  polarity 0
net 48: (13 10)->(12 11) 0 3 0 1 #timing (1102 1136) ps  polarity 1
net 48: (17 6)->(17 4) 1 1 0 0 #timing (304 294) ps polarity 1
net 48: (17 4)->(17 4) 1 0 0 1 #timing (523 487) ps  polarity 0
net 48: (17 4)->(16 5) 0 3 0 1 #timing (648 656) ps  polarity 1
net 48: (17 6)->(16 7) 0 3 0 0 #timing (186 186) ps polarity 0
net 48: (16 7)->(16 7) 1 0 0 0 #timing (273 274) ps polarity 1
net 48: (16 7)->(16 5) 1 1 0 1 #timing (518 474) ps  polarity 0
net 48: (16 5)->(16 4) 0 1 0 1 #timing (635 677) ps  polarity 1
net 48: (16 7)->(16 3) 3 1 0 1 #timing (702 596) ps  polarity 1
net 48: (16 3)->(16 3) 1 0 1 1 #timing (795 695) ps  polarity 0
net 48: (16 3)->(16 2) 0 1 0 1 #timing (820 910) ps  polarity 1
net 49: (8 3)->(8 3) 0 0 0 0 #timing (204 204) ps polarity 0
net 49: (8 3)->(8 1) 1 1 0 0 #timing (336 321) ps polarity 1
net 49: (8 1)->(8 1) 5 0 1 0 #timing (435 477) ps polarity 0
net 49: (8 1)->(25 1) 13 2 1 0 #timing (1116 953) ps polarity 1
net 49: (25 1)->(17 9) 5 3 0 1 #timing (1928 1732) ps  polarity 1
net 49: (17 9)->(21 9) 4 2 0 1 #timing (2051 2225) ps  polarity 0
net 49: (21 9)->(21 5) 3 4 0 1 #timing (2359 2469) ps  polarity 0
net 49: (21 5)->(21 5) 1 0 0 1 #timing (2453 2570) ps  polarity 1
net 49: (21 5)->(20 4) 0 3 0 1 #timing (2692 2566) ps  polarity 0
net 49: (8 3)->(9 3) 0 2 0 0 #timing (205 205) ps polarity 0
net 49: (9 3)->(9 1) 1 1 0 0 #timing (327 316) ps polarity 1
net 49: (9 1)->(13 1) 4 2 0 0 #timing (637 621) ps polarity 1
net 49: (13 1)->(17 1) 4 5 0 1 #timing (950 905) ps  polarity 1
net 49: (17 1)->(17 5) 3 1 0 1 #timing (1247 1144) ps  polarity 1
net 49: (17 5)->(17 5) 1 0 0 1 #timing (1345 1248) ps  polarity 0
net 49: (17 5)->(16 4) 0 3 0 1 #timing (1367 1456) ps  polarity 1
net 49: (8 3)->(9 2) 0 3 0 0 #timing (227 227) ps polarity 0
net 49: (9 2)->(11 0) 1 3 0 0 #timing (403 376) ps polarity 1
net 49: (11 0)->(15 0) 4 2 0 0 #timing (761 773) ps polarity 1
net 49: (15 0)->(19 0) 4 5 0 1 #timing (1172 1096) ps  polarity 1
net 49: (19 0)->(17 2) 1 3 0 1 #timing (1436 1309) ps  polarity 0
net 49: (17 2)->(16 3) 0 3 0 1 #timing (1479 1623) ps  polarity 1
net 49: (19 0)->(19 4) 3 1 0 1 #timing (1477 1349) ps  polarity 1
net 49: (19 4)->(19 4) 1 0 0 1 #timing (1581 1457) ps  polarity 0
net 49: (19 4)->(18 5) 0 3 0 1 #timing (1621 1716) ps  polarity 1
net 49: (15 0)->(15 0) 5 0 0 0 #timing (880 908) ps polarity 0
net 49: (15 0)->(31 0) 13 2 0 0 #timing (1568 1414) ps polarity 1
net 49: (31 0)->(23 8) 5 3 0 1 #timing (2360 2174) ps  polarity 1
net 49: (23 8)->(21 8) 1 2 0 1 #timing (2590 2374) ps  polarity 1
net 49: (21 8)->(21 8) 0 0 0 1 #timing (2484 2722) ps  polarity 0
net 49: (21 8)->(20 8) 0 2 0 1 #timing (2475 2720) ps  polarity 0
net 49: (15 0)->(30 0) 13 2 1 0 #timing (1548 1394) ps polarity 1
net 49: (30 0)->(22 8) 5 3 0 1 #timing (2429 2240) ps  polarity 1
net 49: (22 8)->(18 8) 4 2 0 1 #timing (2579 2735) ps  polarity 0
net 49: (18 8)->(16 10) 1 3 0 1 #timing (2861 2960) ps  polarity 1
net 49: (16 10)->(16 10) 0 0 0 1 #timing (3088 3018) ps  polarity 0
net 49: (16 10)->(17 10) 0 2 0 1 #timing (3124 3042) ps  polarity 0
net 49: (18 8)->(18 4) 3 4 0 1 #timing (2915 2990) ps  polarity 0
net 49: (18 4)->(18 4) 1 0 1 1 #timing (3007 3089) ps  polarity 1
net 49: (18 4)->(18 4) 0 0 0 1 #timing (3215 3123) ps  polarity 0
net 51: (13 26)->(12 26) 0 2 0 0 #timing (173 174) ps polarity 1
net 51: (12 26)->(12 26) 1 0 0 0 #timing (257 257) ps polarity 0
net 51: (12 26)->(16 26) 4 5 0 0 #timing (547 511) ps polarity 0
net 51: (16 26)->(16 26) 5 0 0 0 #timing (670 648) ps polarity 1
net 51: (16 26)->(16 11) 13 1 1 0 #timing (1260 1169) ps polarity 0
net 51: (16 11)->(16 11) 5 0 0 1 #timing (1468 1393) ps  polarity 0
net 51: (16 11)->(16 11) 1 0 0 1 #timing (1612 1534) ps  polarity 0
net 51: (16 11)->(16 10) 0 1 0 1 #timing (1645 1719) ps  polarity 1
net 51: (13 26)->(12 27) 0 3 0 0 #timing (188 188) ps polarity 1
net 51: (12 27)->(12 25) 1 1 0 0 #timing (314 302) ps polarity 0
net 51: (12 25)->(16 25) 4 5 0 0 #timing (576 580) ps polarity 0
net 51: (16 25)->(16 25) 5 0 0 0 #timing (699 717) ps polarity 1
net 51: (16 25)->(16 17) 5 1 0 1 #timing (1034 1058) ps  polarity 0
net 51: (16 17)->(16 13) 3 4 0 1 #timing (1487 1358) ps  polarity 0
net 51: (16 13)->(16 15) 1 1 0 1 #timing (1624 1487) ps  polarity 1
net 51: (16 15)->(17 14) 0 3 0 1 #timing (1618 1765) ps  polarity 0
net 52: (26 9)->(27 9) 0 2 0 0 #timing (738 738) ps polarity 1
net 52: (27 9)->(25 11) 1 3 0 0 #timing (879 863) ps polarity 0
net 52: (25 11)->(25 9) 1 1 0 1 #timing (1166 1120) ps  polarity 1
net 52: (25 9)->(24 8) 0 3 0 1 #timing (1215 1283) ps  polarity 0
net 52: (25 11)->(27 11) 1 2 0 1 #timing (1194 1136) ps  polarity 1
net 52: (27 11)->(27 10) 0 1 0 1 #timing (1237 1328) ps  polarity 0
net 52: (25 11)->(25 15) 3 1 0 0 #timing (1240 1229) ps polarity 0
net 52: (25 15)->(25 19) 3 4 0 1 #timing (1740 1605) ps  polarity 0
net 52: (25 19)->(25 17) 1 1 0 1 #timing (1908 1763) ps  polarity 1
net 52: (25 17)->(25 17) 0 0 0 1 #timing (1869 2031) ps  polarity 0
net 52: (25 15)->(21 15) 4 5 0 0 #timing (1557 1511) ps polarity 0
net 52: (21 15)->(23 15) 1 2 0 1 #timing (1795 1787) ps  polarity 1
net 52: (23 15)->(23 15) 0 0 0 1 #timing (1896 1914) ps  polarity 0
net 52: (25 11)->(25 7) 3 4 0 0 #timing (1200 1207) ps polarity 0
net 52: (25 7)->(27 7) 1 2 0 1 #timing (1506 1443) ps  polarity 1
net 52: (27 7)->(26 7) 0 2 0 1 #timing (1612 1685) ps  polarity 0
net 52: (25 7)->(25 7) 5 0 1 0 #timing (1342 1358) ps polarity 1
net 52: (25 7)->(25 22) 13 1 1 0 #timing (1984 1849) ps polarity 0
net 52: (25 22)->(25 22) 5 0 1 1 #timing (2296 2176) ps  polarity 0
net 52: (25 22)->(25 18) 3 1 0 1 #timing (2729 2522) ps  polarity 1
net 52: (25 18)->(25 18) 1 0 1 1 #timing (2838 2636) ps  polarity 0
net 52: (25 18)->(24 18) 0 2 0 1 #timing (2767 2956) ps  polarity 1
net 54: (28 15)->(28 15) 0 0 0 0 #timing (726 726) ps polarity 1
net 54: (28 15)->(30 13) 1 3 0 0 #timing (882 856) ps polarity 0
net 54: (30 13)->(28 13) 1 2 0 1 #timing (1162 1105) ps  polarity 1
net 54: (28 13)->(28 13) 0 0 0 1 #timing (1213 1285) ps  polarity 0
net 54: (30 13)->(30 9) 3 1 0 0 #timing (1173 1178) ps polarity 0
net 54: (30 9)->(28 9) 1 2 0 1 #timing (1460 1404) ps  polarity 1
net 54: (28 9)->(28 9) 0 0 0 1 #timing (1512 1586) ps  polarity 0
net 54: (30 9)->(30 9) 5 0 0 0 #timing (1300 1317) ps polarity 1
net 54: (30 9)->(30 24) 13 1 1 0 #timing (1912 1779) ps polarity 0
net 54: (30 24)->(30 24) 5 0 0 1 #timing (2137 2017) ps  polarity 0
net 54: (30 24)->(26 24) 4 2 0 1 #timing (2453 2290) ps  polarity 1
net 54: (26 24)->(24 24) 1 2 0 1 #timing (2699 2491) ps  polarity 0
net 54: (24 24)->(24 24) 0 0 0 1 #timing (2623 2824) ps  polarity 1
net 54: (30 24)->(22 24) 5 2 0 1 #timing (2399 2235) ps  polarity 1
net 54: (22 24)->(22 20) 3 4 0 1 #timing (2696 2744) ps  polarity 1
net 54: (22 20)->(22 20) 1 0 1 1 #timing (2798 2849) ps  polarity 0
net 54: (22 20)->(23 21) 0 3 0 1 #timing (2962 2906) ps  polarity 1
net 54: (30 24)->(22 16) 5 3 0 1 #timing (2709 2542) ps  polarity 0
net 54: (22 16)->(26 16) 4 5 0 1 #timing (2837 2996) ps  polarity 1
net 54: (26 16)->(26 20) 3 1 0 1 #timing (3166 3252) ps  polarity 1
net 54: (26 20)->(24 22) 1 3 0 1 #timing (3308 3387) ps  polarity 0
net 54: (24 22)->(25 23) 0 3 0 1 #timing (3527 3473) ps  polarity 1
net 54: (28 15)->(29 15) 0 2 0 0 #timing (738 738) ps polarity 1
net 54: (29 15)->(29 13) 1 1 0 0 #timing (858 848) ps polarity 0
net 54: (29 13)->(29 9) 3 1 0 0 #timing (1117 1101) ps polarity 0
net 54: (29 9)->(25 9) 4 2 0 0 #timing (1417 1378) ps polarity 0
net 54: (25 9)->(25 9) 1 0 1 1 #timing (1594 1603) ps  polarity 1
net 54: (25 9)->(25 9) 0 0 0 1 #timing (1686 1684) ps  polarity 0
net 58: (16 17)->(17 17) 0 2 0 0 #timing (176 176) ps polarity 1
net 58: (17 17)->(19 19) 1 3 0 0 #timing (341 312) ps polarity 0
net 58: (19 19)->(19 19) 5 0 0 0 #timing (446 529) ps polarity 1
net 58: (19 19)->(2 19) 13 2 1 0 #timing (1297 1064) ps polarity 0
net 58: (2 19)->(2 19) 5 0 0 1 #timing (1574 1351) ps  polarity 0
net 58: (2 19)->(2 23) 3 1 0 1 #timing (1932 1638) ps  polarity 1
net 58: (2 23)->(2 23) 1 0 1 1 #timing (2029 1740) ps  polarity 0
net 58: (2 23)->(2 23) 0 0 0 1 #timing (1869 2147) ps  polarity 1
net 59: (14 14)->(14 14) 0 0 0 0 #timing (163 163) ps polarity 1
net 59: (14 14)->(12 12) 1 3 0 0 #timing (343 305) ps polarity 0
net 59: (12 12)->(14 12) 1 2 0 1 #timing (638 559) ps  polarity 1
net 59: (14 12)->(15 13) 0 3 0 1 #timing (686 781) ps  polarity 0
net 59: (12 12)->(12 16) 3 4 0 0 #timing (599 629) ps polarity 0
net 59: (12 16)->(14 16) 1 2 0 1 #timing (855 838) ps  polarity 1
net 59: (14 16)->(14 17) 0 1 0 1 #timing (950 989) ps  polarity 0
net 59: (12 16)->(16 16) 4 5 0 0 #timing (889 897) ps polarity 0
net 59: (16 16)->(16 20) 3 1 0 1 #timing (1310 1211) ps  polarity 0
net 59: (16 20)->(18 20) 1 2 0 1 #timing (1458 1346) ps  polarity 1
net 59: (18 20)->(18 21) 0 1 0 1 #timing (1481 1608) ps  polarity 0
net 59: (16 20)->(18 22) 1 3 0 1 #timing (1493 1368) ps  polarity 1
net 59: (18 22)->(18 23) 0 1 0 1 #timing (1514 1666) ps  polarity 0
net 59: (12 16)->(12 16) 5 0 0 0 #timing (723 766) ps polarity 1
net 59: (12 16)->(12 24) 5 1 0 1 #timing (1045 1097) ps  polarity 0
net 59: (12 24)->(14 26) 1 3 0 1 #timing (1376 1264) ps  polarity 1
net 59: (14 26)->(14 27) 0 1 0 1 #timing (1431 1557) ps  polarity 0
net 59: (12 24)->(12 28) 3 1 0 1 #timing (1491 1350) ps  polarity 0
net 59: (12 28)->(14 28) 1 2 0 1 #timing (1634 1486) ps  polarity 1
net 59: (14 28)->(14 29) 0 1 0 1 #timing (1597 1766) ps  polarity 0
net 59: (12 24)->(16 24) 4 5 0 1 #timing (1336 1343) ps  polarity 0
net 59: (16 24)->(18 26) 1 3 0 1 #timing (1595 1554) ps  polarity 1
net 59: (18 26)->(18 27) 0 1 0 1 #timing (1739 1787) ps  polarity 0
net 59: (16 24)->(16 28) 3 1 0 1 #timing (1636 1583) ps  polarity 0
net 59: (16 28)->(18 28) 1 2 0 1 #timing (1773 1713) ps  polarity 1
net 59: (18 28)->(18 29) 0 1 0 1 #timing (1831 1920) ps  polarity 0
net 59: (12 16)->(4 24) 5 3 0 1 #timing (1374 1418) ps  polarity 1
net 59: (4 24)->(6 26) 1 3 0 1 #timing (1631 1636) ps  polarity 1
net 59: (6 26)->(6 27) 0 1 0 1 #timing (1832 1835) ps  polarity 0
net 59: (4 24)->(4 20) 3 4 0 1 #timing (1814 1761) ps  polarity 0
net 59: (4 20)->(6 22) 1 3 0 1 #timing (1989 1913) ps  polarity 1
net 59: (6 22)->(6 23) 0 1 0 1 #timing (2083 2195) ps  polarity 0
net 59: (4 24)->(0 24) 4 2 0 1 #timing (1692 1646) ps  polarity 0
net 59: (0 24)->(0 20) 3 4 0 1 #timing (2039 1907) ps  polarity 0
net 59: (0 20)->(2 20) 1 2 0 1 #timing (2180 2040) ps  polarity 1
net 59: (2 20)->(2 21) 0 1 0 1 #timing (2172 2332) ps  polarity 0
net 59: (0 20)->(2 22) 1 3 0 1 #timing (2203 2056) ps  polarity 1
net 59: (2 22)->(2 23) 0 1 0 1 #timing (2194 2366) ps  polarity 0
net 59: (4 24)->(8 24) 4 5 0 1 #timing (1804 1718) ps  polarity 0
net 59: (8 24)->(10 26) 1 3 0 1 #timing (2075 1933) ps  polarity 1
net 59: (10 26)->(10 27) 0 1 0 1 #timing (2138 2261) ps  polarity 0
net 59: (8 24)->(8 28) 3 1 0 1 #timing (2122 1977) ps  polarity 0
net 59: (8 28)->(10 28) 1 2 0 1 #timing (2245 2098) ps  polarity 1
net 59: (10 28)->(10 29) 0 1 0 1 #timing (2228 2369) ps  polarity 0
net 59: (12 16)->(12 0) 13 1 0 0 #timing (1430 1259) ps polarity 0
net 59: (12 0)->(4 8) 5 3 0 1 #timing (2245 2037) ps  polarity 0
net 59: (4 8)->(0 8) 4 2 0 1 #timing (2317 2517) ps  polarity 1
net 59: (0 8)->(2 10) 1 3 0 1 #timing (2589 2734) ps  polarity 0
net 59: (2 10)->(2 11) 0 1 0 1 #timing (2878 2764) ps  polarity 1
net 64: (15 22)->(15 22) 0 0 0 0 #timing (637 637) ps polarity 1
net 64: (15 22)->(15 22) 1 0 0 0 #timing (709 715) ps polarity 0
net 64: (15 22)->(15 18) 3 1 0 0 #timing (979 929) ps polarity 0
net 64: (15 18)->(13 16) 1 3 0 1 #timing (1273 1157) ps  polarity 1
net 64: (13 16)->(13 17) 0 1 0 1 #timing (1320 1453) ps  polarity 0
net 64: (15 22)->(13 20) 1 3 0 0 #timing (809 776) ps polarity 0
net 64: (13 20)->(13 24) 3 4 0 0 #timing (1115 1121) ps polarity 0
net 64: (13 24)->(13 28) 3 1 0 1 #timing (1531 1438) ps  polarity 0
net 64: (13 28)->(13 28) 1 0 0 1 #timing (1633 1545) ps  polarity 1
net 64: (13 28)->(12 29) 0 3 0 1 #timing (1705 1765) ps  polarity 0
net 64: (13 28)->(13 30) 1 1 0 1 #timing (1673 1573) ps  polarity 1
net 64: (13 30)->(12 30) 0 2 0 1 #timing (1710 1814) ps  polarity 0
net 65: (6 24)->(6 24) 0 0 0 0 #timing (706 706) ps polarity 1
net 65: (6 24)->(4 26) 1 3 0 0 #timing (872 844) ps polarity 0
net 65: (4 26)->(8 26) 4 5 0 1 #timing (1386 1271) ps  polarity 0
net 65: (8 26)->(8 26) 1 0 1 1 #timing (1583 1439) ps  polarity 1
net 65: (8 26)->(8 27) 0 1 0 1 #timing (1551 1690) ps  polarity 0
net 65: (4 26)->(4 26) 5 0 0 0 #timing (987 1077) ps polarity 1
net 65: (4 26)->(4 18) 5 1 0 1 #timing (1315 1413) ps  polarity 0
net 65: (4 18)->(4 14) 3 4 0 1 #timing (1850 1642) ps  polarity 0
net 65: (4 14)->(4 14) 1 0 0 1 #timing (1948 1744) ps  polarity 1
net 65: (4 14)->(5 15) 0 3 0 1 #timing (1860 2057) ps  polarity 0
net 65: (4 14)->(6 14) 1 2 0 1 #timing (1995 1777) ps  polarity 1
net 65: (6 14)->(6 15) 0 1 0 1 #timing (1922 2161) ps  polarity 0
net 66: (6 27)->(6 27) 0 0 0 0 #timing (797 797) ps polarity 1
net 66: (6 27)->(4 27) 1 2 0 0 #timing (938 919) ps polarity 0
net 66: (4 27)->(4 27) 5 0 0 0 #timing (1037 1095) ps polarity 1
net 66: (4 27)->(4 19) 5 1 0 1 #timing (1373 1438) ps  polarity 0
net 66: (4 19)->(4 15) 3 4 0 1 #timing (1888 1706) ps  polarity 0
net 66: (4 15)->(4 15) 1 0 0 1 #timing (1986 1810) ps  polarity 1
net 66: (4 15)->(5 15) 0 2 0 1 #timing (1921 2093) ps  polarity 0
net 66: (6 27)->(7 26) 0 3 0 0 #timing (696 696) ps polarity 1
net 66: (7 26)->(7 26) 1 0 0 0 #timing (791 790) ps polarity 0
net 66: (7 26)->(11 26) 4 5 0 0 #timing (1130 1072) ps polarity 0
net 66: (11 26)->(9 26) 1 2 0 1 #timing (1317 1337) ps  polarity 1
net 66: (9 26)->(8 27) 0 3 0 1 #timing (1504 1495) ps  polarity 0
net 66: (7 26)->(7 24) 1 1 0 0 #timing (842 825) ps polarity 0
net 66: (7 24)->(7 24) 5 0 0 0 #timing (933 979) ps polarity 1
net 66: (7 24)->(7 16) 5 1 0 1 #timing (1300 1356) ps  polarity 0
net 66: (7 16)->(7 12) 3 4 0 1 #timing (1884 1692) ps  polarity 0
net 66: (7 12)->(7 14) 1 1 0 1 #timing (2031 1837) ps  polarity 1
net 66: (7 14)->(6 15) 0 3 0 1 #timing (2008 2192) ps  polarity 0
net 67: (8 30)->(8 31) 0 1 0 0 #timing (696 696) ps polarity 1
net 67: (8 31)->(8 31) 1 0 0 0 #timing (802 814) ps polarity 0
net 67: (8 31)->(8 27) 3 1 0 0 #timing (1098 1034) ps polarity 0
net 67: (8 27)->(8 27) 1 0 0 1 #timing (1316 1216) ps  polarity 1
net 67: (8 27)->(9 26) 0 3 0 1 #timing (1351 1435) ps  polarity 0
net 67: (8 30)->(9 30) 0 2 0 0 #timing (708 708) ps polarity 1
net 67: (9 30)->(9 30) 1 0 0 0 #timing (792 794) ps polarity 0
net 67: (9 30)->(9 28) 1 1 0 1 #timing (1043 997) ps  polarity 1
net 67: (9 28)->(8 29) 0 3 0 1 #timing (1106 1166) ps  polarity 0
net 67: (9 30)->(5 30) 4 5 0 0 #timing (1075 1033) ps polarity 0
net 67: (5 30)->(5 30) 5 0 0 0 #timing (1221 1195) ps polarity 1
net 67: (5 30)->(5 15) 13 1 1 0 #timing (1794 1713) ps polarity 0
net 67: (5 15)->(5 15) 5 0 0 1 #timing (2002 1934) ps  polarity 0
net 67: (5 15)->(5 15) 1 0 0 1 #timing (2144 2073) ps  polarity 0
net 67: (5 15)->(5 15) 0 0 0 1 #timing (2174 2246) ps  polarity 1
net 68: (4 15)->(4 15) 0 0 0 0 #timing (726 726) ps polarity 1
net 68: (4 15)->(6 13) 1 3 0 0 #timing (908 870) ps polarity 0
net 68: (6 13)->(4 13) 1 2 0 1 #timing (1184 1114) ps  polarity 1
net 68: (4 13)->(5 13) 0 2 0 1 #timing (1241 1324) ps  polarity 0
net 68: (6 13)->(6 13) 5 0 0 0 #timing (993 1075) ps polarity 1
net 68: (6 13)->(6 28) 13 1 1 0 #timing (1708 1501) ps polarity 0
net 68: (6 28)->(6 28) 5 0 0 1 #timing (1949 1753) ps  polarity 0
net 68: (6 28)->(10 28) 4 5 0 1 #timing (2320 2064) ps  polarity 1
net 68: (10 28)->(10 24) 3 1 0 1 #timing (2663 2334) ps  polarity 1
net 68: (10 24)->(8 26) 1 3 0 1 #timing (2800 2467) ps  polarity 0
net 68: (8 26)->(8 26) 0 0 0 1 #timing (2613 2954) ps  polarity 1
net 71: (16 10)->(17 10) 0 2 0 0 #timing (201 201) ps polarity 0
net 71: (17 10)->(19 8) 1 3 0 0 #timing (379 351) ps polarity 1
net 71: (19 8)->(19 12) 3 1 0 0 #timing (705 701) ps polarity 1
net 71: (19 12)->(19 12) 5 0 1 0 #timing (831 839) ps polarity 0
net 71: (19 12)->(2 12) 13 2 1 0 #timing (1572 1418) ps polarity 1
net 71: (2 12)->(2 28) 13 1 0 0 #timing (2159 2207) ps polarity 0
net 71: (2 28)->(10 20) 5 3 0 1 #timing (2885 2901) ps  polarity 0
net 71: (10 20)->(10 20) 1 0 0 1 #timing (3070 3072) ps  polarity 0
net 71: (10 20)->(11 20) 0 2 0 1 #timing (3212 3194) ps  polarity 1
net 72: (10 19)->(11 18) 0 3 0 0 #timing (184 184) ps polarity 0
net 72: (11 18)->(11 18) 1 0 0 0 #timing (274 274) ps polarity 1
net 72: (11 18)->(11 22) 3 1 0 1 #timing (691 589) ps  polarity 1
net 72: (11 22)->(11 20) 1 1 0 1 #timing (833 724) ps  polarity 0
net 72: (11 20)->(11 20) 0 0 0 1 #timing (895 1016) ps  polarity 1
net 73: (17 23)->(17 23) 0 0 0 0 #timing (182 182) ps polarity 1
net 73: (17 23)->(19 21) 1 3 0 0 #timing (345 315) ps polarity 0
net 73: (19 21)->(19 25) 3 4 0 0 #timing (669 660) ps polarity 0
net 73: (19 25)->(19 29) 3 1 0 1 #timing (1098 985) ps  polarity 0
net 73: (19 29)->(19 29) 1 0 1 1 #timing (1195 1087) ps  polarity 1
net 73: (19 29)->(18 29) 0 2 0 1 #timing (1219 1314) ps  polarity 0
net 75: (5 14)->(5 14) 0 0 0 0 #timing (162 162) ps polarity 1
net 75: (5 14)->(7 12) 1 3 0 0 #timing (340 303) ps polarity 0
net 75: (7 12)->(7 12) 1 0 1 1 #timing (566 507) ps  polarity 1
net 75: (7 12)->(6 12) 0 2 0 1 #timing (639 685) ps  polarity 0
net 77: (9 26)->(9 26) 0 0 0 0 #timing (216 216) ps polarity 1
net 77: (9 26)->(11 24) 1 3 0 0 #timing (401 364) ps polarity 0
net 77: (11 24)->(11 28) 3 1 0 0 #timing (690 706) ps polarity 0
net 77: (11 28)->(9 30) 1 3 0 1 #timing (1020 961) ps  polarity 1
net 77: (9 30)->(8 30) 0 2 0 1 #timing (1127 1222) ps  polarity 0
net 77: (9 26)->(8 26) 0 2 0 0 #timing (214 214) ps polarity 1
net 77: (8 26)->(10 24) 1 3 0 0 #timing (390 352) ps polarity 0
net 77: (10 24)->(10 24) 5 0 0 0 #timing (472 554) ps polarity 1
net 77: (10 24)->(10 16) 5 1 0 1 #timing (813 899) ps  polarity 0
net 77: (10 16)->(6 16) 4 5 0 1 #timing (1151 1176) ps  polarity 0
net 77: (6 16)->(6 12) 3 4 0 1 #timing (1484 1438) ps  polarity 0
net 77: (6 12)->(6 12) 1 0 0 1 #timing (1580 1540) ps  polarity 1
net 77: (6 12)->(7 13) 0 3 0 1 #timing (1671 1697) ps  polarity 0
net 77: (9 26)->(8 27) 0 3 0 0 #timing (239 239) ps polarity 1
net 77: (8 27)->(8 27) 1 0 0 0 #timing (326 326) ps polarity 0
net 77: (8 27)->(8 27) 1 0 1 1 #timing (532 498) ps  polarity 1
net 77: (8 27)->(8 27) 0 0 0 1 #timing (605 636) ps  polarity 0
net 79: (11 18)->(11 19) 0 1 0 0 #timing (193 193) ps polarity 0
net 79: (11 19)->(9 17) 1 3 0 0 #timing (388 344) ps polarity 1
net 79: (9 17)->(13 17) 4 2 0 0 #timing (664 713) ps polarity 1
net 79: (13 17)->(17 17) 4 5 0 1 #timing (976 999) ps  polarity 1
net 79: (17 17)->(17 13) 3 4 0 1 #timing (1272 1233) ps  polarity 1
net 79: (17 13)->(19 15) 1 3 0 1 #timing (1456 1394) ps  polarity 0
net 79: (19 15)->(19 15) 0 0 0 1 #timing (1536 1629) ps  polarity 1
net 79: (13 17)->(13 17) 5 0 1 0 #timing (799 868) ps polarity 0
net 79: (13 17)->(28 17) 13 2 1 0 #timing (1548 1348) ps polarity 1
net 79: (28 17)->(20 17) 5 2 0 1 #timing (2082 1851) ps  polarity 0
net 79: (20 17)->(20 13) 3 4 0 1 #timing (2293 2411) ps  polarity 0
net 79: (20 13)->(20 15) 1 1 0 1 #timing (2425 2539) ps  polarity 1
net 79: (20 15)->(21 15) 0 2 0 1 #timing (2648 2553) ps  polarity 0
net 80: (26 3)->(26 3) 0 0 0 0 #timing (191 191) ps polarity 0
net 80: (26 3)->(24 1) 1 3 0 0 #timing (339 317) ps polarity 1
net 80: (24 1)->(24 1) 5 0 1 0 #timing (435 496) ps polarity 0
net 80: (24 1)->(24 9) 5 1 0 1 #timing (798 852) ps  polarity 1
net 80: (24 9)->(24 13) 3 1 0 1 #timing (1324 1150) ps  polarity 1
net 80: (24 13)->(26 15) 1 3 0 1 #timing (1474 1290) ps  polarity 0
net 80: (26 15)->(26 14) 0 1 0 1 #timing (1496 1655) ps  polarity 1
net 81: (14 15)->(15 14) 0 3 0 0 #timing (209 209) ps polarity 0
net 81: (15 14)->(13 12) 1 3 0 0 #timing (391 359) ps polarity 1
net 81: (13 12)->(17 12) 4 5 0 1 #timing (829 730) ps  polarity 1
net 81: (17 12)->(17 14) 1 1 0 1 #timing (1073 932) ps  polarity 0
net 81: (17 14)->(16 14) 0 2 0 1 #timing (1073 1217) ps  polarity 1
net 82: (13 13)->(13 12) 0 1 0 0 #timing (204 204) ps polarity 0
net 82: (13 12)->(13 12) 1 0 0 0 #timing (290 291) ps polarity 1
net 82: (13 12)->(13 12) 1 0 1 1 #timing (493 461) ps  polarity 0
net 82: (13 12)->(13 13) 0 1 0 1 #timing (599 614) ps  polarity 1
net 83: (18 12)->(18 12) 0 0 0 0 #timing (704 704) ps polarity 1
net 83: (18 12)->(16 14) 1 3 0 0 #timing (841 822) ps polarity 0
net 83: (16 14)->(18 14) 1 2 0 1 #timing (1139 1082) ps  polarity 1
net 83: (18 14)->(19 14) 0 2 0 1 #timing (1238 1302) ps  polarity 0
net 83: (16 14)->(16 18) 3 4 0 0 #timing (1173 1173) ps polarity 0
net 83: (16 18)->(16 16) 1 1 0 1 #timing (1441 1389) ps  polarity 1
net 83: (16 16)->(17 16) 0 2 0 1 #timing (1497 1570) ps  polarity 0
net 83: (16 18)->(20 18) 4 2 0 0 #timing (1454 1443) ps polarity 0
net 83: (20 18)->(20 16) 1 1 0 1 #timing (1698 1565) ps 
net 83: (20 18)->(20 18) 5 0 1 0 #timing (1578 1582) ps polarity 1
net 83: (20 18)->(4 18) 13 2 0 0 #timing (2218 2094) ps polarity 0
net 83: (4 18)->(4 3) 13 1 1 0 #timing (2715 2756) ps polarity 1
net 83: (4 3)->(21 3) 13 2 1 0 #timing (3452 3306) ps polarity 0
net 83: (21 3)->(21 11) 5 1 0 1 #timing (3935 3766) ps  polarity 1
net 83: (21 11)->(21 15) 3 1 0 1 #timing (4147 4233) ps  polarity 1
net 83: (21 15)->(23 13) 1 3 0 1 #timing (4323 4390) ps  polarity 0
net 83: (23 13)->(22 13) 0 2 0 1 #timing (4530 4476) ps  polarity 1
net 83: (16 18)->(16 18) 5 0 0 0 #timing (1301 1315) ps polarity 1
net 83: (16 18)->(16 3) 13 1 1 0 #timing (1945 1812) ps polarity 0
net 83: (16 3)->(24 11) 5 3 0 1 #timing (2685 2533) ps  polarity 0
net 83: (24 11)->(24 9) 1 1 0 1 #timing (2912 2736) ps  polarity 0
net 83: (24 9)->(24 9) 0 0 0 1 #timing (2877 3056) ps  polarity 1
net 83: (24 11)->(26 11) 1 2 0 1 #timing (2906 2731) ps  polarity 0
net 83: (26 11)->(27 10) 0 3 0 1 #timing (2865 3034) ps  polarity 1
net 83: (16 3)->(0 3) 13 2 0 0 #timing (2481 2516) ps polarity 1
net 83: (0 3)->(0 11) 5 1 0 1 #timing (2922 2943) ps  polarity 0
net 83: (0 11)->(2 11) 1 2 0 1 #timing (3208 3133) ps  polarity 1
net 83: (2 11)->(2 11) 0 0 0 1 #timing (3250 3351) ps  polarity 0
net 83: (16 14)->(20 14) 4 2 0 0 #timing (1124 1159) ps polarity 0
net 83: (20 14)->(20 14) 1 0 0 1 #timing (1367 1302) ps  polarity 1
net 83: (20 14)->(21 14) 0 2 0 1 #timing (1442 1491) ps  polarity 0
net 83: (20 14)->(22 14) 1 2 0 1 #timing (1409 1331) ps  polarity 1
net 83: (22 14)->(23 14) 0 2 0 1 #timing (1492 1581) ps  polarity 0
net 83: (20 14)->(20 18) 3 4 0 1 #timing (1560 1434) ps  polarity 0
net 83: (20 18)->(20 16) 1 1 0 1 #timing (1698 1565) ps  polarity 1
net 83: (20 16)->(21 16) 0 2 0 1 #timing (1671 1823) ps  polarity 0
net 83: (20 14)->(20 14) 5 0 0 0 #timing (1247 1296) ps polarity 1
net 83: (20 14)->(20 31) 13 1 1 0 #timing (1931 1760) ps polarity 0
net 83: (20 31)->(20 23) 5 1 0 1 #timing (2363 2177) ps  polarity 1
net 83: (20 23)->(20 19) 3 1 0 1 #timing (2613 2691) ps  polarity 1
net 83: (20 19)->(20 19) 1 0 1 1 #timing (2708 2793) ps  polarity 0
net 83: (20 19)->(20 18) 0 1 0 1 #timing (2934 2830) ps  polarity 1
net 83: (20 14)->(5 14) 13 2 1 0 #timing (1926 1758) ps polarity 0
net 83: (5 14)->(13 14) 5 2 0 1 #timing (2426 2225) ps  polarity 1
net 83: (13 14)->(17 14) 4 5 0 1 #timing (2740 2490) ps  polarity 1
net 83: (17 14)->(17 18) 3 4 0 1 #timing (3023 2723) ps  polarity 1
net 83: (17 18)->(17 18) 1 0 1 1 #timing (3123 2827) ps  polarity 0
net 83: (17 18)->(16 18) 0 2 0 1 #timing (2958 3241) ps  polarity 1
net 84: (10 21)->(10 21) 0 0 0 0 #timing (726 726) ps polarity 1
net 84: (10 21)->(8 21) 1 2 0 0 #timing (831 827) ps polarity 0
net 84: (8 21)->(8 17) 3 1 0 0 #timing (1126 1090) ps polarity 0
net 84: (8 17)->(12 17) 4 2 0 0 #timing (1398 1354) ps polarity 0
net 84: (12 17)->(12 17) 1 0 1 1 #timing (1558 1574) ps  polarity 1
net 84: (12 17)->(13 16) 0 3 0 1 #timing (1703 1674) ps  polarity 0
net 84: (8 21)->(12 21) 4 2 0 0 #timing (1079 1092) ps polarity 0
net 84: (12 21)->(12 21) 5 0 0 0 #timing (1201 1232) ps polarity 1
net 84: (12 21)->(12 5) 13 1 0 0 #timing (1858 1706) ps polarity 0
net 84: (12 5)->(12 5) 5 0 0 1 #timing (2082 1942) ps  polarity 0
net 84: (12 5)->(16 5) 4 5 0 1 #timing (2416 2232) ps  polarity 1
net 84: (16 5)->(16 9) 3 4 0 1 #timing (2708 2465) ps  polarity 1
net 84: (16 9)->(16 11) 1 1 0 1 #timing (2855 2601) ps  polarity 0
net 84: (16 11)->(16 11) 0 0 0 1 #timing (2724 2989) ps  polarity 1
net 84: (12 21)->(29 21) 13 2 1 0 #timing (1876 1719) ps polarity 0
net 84: (29 21)->(29 4) 13 1 1 0 #timing (2425 2483) ps polarity 1
net 84: (29 4)->(21 4) 5 2 0 1 #timing (2920 2949) ps  polarity 0
net 84: (21 4)->(21 8) 3 4 0 1 #timing (3361 3236) ps  polarity 0
net 84: (21 8)->(21 8) 1 0 0 1 #timing (3461 3340) ps  polarity 1
net 84: (21 8)->(21 9) 0 1 0 1 #timing (3488 3588) ps  polarity 0
net 84: (10 21)->(8 23) 1 3 0 0 #timing (855 841) ps polarity 0
net 84: (8 23)->(4 23) 4 5 0 0 #timing (1203 1192) ps polarity 0
net 84: (4 23)->(4 23) 5 0 0 0 #timing (1347 1350) ps polarity 1
net 84: (4 23)->(4 7) 13 1 0 0 #timing (1960 1845) ps polarity 0
net 84: (4 7)->(12 15) 5 3 0 1 #timing (2701 2556) ps  polarity 0
net 84: (12 15)->(16 15) 4 5 0 1 #timing (2898 3010) ps  polarity 1
net 84: (16 15)->(16 15) 1 0 1 1 #timing (3084 3172) ps  polarity 0
net 84: (16 15)->(17 15) 0 2 0 1 #timing (3281 3190) ps  polarity 1
net 84: (10 21)->(11 21) 0 2 0 0 #timing (738 738) ps polarity 1
net 84: (11 21)->(11 21) 1 0 0 0 #timing (816 819) ps polarity 0
net 84: (11 21)->(11 21) 1 0 1 1 #timing (1020 990) ps  polarity 1
net 84: (11 21)->(10 21) 0 2 0 1 #timing (1113 1134) ps  polarity 0
net 84: (11 21)->(11 17) 3 1 0 0 #timing (1087 1038) ps polarity 0
net 84: (11 17)->(11 13) 3 4 0 1 #timing (1555 1385) ps  polarity 0
net 84: (11 13)->(9 15) 1 3 0 1 #timing (1744 1546) ps  polarity 1
net 84: (9 15)->(9 14) 0 1 0 1 #timing (1718 1945) ps  polarity 0
net 84: (11 21)->(9 23) 1 3 0 0 #timing (887 871) ps polarity 0
net 84: (9 23)->(9 19) 3 1 0 0 #timing (1206 1210) ps polarity 0
net 84: (9 19)->(13 19) 4 2 0 0 #timing (1520 1495) ps polarity 0
net 84: (13 19)->(13 15) 3 4 0 1 #timing (1971 1878) ps  polarity 0
net 84: (13 15)->(13 15) 1 0 0 1 #timing (2063 1977) ps  polarity 1
net 84: (13 15)->(13 15) 0 0 0 1 #timing (2077 2164) ps  polarity 0
net 84: (10 21)->(11 20) 0 3 0 0 #timing (743 743) ps polarity 1
net 84: (11 20)->(11 20) 1 0 0 0 #timing (832 832) ps polarity 0
net 84: (11 20)->(11 20) 1 0 0 1 #timing (1038 1004) ps  polarity 1
net 84: (11 20)->(10 20) 0 2 0 1 #timing (1125 1151) ps  polarity 0
net 85: (22 0)->(22 1) 0 1 0 0 #timing (814 814) ps polarity 1
net 85: (22 1)->(22 1) 1 0 0 0 #timing (908 910) ps polarity 0
net 85: (22 1)->(18 1) 4 2 0 0 #timing (1220 1168) ps polarity 0
net 85: (18 1)->(18 1) 5 0 0 0 #timing (1351 1316) ps polarity 1
net 85: (18 1)->(18 9) 5 1 0 1 #timing (1671 1643) ps  polarity 0
net 85: (18 9)->(18 13) 3 1 0 1 #timing (1945 1859) ps 
net 85: (18 9)->(14 9) 4 5 0 1 #timing (1983 1899) ps  polarity 0
net 85: (14 9)->(14 13) 3 1 0 1 #timing (2239 2112) ps  polarity 0
net 85: (14 13)->(12 13) 1 2 0 1 #timing (2406 2259) ps  polarity 1
net 85: (12 13)->(13 13) 0 2 0 1 #timing (2366 2530) ps  polarity 0
net 85: (22 1)->(22 1) 5 0 0 0 #timing (1013 1028) ps polarity 1
net 85: (22 1)->(22 9) 5 1 0 1 #timing (1372 1386) ps  polarity 0
net 85: (22 9)->(22 9) 1 0 0 1 #timing (1588 1542) ps  polarity 1
net 85: (22 9)->(22 9) 0 0 0 1 #timing (1649 1693) ps  polarity 0
net 85: (22 9)->(18 9) 4 2 0 1 #timing (1666 1635) ps  polarity 0
net 85: (18 9)->(18 13) 3 1 0 1 #timing (1945 1859) ps  polarity 0
net 85: (18 13)->(16 15) 1 3 0 1 #timing (2132 2017) ps  polarity 1
net 85: (16 15)->(16 15) 0 0 0 1 #timing (2177 2310) ps  polarity 0
net 85: (22 0)->(23 0) 0 2 0 0 #timing (822 822) ps polarity 1
net 85: (23 0)->(23 0) 1 0 0 0 #timing (914 913) ps polarity 0
net 85: (23 0)->(19 0) 4 2 0 0 #timing (1147 1130) ps polarity 0
net 85: (19 0)->(15 0) 4 5 0 1 #timing (1536 1462) ps  polarity 0
net 85: (15 0)->(15 4) 3 1 0 1 #timing (1829 1696) ps  polarity 0
net 85: (15 4)->(15 4) 1 0 0 1 #timing (1928 1801) ps  polarity 1
net 85: (15 4)->(14 5) 0 3 0 1 #timing (1959 2059) ps  polarity 0
net 86: (25 17)->(25 17) 0 0 0 0 #timing (211 211) ps polarity 1
net 86: (25 17)->(25 19) 1 1 0 0 #timing (328 320) ps polarity 0
net 86: (25 19)->(21 19) 4 5 0 0 #timing (615 603) ps polarity 0
net 86: (21 19)->(17 19) 4 2 0 1 #timing (932 889) ps  polarity 0
net 86: (17 19)->(17 15) 3 4 0 1 #timing (1231 1129) ps  polarity 0
net 86: (17 15)->(17 15) 1 0 1 1 #timing (1329 1230) ps  polarity 1
net 86: (17 15)->(16 15) 0 2 0 1 #timing (1351 1442) ps  polarity 0
net 87: (17 8)->(16 8) 0 2 0 0 #timing (173 173) ps polarity 1
net 87: (16 8)->(18 10) 1 3 0 0 #timing (335 308) ps polarity 0
net 87: (18 10)->(22 10) 4 2 0 0 #timing (596 644) ps polarity 0
net 87: (22 10)->(22 6) 3 4 0 1 #timing (1115 957) ps  polarity 0
net 87: (22 6)->(20 4) 1 3 0 1 #timing (1334 1138) ps  polarity 1
net 87: (20 4)->(21 4) 0 2 0 1 #timing (1273 1496) ps  polarity 0
net 87: (17 8)->(16 9) 0 3 0 0 #timing (188 188) ps polarity 1
net 87: (16 9)->(18 9) 1 2 0 0 #timing (330 310) ps polarity 0
net 87: (18 9)->(16 11) 1 3 0 1 #timing (632 568) ps  polarity 1
net 87: (16 11)->(17 10) 0 3 0 1 #timing (749 824) ps  polarity 0
net 87: (18 9)->(14 9) 4 5 0 0 #timing (625 629) ps polarity 0
net 87: (14 9)->(14 9) 5 0 1 0 #timing (755 777) ps polarity 1
net 87: (14 9)->(14 1) 5 1 0 1 #timing (1121 1143) ps  polarity 0
net 87: (14 1)->(14 3) 1 1 0 1 #timing (1392 1323) ps  polarity 1
net 87: (14 3)->(15 3) 0 2 0 1 #timing (1429 1515) ps  polarity 0
net 87: (14 1)->(18 1) 4 5 0 1 #timing (1433 1403) ps  polarity 0
net 87: (18 1)->(16 3) 1 3 0 1 #timing (1713 1625) ps  polarity 1
net 87: (16 3)->(17 3) 0 2 0 1 #timing (1745 1863) ps  polarity 0
net 88: (16 4)->(16 4) 0 0 0 0 #timing (190 190) ps polarity 0
net 88: (16 4)->(16 4) 1 0 0 0 #timing (261 266) ps polarity 1
net 88: (16 4)->(16 4) 1 0 1 1 #timing (464 436) ps  polarity 0
net 88: (16 4)->(17 4) 0 2 0 1 #timing (556 575) ps  polarity 1
net 88: (16 4)->(18 6) 1 3 0 0 #timing (324 308) ps polarity 1
net 88: (18 6)->(18 6) 1 0 0 1 #timing (567 532) ps  polarity 0
net 88: (18 6)->(19 7) 0 3 0 1 #timing (644 674) ps  polarity 1
net 88: (18 6)->(18 4) 1 1 0 1 #timing (613 565) ps  polarity 0
net 88: (18 4)->(19 4) 0 2 0 1 #timing (670 736) ps  polarity 1
net 88: (18 6)->(18 2) 3 1 0 0 #timing (623 630) ps polarity 1
net 88: (18 2)->(18 2) 5 0 0 0 #timing (750 768) ps polarity 0
net 88: (18 2)->(18 18) 13 1 0 0 #timing (1382 1251) ps polarity 1
net 88: (18 18)->(3 18) 13 2 1 0 #timing (1881 1929) ps polarity 0
net 88: (3 18)->(3 3) 13 1 1 0 #timing (2556 2418) ps polarity 1
net 88: (3 3)->(11 11) 5 3 0 1 #timing (3298 3134) ps  polarity 1
net 88: (11 11)->(11 9) 1 1 0 1 #timing (3510 3324) ps  polarity 1
net 88: (11 9)->(10 9) 0 2 0 1 #timing (3466 3654) ps  polarity 0
net 88: (3 3)->(19 3) 13 2 0 0 #timing (3065 3109) ps polarity 0
net 88: (19 3)->(19 11) 5 1 0 1 #timing (3520 3551) ps  polarity 1
net 88: (19 11)->(17 11) 1 2 0 1 #timing (3802 3721) ps  polarity 0
net 88: (17 11)->(17 10) 0 1 0 1 #timing (3857 3954) ps  polarity 1
net 88: (18 6)->(18 10) 3 4 0 0 #timing (658 659) ps polarity 1
net 88: (18 10)->(16 8) 1 3 0 1 #timing (977 904) ps  polarity 0
net 88: (16 8)->(17 8) 0 2 0 1 #timing (1044 1132) ps  polarity 1
net 88: (18 10)->(14 10) 4 5 0 0 #timing (1003 953) ps polarity 1
net 88: (14 10)->(14 14) 3 1 0 1 #timing (1357 1314) ps  polarity 1
net 88: (14 14)->(14 14) 1 0 1 1 #timing (1452 1415) ps  polarity 0
net 88: (14 14)->(14 14) 0 0 0 1 #timing (1518 1553) ps  polarity 1
net 88: (14 14)->(14 15) 0 1 0 1 #timing (1534 1563) ps  polarity 1
net 88: (14 14)->(15 14) 0 2 0 1 #timing (1556 1576) ps  polarity 1
net 88: (14 10)->(10 10) 4 2 0 1 #timing (1286 1216) ps  polarity 1
net 88: (10 10)->(10 14) 3 1 0 1 #timing (1560 1443) ps  polarity 1
net 88: (10 14)->(10 14) 1 0 1 1 #timing (1663 1547) ps  polarity 0
net 88: (10 14)->(11 14) 0 2 0 1 #timing (1689 1788) ps  polarity 1
net 88: (14 10)->(14 10) 5 0 0 0 #timing (1128 1095) ps polarity 0
net 88: (14 10)->(14 26) 13 1 0 0 #timing (1699 1619) ps polarity 1
net 88: (14 26)->(14 18) 5 1 0 1 #timing (2168 2067) ps  polarity 0
net 88: (14 18)->(14 18) 1 0 1 1 #timing (2268 2336) ps  polarity 1
net 88: (14 18)->(15 18) 0 2 0 1 #timing (2432 2366) ps  polarity 0
net 88: (14 18)->(18 18) 4 5 0 1 #timing (2460 2307) ps  polarity 0
net 88: (18 18)->(18 18) 1 0 0 1 #timing (2651 2473) ps  polarity 1
net 88: (18 18)->(19 18) 0 2 0 1 #timing (2567 2748) ps  polarity 0
net 88: (18 6)->(22 6) 4 2 0 0 #timing (601 641) ps polarity 1
net 88: (22 6)->(20 6) 1 2 0 1 #timing (904 813) ps  polarity 0
net 88: (20 6)->(21 7) 0 3 0 1 #timing (962 1055) ps  polarity 1
net 88: (22 6)->(22 10) 3 4 0 1 #timing (1127 970) ps  polarity 1
net 88: (22 10)->(22 8) 1 1 0 1 #timing (1277 1111) ps  polarity 0
net 88: (22 8)->(22 9) 0 1 0 1 #timing (1251 1423) ps  polarity 1
net 88: (22 6)->(22 6) 5 0 0 0 #timing (722 776) ps polarity 0
net 88: (22 6)->(7 6) 13 2 1 0 #timing (1444 1264) ps polarity 1
net 88: (7 6)->(15 14) 5 3 0 1 #timing (2176 1968) ps  polarity 1
net 88: (15 14)->(19 14) 4 5 0 1 #timing (2352 2528) ps  polarity 0
net 88: (19 14)->(17 14) 1 2 0 1 #timing (2584 2721) ps  polarity 1
net 88: (17 14)->(16 15) 0 3 0 1 #timing (2880 2749) ps  polarity 0
net 89: (15 16)->(15 16) 0 0 0 0 #timing (637 637) ps polarity 1
net 89: (15 16)->(15 16) 1 0 0 0 #timing (708 714) ps polarity 0
net 89: (15 16)->(15 16) 5 0 0 0 #timing (816 826) ps polarity 1
net 89: (15 16)->(7 16) 5 2 0 1 #timing (1266 1262) ps  polarity 0
net 89: (7 16)->(7 16) 1 0 0 1 #timing (1464 1435) ps  polarity 1
net 89: (7 16)->(7 16) 0 0 0 1 #timing (1509 1547) ps  polarity 0
net 89: (15 16)->(14 16) 0 2 0 0 #timing (643 643) ps polarity 1
net 89: (14 16)->(12 18) 1 3 0 0 #timing (801 775) ps polarity 0
net 89: (12 18)->(8 18) 4 2 0 0 #timing (1067 1112) ps polarity 0
net 89: (8 18)->(10 16) 1 3 0 1 #timing (1401 1298) ps  polarity 1
net 89: (10 16)->(10 16) 0 0 0 1 #timing (1454 1555) ps  polarity 0
net 90: (15 17)->(14 17) 0 2 0 0 #timing (235 235) ps polarity 1
net 90: (14 17)->(12 17) 1 2 0 0 #timing (375 356) ps polarity 0
net 90: (12 17)->(8 17) 4 2 0 1 #timing (764 697) ps  polarity 0
net 90: (8 17)->(10 17) 1 2 0 1 #timing (990 889) ps  polarity 1
net 90: (10 17)->(10 16) 0 1 0 1 #timing (993 1103) ps  polarity 0
net 91: (14 17)->(15 17) 0 2 0 0 #timing (176 176) ps polarity 1
net 91: (15 17)->(13 17) 1 2 0 0 #timing (320 303) ps polarity 0
net 91: (13 17)->(9 17) 4 2 0 0 #timing (594 621) ps polarity 0
net 91: (9 17)->(11 17) 1 2 0 1 #timing (901 824) ps  polarity 1
net 91: (11 17)->(10 16) 0 3 0 1 #timing (929 1038) ps  polarity 0
net 91: (9 17)->(5 17) 4 5 0 1 #timing (904 899) ps  polarity 0
net 91: (5 17)->(7 17) 1 2 0 1 #timing (1177 1115) ps  polarity 1
net 91: (7 17)->(7 16) 0 1 0 1 #timing (1241 1304) ps  polarity 0
net 92: (7 18)->(7 18) 0 0 0 0 #timing (733 733) ps polarity 1
net 92: (7 18)->(5 18) 1 2 0 0 #timing (853 844) ps polarity 0
net 92: (5 18)->(5 18) 5 0 1 0 #timing (958 997) ps polarity 1
net 92: (5 18)->(5 26) 5 1 0 1 #timing (1282 1329) ps  polarity 0
net 92: (5 26)->(5 26) 1 0 0 1 #timing (1536 1455) ps  polarity 1
net 92: (5 26)->(4 27) 0 3 0 1 #timing (1597 1659) ps  polarity 0
net 92: (7 18)->(5 16) 1 3 0 0 #timing (899 870) ps polarity 0
net 92: (5 16)->(9 16) 4 5 0 0 #timing (1225 1230) ps polarity 0
net 92: (9 16)->(11 16) 1 2 0 1 #timing (1474 1431) ps  polarity 1
net 92: (11 16)->(10 16) 0 2 0 1 #timing (1527 1606) ps  polarity 0
net 92: (7 18)->(6 19) 0 3 0 0 #timing (732 732) ps polarity 1
net 92: (6 19)->(6 19) 1 0 0 0 #timing (820 820) ps polarity 0
net 92: (6 19)->(6 17) 1 1 0 1 #timing (1073 1025) ps  polarity 1
net 92: (6 17)->(7 17) 0 2 0 1 #timing (1154 1214) ps  polarity 0
net 92: (6 17)->(7 16) 0 3 0 1 #timing (1174 1223) ps  polarity 0
net 93: (6 16)->(6 16) 0 0 0 0 #timing (671 671) ps polarity 1
net 93: (6 16)->(6 18) 1 1 0 0 #timing (789 783) ps polarity 0
net 93: (6 18)->(10 18) 4 5 0 0 #timing (1076 1073) ps polarity 0
net 93: (10 18)->(10 18) 1 0 0 1 #timing (1274 1250) ps  polarity 1
net 93: (10 18)->(11 18) 0 2 0 1 #timing (1345 1371) ps  polarity 0
net 93: (6 16)->(6 17) 0 1 0 0 #timing (672 672) ps polarity 1
net 93: (6 17)->(6 17) 1 0 0 0 #timing (763 764) ps polarity 0
net 93: (6 17)->(6 17) 1 0 0 1 #timing (969 936) ps  polarity 1
net 93: (6 17)->(6 16) 0 1 0 1 #timing (1036 1070) ps  polarity 0
net 93: (6 17)->(6 21) 3 1 0 0 #timing (1046 997) ps polarity 0
net 93: (6 21)->(4 21) 1 2 0 1 #timing (1316 1212) ps  polarity 1
net 93: (4 21)->(4 20) 0 1 0 1 #timing (1345 1457) ps  polarity 0
net 94: (4 12)->(4 12) 0 0 0 0 #timing (704 704) ps polarity 1
net 94: (4 12)->(6 14) 1 3 0 0 #timing (853 829) ps polarity 0
net 94: (6 14)->(6 10) 3 1 0 0 #timing (1157 1169) ps polarity 0
net 94: (6 10)->(4 10) 1 2 0 1 #timing (1454 1402) ps  polarity 1
net 94: (4 10)->(4 11) 0 1 0 1 #timing (1549 1618) ps  polarity 0
net 94: (6 10)->(6 10) 5 0 0 0 #timing (1292 1315) ps polarity 1
net 94: (6 10)->(6 27) 13 1 1 0 #timing (1991 1835) ps polarity 0
net 94: (6 27)->(14 19) 5 3 0 1 #timing (2681 2505) ps  polarity 0
net 94: (14 19)->(10 19) 4 2 0 1 #timing (2818 2973) ps  polarity 1
net 94: (10 19)->(10 19) 1 0 0 1 #timing (3007 3138) ps  polarity 0
net 94: (10 19)->(10 18) 0 1 0 1 #timing (3287 3133) ps  polarity 1
net 94: (6 14)->(6 18) 3 4 0 1 #timing (1306 1201) ps  polarity 0
net 94: (6 18)->(6 16) 1 1 0 1 #timing (1455 1339) ps  polarity 1
net 94: (6 16)->(7 16) 0 2 0 1 #timing (1462 1590) ps  polarity 0
net 94: (6 18)->(4 16) 1 3 0 1 #timing (1516 1376) ps  polarity 1
net 94: (4 16)->(4 16) 0 0 0 1 #timing (1538 1684) ps  polarity 0
net 95: (17 4)->(17 4) 0 0 0 0 #timing (183 183) ps polarity 0
net 95: (17 4)->(17 6) 1 1 0 0 #timing (289 285) ps polarity 1
net 95: (17 6)->(17 4) 1 1 0 1 #timing (551 512) ps  polarity 0
net 95: (17 4)->(17 5) 0 1 0 1 #timing (659 696) ps  polarity 1
net 95: (17 4)->(16 4) 0 2 0 0 #timing (190 190) ps polarity 0
net 95: (16 4)->(16 6) 1 1 0 0 #timing (303 296) ps polarity 1
net 95: (16 6)->(16 10) 3 4 0 0 #timing (593 572) ps polarity 1
net 95: (16 10)->(20 10) 4 2 0 0 #timing (868 836) ps polarity 1
net 95: (20 10)->(20 8) 1 1 0 1 #timing (1091 1079) ps  polarity 0
net 95: (20 8)->(20 8) 0 0 0 1 #timing (1217 1235) ps  polarity 1
net 97: (12 23)->(12 23) 0 0 0 0 #timing (161 161) ps polarity 1
net 97: (12 23)->(14 21) 1 3 0 0 #timing (349 306) ps polarity 0
net 97: (14 21)->(14 21) 1 0 1 1 #timing (581 519) ps  polarity 1
net 97: (14 21)->(15 20) 0 3 0 1 #timing (675 712) ps  polarity 0
net 97: (14 21)->(14 17) 3 1 0 0 #timing (598 626) ps polarity 0
net 97: (14 17)->(14 13) 3 4 0 1 #timing (1039 959) ps  polarity 0
net 97: (14 13)->(12 15) 1 3 0 1 #timing (1223 1118) ps  polarity 1
net 97: (12 15)->(12 14) 0 1 0 1 #timing (1281 1407) ps  polarity 0
net 98: (12 29)->(12 29) 0 0 0 0 #timing (155 155) ps polarity 1
net 98: (12 29)->(14 31) 1 3 0 0 #timing (302 280) ps polarity 0
net 98: (14 31)->(14 27) 3 1 0 0 #timing (576 592) ps polarity 0
net 98: (14 27)->(14 23) 3 4 0 1 #timing (942 886) ps  polarity 0
net 98: (14 23)->(14 23) 1 0 1 1 #timing (1040 988) ps  polarity 1
net 98: (14 23)->(15 22) 0 3 0 1 #timing (1116 1156) ps  polarity 0
net 98: (14 27)->(10 27) 4 2 0 0 #timing (884 863) ps polarity 0
net 98: (10 27)->(10 27) 5 0 1 0 #timing (1014 1012) ps polarity 1
net 98: (10 27)->(10 10) 13 1 1 0 #timing (1695 1566) ps polarity 0
net 98: (10 10)->(27 10) 13 2 1 0 #timing (2315 2336) ps polarity 1
net 98: (27 10)->(19 10) 5 2 0 1 #timing (2869 2857) ps  polarity 0
net 98: (19 10)->(17 10) 1 2 0 1 #timing (3130 3081) ps  polarity 1
net 98: (17 10)->(17 11) 0 1 0 1 #timing (3259 3302) ps  polarity 0
net 100: (16 26)->(17 26) 0 2 0 0 #timing (180 180) ps polarity 1
net 100: (17 26)->(19 24) 1 3 0 0 #timing (367 327) ps polarity 0
net 100: (19 24)->(15 24) 4 5 0 0 #timing (610 654) ps polarity 0
net 100: (15 24)->(15 24) 5 0 1 0 #timing (741 803) ps polarity 1
net 100: (15 24)->(15 16) 5 1 0 1 #timing (1075 1146) ps  polarity 0
net 100: (15 16)->(15 12) 3 4 0 1 #timing (1577 1397) ps  polarity 0
net 100: (15 12)->(15 14) 1 1 0 1 #timing (1712 1527) ps  polarity 1
net 100: (15 14)->(15 14) 0 0 0 1 #timing (1647 1849) ps  polarity 0
net 102: (19 3)->(18 2) 0 3 0 0 #timing (702 702) ps polarity 1
net 102: (18 2)->(16 0) 1 3 0 0 #timing (885 852) ps polarity 0
net 102: (16 0)->(12 0) 4 5 0 0 #timing (1209 1218) ps polarity 0
net 102: (12 0)->(8 0) 4 2 0 1 #timing (1492 1484) ps  polarity 0
net 102: (8 0)->(8 4) 3 1 0 1 #timing (1782 1722) ps  polarity 0
net 102: (8 4)->(10 4) 1 2 0 1 #timing (1914 1850) ps  polarity 1
net 102: (10 4)->(11 4) 0 2 0 1 #timing (1954 2024) ps  polarity 0
net 103: (22 6)->(23 7) 0 3 0 0 #timing (695 695) ps polarity 1
net 103: (23 7)->(23 5) 1 1 0 0 #timing (811 804) ps polarity 0
net 103: (23 5)->(23 5) 5 0 1 0 #timing (914 948) ps polarity 1
net 103: (23 5)->(6 5) 13 2 1 0 #timing (1660 1490) ps polarity 0
net 103: (6 5)->(6 5) 5 0 0 1 #timing (1980 1825) ps  polarity 0
net 103: (6 5)->(10 5) 4 5 0 1 #timing (2400 2167) ps  polarity 1
net 103: (10 5)->(10 5) 1 0 1 1 #timing (2595 2335) ps  polarity 0
net 103: (10 5)->(11 4) 0 3 0 1 #timing (2466 2712) ps  polarity 1
net 104: (17 23)->(16 23) 0 2 0 0 #timing (172 172) ps polarity 1
net 104: (16 23)->(18 21) 1 3 0 0 #timing (342 310) ps polarity 0
net 104: (18 21)->(18 17) 3 1 0 0 #timing (587 611) ps polarity 0
net 104: (18 17)->(14 17) 4 5 0 0 #timing (916 895) ps polarity 0
net 104: (14 17)->(14 17) 1 0 1 1 #timing (1093 1090) ps  polarity 1
net 104: (14 17)->(14 17) 0 0 0 1 #timing (1219 1211) ps  polarity 0
net 105: (12 26)->(12 27) 0 1 0 0 #timing (183 183) ps polarity 1
net 105: (12 27)->(14 25) 1 3 0 0 #timing (382 339) ps polarity 0
net 105: (14 25)->(14 21) 3 4 0 0 #timing (636 663) ps polarity 0
net 105: (14 21)->(14 21) 1 0 0 1 #timing (852 844) ps  polarity 1
net 105: (14 21)->(14 20) 0 1 0 1 #timing (970 968) ps  polarity 0
net 105: (14 21)->(10 21) 4 2 0 0 #timing (963 950) ps polarity 0
net 105: (10 21)->(10 21) 1 0 0 1 #timing (1165 1150) ps  polarity 1
net 105: (10 21)->(10 20) 0 1 0 1 #timing (1277 1281) ps  polarity 0
net 106: (9 3)->(9 3) 0 0 0 0 #timing (147 147) ps polarity 0
net 106: (9 3)->(11 1) 1 3 0 0 #timing (315 282) ps polarity 1
net 106: (11 1)->(9 1) 1 2 0 1 #timing (637 559) ps  polarity 0
net 106: (9 1)->(8 1) 0 2 0 1 #timing (714 809) ps  polarity 1
net 107: (16 26)->(17 27) 0 3 0 0 #timing (191 191) ps polarity 1
net 107: (17 27)->(19 25) 1 3 0 0 #timing (386 344) ps polarity 0
net 107: (19 25)->(15 25) 4 5 0 0 #timing (624 669) ps polarity 0
net 107: (15 25)->(15 25) 5 0 1 0 #timing (758 819) ps polarity 1
net 107: (15 25)->(15 17) 5 1 0 1 #timing (1107 1172) ps  polarity 0
net 107: (15 17)->(15 13) 3 4 0 1 #timing (1603 1431) ps  polarity 0
net 107: (15 13)->(15 15) 1 1 0 1 #timing (1739 1561) ps  polarity 1
net 107: (15 15)->(14 15) 0 2 0 1 #timing (1704 1883) ps  polarity 0
net 110: (18 24)->(19 24) 0 2 0 0 #timing (204 204) ps polarity 0
net 110: (19 24)->(17 26) 1 3 0 0 #timing (366 338) ps polarity 1
net 110: (17 26)->(17 22) 3 4 0 0 #timing (690 695) ps polarity 1
net 110: (17 22)->(13 22) 4 5 0 0 #timing (977 954) ps polarity 1
net 110: (13 22)->(15 22) 1 2 0 1 #timing (1215 1193) ps  polarity 0
net 110: (15 22)->(14 22) 0 2 0 1 #timing (1331 1357) ps  polarity 1
net 112: (28 24)->(28 24) 0 0 0 0 #timing (704 704) ps polarity 1
net 112: (28 24)->(30 26) 1 3 0 0 #timing (851 828) ps polarity 0
net 112: (30 26)->(30 22) 3 4 0 0 #timing (1129 1150) ps polarity 0
net 112: (30 22)->(26 22) 4 2 0 0 #timing (1453 1434) ps polarity 0
net 112: (26 22)->(26 18) 3 1 0 1 #timing (1919 1827) ps  polarity 0
net 112: (26 18)->(26 16) 1 1 0 1 #timing (2077 1971) ps  polarity 1
net 112: (26 16)->(27 17) 0 3 0 1 #timing (2099 2213) ps  polarity 0
net 112: (28 24)->(29 24) 0 2 0 0 #timing (704 704) ps polarity 1
net 112: (29 24)->(31 26) 1 3 0 0 #timing (864 840) ps polarity 0
net 112: (31 26)->(31 22) 3 4 0 1 #timing (1346 1227) ps  polarity 0
net 112: (31 22)->(29 22) 1 2 0 1 #timing (1486 1359) ps  polarity 1
net 112: (29 22)->(28 23) 0 3 0 1 #timing (1494 1640) ps  polarity 0
net 112: (31 26)->(27 26) 4 2 0 0 #timing (1121 1157) ps polarity 0
net 112: (27 26)->(25 26) 1 2 0 1 #timing (1423 1342) ps  polarity 1
net 112: (25 26)->(24 26) 0 2 0 1 #timing (1486 1585) ps  polarity 0
net 112: (27 26)->(25 24) 1 3 0 1 #timing (1455 1366) ps  polarity 1
net 112: (25 24)->(24 25) 0 3 0 1 #timing (1544 1653) ps  polarity 0
net 112: (27 26)->(23 26) 4 5 0 1 #timing (1429 1442) ps  polarity 0
net 112: (23 26)->(23 22) 3 4 0 1 #timing (1779 1720) ps  polarity 0
net 112: (23 22)->(23 22) 1 0 1 1 #timing (1885 1832) ps  polarity 1
net 112: (23 22)->(22 22) 0 2 0 1 #timing (1905 1967) ps  polarity 0
net 112: (27 26)->(27 26) 5 0 0 0 #timing (1250 1301) ps polarity 1
net 112: (27 26)->(27 10) 13 1 0 0 #timing (1901 1739) ps polarity 0
net 112: (27 10)->(27 10) 5 0 0 1 #timing (2122 1971) ps  polarity 0
net 112: (27 10)->(23 10) 4 5 0 1 #timing (2557 2322) ps  polarity 1
net 112: (23 10)->(23 10) 1 0 1 1 #timing (2746 2485) ps  polarity 0
net 112: (23 10)->(23 10) 0 0 0 1 #timing (2561 2830) ps  polarity 1
net 112: (31 26)->(31 26) 5 0 0 0 #timing (969 1043) ps polarity 1
net 112: (31 26)->(31 11) 13 1 1 0 #timing (1665 1476) ps polarity 0
net 112: (31 11)->(31 11) 5 0 0 1 #timing (1868 1694) ps  polarity 0
net 112: (31 11)->(29 11) 1 2 0 1 #timing (2050 1861) ps  polarity 0
net 112: (29 11)->(28 11) 0 2 0 1 #timing (1998 2207) ps  polarity 1
net 113: (22 23)->(23 23) 0 2 0 0 #timing (198 198) ps polarity 1
net 113: (23 23)->(21 21) 1 3 0 0 #timing (394 347) ps polarity 0
net 113: (21 21)->(21 21) 5 0 0 0 #timing (461 547) ps polarity 1
net 113: (21 21)->(21 5) 13 1 0 0 #timing (1177 977) ps polarity 0
net 113: (21 5)->(21 5) 5 0 0 1 #timing (1407 1217) ps  polarity 0
net 113: (21 5)->(21 9) 3 4 0 1 #timing (1736 1488) ps  polarity 1
net 113: (21 9)->(23 11) 1 3 0 1 #timing (1924 1648) ps  polarity 0
net 113: (23 11)->(23 10) 0 1 0 1 #timing (1788 2090) ps  polarity 1
net 113: (21 21)->(21 4) 13 1 1 0 #timing (1234 1014) ps polarity 0
net 113: (21 4)->(29 12) 5 3 0 1 #timing (1937 1704) ps  polarity 0
net 113: (29 12)->(29 12) 1 0 1 1 #timing (2112 1867) ps  polarity 0
net 113: (29 12)->(28 12) 0 2 0 1 #timing (1999 2230) ps  polarity 1
net 113: (29 12)->(25 12) 4 2 0 1 #timing (2030 2247) ps  polarity 1
net 113: (25 12)->(25 16) 3 4 0 1 #timing (2339 2501) ps  polarity 1
net 113: (25 16)->(27 16) 1 2 0 1 #timing (2519 2663) ps  polarity 0
net 113: (27 16)->(27 17) 0 1 0 1 #timing (2778 2662) ps  polarity 1
net 115: (11 2)->(11 3) 0 1 0 0 #timing (192 192) ps polarity 1
net 115: (11 3)->(11 3) 1 0 0 0 #timing (275 276) ps polarity 0
net 115: (11 3)->(11 7) 3 1 0 0 #timing (598 527) ps polarity 0
net 115: (11 7)->(15 7) 4 2 0 0 #timing (920 811) ps polarity 0
net 115: (15 7)->(15 7) 1 0 0 1 #timing (1015 1096) ps  polarity 1
net 115: (15 7)->(15 6) 0 1 0 1 #timing (1212 1125) ps  polarity 0
net 117: (17 20)->(17 20) 0 0 0 0 #timing (162 162) ps polarity 1
net 117: (17 20)->(19 22) 1 3 0 0 #timing (306 285) ps polarity 0
net 117: (19 22)->(19 26) 3 4 0 0 #timing (633 640) ps polarity 0
net 117: (19 26)->(15 26) 4 5 0 0 #timing (925 900) ps polarity 0
net 117: (15 26)->(15 26) 1 0 1 1 #timing (1103 1101) ps  polarity 1
net 117: (15 26)->(14 27) 0 3 0 1 #timing (1244 1225) ps  polarity 0
net 118: (25 29)->(24 29) 0 2 0 0 #timing (219 219) ps polarity 1
net 118: (24 29)->(24 31) 1 1 0 0 #timing (335 326) ps polarity 0
net 118: (24 31)->(28 31) 4 2 0 0 #timing (585 606) ps polarity 0
net 118: (28 31)->(28 31) 5 0 1 0 #timing (706 743) ps polarity 1
net 118: (28 31)->(28 14) 13 1 1 0 #timing (1433 1256) ps polarity 0
net 118: (28 14)->(20 6) 5 3 0 1 #timing (2142 1945) ps  polarity 0
net 118: (20 6)->(20 6) 1 0 0 1 #timing (2306 2098) ps  polarity 0
net 118: (20 6)->(21 6) 0 2 0 1 #timing (2194 2404) ps  polarity 1
net 121: (25 26)->(25 26) 0 0 0 0 #timing (216 216) ps polarity 1
net 121: (25 26)->(27 24) 1 3 0 0 #timing (409 369) ps polarity 0
net 121: (27 24)->(27 20) 3 4 0 0 #timing (733 728) ps polarity 0
net 121: (27 20)->(31 20) 4 2 0 0 #timing (1058 1022) ps polarity 0
net 121: (31 20)->(31 16) 3 1 0 1 #timing (1451 1378) ps  polarity 0
net 121: (31 16)->(29 18) 1 3 0 1 #timing (1616 1525) ps  polarity 1
net 121: (29 18)->(28 18) 0 2 0 1 #timing (1670 1789) ps  polarity 0
net 122: (4 20)->(5 21) 0 3 0 0 #timing (191 191) ps polarity 1
net 122: (5 21)->(7 21) 1 2 0 0 #timing (338 318) ps polarity 0
net 122: (7 21)->(7 17) 3 1 0 0 #timing (604 602) ps polarity 0
net 122: (7 17)->(3 17) 4 2 0 0 #timing (865 852) ps polarity 0
net 122: (3 17)->(3 13) 3 4 0 1 #timing (1310 1209) ps  polarity 0
net 122: (3 13)->(3 15) 1 1 0 1 #timing (1445 1340) ps  polarity 1
net 122: (3 15)->(2 15) 0 2 0 1 #timing (1481 1590) ps  polarity 0
net 125: (9 20)->(8 21) 0 3 0 0 #timing (235 235) ps polarity 1
net 125: (8 21)->(8 21) 1 0 0 0 #timing (322 322) ps polarity 0
net 125: (8 21)->(8 21) 5 0 0 0 #timing (425 442) ps polarity 1
net 125: (8 21)->(8 4) 13 1 1 0 #timing (1118 968) ps polarity 0
net 125: (8 4)->(8 4) 5 0 1 1 #timing (1363 1225) ps  polarity 0
net 125: (8 4)->(8 4) 1 0 1 1 #timing (1513 1367) ps  polarity 0
net 125: (8 4)->(9 5) 0 3 0 1 #timing (1496 1629) ps  polarity 1
net 125: (8 4)->(12 4) 4 2 0 1 #timing (1653 1488) ps  polarity 1
net 125: (12 4)->(12 4) 1 0 1 1 #timing (1843 1656) ps  polarity 0
net 125: (12 4)->(13 5) 0 3 0 1 #timing (1796 1966) ps  polarity 1
net 125: (12 4)->(12 8) 3 4 0 1 #timing (1930 1716) ps  polarity 1
net 125: (12 8)->(14 10) 1 3 0 1 #timing (2092 1861) ps  polarity 0
net 125: (14 10)->(14 11) 0 1 0 1 #timing (2012 2269) ps  polarity 1
net 126: (18 5)->(18 4) 0 1 0 0 #timing (174 174) ps polarity 1
net 126: (18 4)->(18 4) 1 0 0 0 #timing (251 253) ps polarity 0
net 126: (18 4)->(14 4) 4 5 0 0 #timing (564 510) ps polarity 0
net 126: (14 4)->(14 8) 3 4 0 1 #timing (890 866) ps  polarity 0
net 126: (14 8)->(12 10) 1 3 0 1 #timing (1080 1027) ps  polarity 1
net 126: (12 10)->(12 11) 0 1 0 1 #timing (1168 1244) ps  polarity 0
net 126: (18 5)->(19 5) 0 2 0 0 #timing (176 176) ps polarity 1
net 126: (19 5)->(19 7) 1 1 0 0 #timing (299 291) ps polarity 0
net 126: (19 7)->(17 7) 1 2 0 1 #timing (563 520) ps  polarity 1
net 126: (17 7)->(16 6) 0 3 0 1 #timing (677 729) ps  polarity 0
net 126: (18 5)->(19 4) 0 3 0 0 #timing (182 182) ps polarity 1
net 126: (19 4)->(17 6) 1 3 0 0 #timing (338 314) ps polarity 0
net 126: (17 6)->(17 2) 3 1 0 0 #timing (616 635) ps polarity 0
net 126: (17 2)->(17 2) 1 0 1 1 #timing (829 813) ps  polarity 1
net 126: (17 2)->(16 2) 0 2 0 1 #timing (932 940) ps  polarity 0
net 127: (17 5)->(16 4) 0 3 0 0 #timing (202 202) ps polarity 1
net 127: (16 4)->(18 4) 1 2 0 0 #timing (343 324) ps polarity 0
net 127: (18 4)->(18 4) 1 0 0 1 #timing (565 525) ps  polarity 1
net 127: (18 4)->(18 5) 0 1 0 1 #timing (621 662) ps  polarity 0
net 127: (18 4)->(18 0) 3 1 0 0 #timing (618 614) ps polarity 0
net 127: (18 0)->(16 2) 1 3 0 1 #timing (919 852) ps  polarity 1
net 127: (16 2)->(16 2) 0 0 0 1 #timing (977 1081) ps  polarity 0
net 128: (8 20)->(9 20) 0 2 0 0 #timing (201 201) ps polarity 1
net 128: (9 20)->(9 22) 1 1 0 0 #timing (320 311) ps polarity 0
net 128: (9 22)->(9 18) 3 1 0 0 #timing (652 628) ps polarity 0
net 128: (9 18)->(9 14) 3 4 0 1 #timing (1151 1007) ps  polarity 0
net 128: (9 14)->(9 12) 1 1 0 1 #timing (1298 1150) ps  polarity 1
net 128: (9 12)->(8 12) 0 2 0 1 #timing (1247 1419) ps  polarity 0
net 128: (8 20)->(9 21) 0 3 0 0 #timing (229 229) ps polarity 1
net 128: (9 21)->(11 23) 1 3 0 0 #timing (413 385) ps polarity 0
net 128: (11 23)->(11 23) 5 0 0 0 #timing (515 596) ps polarity 1
net 128: (11 23)->(11 6) 13 1 1 0 #timing (1242 1036) ps polarity 0
net 128: (11 6)->(11 6) 5 0 0 1 #timing (1475 1280) ps  polarity 0
net 128: (11 6)->(15 6) 4 2 0 1 #timing (1790 1558) ps  polarity 1
net 128: (15 6)->(15 10) 3 4 0 1 #timing (2100 1801) ps  polarity 1
net 128: (15 10)->(15 10) 1 0 0 1 #timing (2204 1909) ps  polarity 0
net 128: (15 10)->(14 11) 0 3 0 1 #timing (2072 2338) ps  polarity 1
net 129: (14 27)->(14 26) 0 1 0 0 #timing (736 736) ps polarity 1
net 129: (14 26)->(12 26) 1 2 0 0 #timing (881 858) ps polarity 0
net 129: (12 26)->(12 22) 3 4 0 0 #timing (1140 1146) ps polarity 0
net 129: (12 22)->(12 22) 5 0 1 0 #timing (1280 1297) ps polarity 1
net 129: (12 22)->(12 7) 13 1 1 0 #timing (1920 1786) ps polarity 0
net 129: (12 7)->(12 7) 5 0 0 1 #timing (2133 2013) ps  polarity 0
net 129: (12 7)->(12 5) 1 1 0 1 #timing (2317 2183) ps  polarity 0
net 129: (12 5)->(12 5) 0 0 0 1 #timing (2330 2464) ps  polarity 1
net 129: (14 27)->(15 27) 0 2 0 0 #timing (738 738) ps polarity 1
net 129: (15 27)->(13 25) 1 3 0 0 #timing (907 876) ps polarity 0
net 129: (13 25)->(13 25) 5 0 0 0 #timing (1006 1087) ps polarity 1
net 129: (13 25)->(13 17) 5 1 0 1 #timing (1347 1435) ps  polarity 0
net 129: (13 17)->(9 17) 4 2 0 1 #timing (1630 1682) ps  polarity 0
net 129: (9 17)->(9 13) 3 4 0 1 #timing (1979 1961) ps  polarity 0
net 129: (9 13)->(11 13) 1 2 0 1 #timing (2163 2123) ps  polarity 1
net 129: (11 13)->(10 12) 0 3 0 1 #timing (2298 2347) ps  polarity 0
net 129: (13 25)->(13 8) 13 1 1 0 #timing (1753 1541) ps polarity 0
net 129: (13 8)->(13 8) 5 0 0 1 #timing (1996 1796) ps  polarity 0
net 129: (13 8)->(9 8) 4 2 0 1 #timing (2375 2117) ps  polarity 1
net 129: (9 8)->(11 10) 1 3 0 1 #timing (2658 2346) ps  polarity 0
net 129: (11 10)->(11 11) 0 1 0 1 #timing (2492 2838) ps  polarity 1
net 130: (18 27)->(18 27) 0 0 0 0 #timing (726 726) ps polarity 1
net 130: (18 27)->(18 27) 1 0 0 0 #timing (798 804) ps polarity 0
net 130: (18 27)->(14 27) 4 5 0 0 #timing (1130 1064) ps polarity 0
net 130: (14 27)->(14 27) 5 0 1 0 #timing (1262 1213) ps polarity 1
net 130: (14 27)->(6 19) 5 3 0 1 #timing (1875 1828) ps  polarity 1
net 130: (6 19)->(10 19) 4 5 0 1 #timing (2167 2188) ps  polarity 0
net 130: (10 19)->(10 15) 3 4 0 1 #timing (2500 2439) ps  polarity 0
net 130: (10 15)->(10 13) 1 1 0 1 #timing (2633 2566) ps  polarity 1
net 130: (10 13)->(11 12) 0 3 0 1 #timing (2737 2792) ps  polarity 0
net 130: (18 27)->(19 26) 0 3 0 0 #timing (743 743) ps polarity 1
net 130: (19 26)->(19 24) 1 1 0 0 #timing (871 859) ps polarity 0
net 130: (19 24)->(19 24) 5 0 0 0 #timing (966 1006) ps polarity 1
net 130: (19 24)->(19 8) 13 1 0 0 #timing (1594 1445) ps polarity 0
net 130: (19 8)->(19 8) 5 0 1 1 #timing (1829 1692) ps  polarity 0
net 130: (19 8)->(15 8) 4 5 0 1 #timing (2177 1988) ps  polarity 1
net 130: (15 8)->(15 4) 3 4 0 1 #timing (2483 2230) ps  polarity 1
net 130: (15 4)->(13 4) 1 2 0 1 #timing (2617 2357) ps  polarity 0
net 130: (13 4)->(12 5) 0 3 0 1 #timing (2533 2791) ps  polarity 1
net 131: (18 30)->(18 30) 0 0 0 0 #timing (704 704) ps polarity 1
net 131: (18 30)->(18 28) 1 1 0 0 #timing (825 812) ps polarity 0
net 131: (18 28)->(18 24) 3 1 0 0 #timing (1105 1088) ps polarity 0
net 131: (18 24)->(18 24) 5 0 1 0 #timing (1230 1226) ps polarity 1
net 131: (18 24)->(18 8) 13 1 0 0 #timing (1886 1765) ps polarity 0
net 131: (18 8)->(3 8) 13 2 1 0 #timing (2380 2424) ps polarity 1
net 131: (3 8)->(11 8) 5 2 0 1 #timing (2853 2868) ps  polarity 0
net 131: (11 8)->(11 10) 1 1 0 1 #timing (3114 3054) ps  polarity 1
net 131: (11 10)->(10 10) 0 2 0 1 #timing (3187 3254) ps  polarity 0
net 131: (18 28)->(14 28) 4 5 0 0 #timing (1150 1124) ps polarity 0
net 131: (14 28)->(14 28) 5 0 1 0 #timing (1279 1270) ps polarity 1
net 131: (14 28)->(14 12) 13 1 0 0 #timing (1900 1793) ps polarity 0
net 131: (14 12)->(14 4) 5 1 0 1 #timing (2382 2260) ps  polarity 1
net 131: (14 4)->(12 4) 1 2 0 1 #timing (2517 2587) ps  polarity 0
net 131: (12 4)->(12 5) 0 1 0 1 #timing (2694 2641) ps  polarity 1
net 131: (14 28)->(14 13) 13 1 1 0 #timing (1893 1786) ps polarity 0
net 131: (14 13)->(14 5) 5 1 0 1 #timing (2343 2216) ps  polarity 1
net 131: (14 5)->(10 5) 4 2 0 1 #timing (2628 2462) ps  polarity 1
net 131: (10 5)->(10 9) 3 4 0 1 #timing (2898 2686) ps  polarity 1
net 131: (10 9)->(10 11) 1 1 0 1 #timing (3055 2829) ps  polarity 0
net 131: (10 11)->(10 11) 0 0 0 1 #timing (2955 3193) ps  polarity 1
net 131: (10 11)->(11 11) 0 2 0 1 #timing (2951 3189) ps  polarity 1
net 132: (10 3)->(10 3) 0 0 0 0 #timing (726 726) ps polarity 1
net 132: (10 3)->(10 3) 1 0 0 0 #timing (798 803) ps polarity 0
net 132: (10 3)->(10 3) 1 0 0 1 #timing (1003 973) ps  polarity 1
net 132: (10 3)->(10 3) 0 0 0 1 #timing (1087 1113) ps  polarity 0
net 132: (10 3)->(10 3) 5 0 1 0 #timing (908 920) ps polarity 1
net 132: (10 3)->(10 11) 5 1 0 1 #timing (1268 1277) ps  polarity 0
net 132: (10 11)->(10 11) 1 0 0 1 #timing (1484 1440) ps  polarity 1
net 132: (10 11)->(10 10) 0 1 0 1 #timing (1551 1590) ps  polarity 0
net 132: (10 3)->(10 19) 13 1 0 0 #timing (1552 1419) ps polarity 0
net 132: (10 19)->(10 19) 5 0 1 1 #timing (1785 1664) ps  polarity 0
net 132: (10 19)->(10 23) 3 1 0 1 #timing (2122 1940) ps  polarity 1
net 132: (10 23)->(8 21) 1 3 0 1 #timing (2275 2082) ps  polarity 0
net 132: (8 21)->(9 20) 0 3 0 1 #timing (2223 2420) ps  polarity 1
net 132: (10 3)->(10 2) 0 1 0 0 #timing (736 736) ps polarity 1
net 132: (10 2)->(8 2) 1 2 0 0 #timing (857 844) ps polarity 0
net 132: (8 2)->(8 2) 5 0 0 0 #timing (957 1000) ps polarity 1
net 132: (8 2)->(8 10) 5 1 0 1 #timing (1329 1360) ps  polarity 0
net 132: (8 10)->(10 10) 1 2 0 1 #timing (1594 1517) ps  polarity 1
net 132: (10 10)->(11 11) 0 3 0 1 #timing (1648 1722) ps  polarity 0
net 133: (8 4)->(8 4) 0 0 0 0 #timing (671 671) ps polarity 1
net 133: (8 4)->(8 4) 1 0 0 0 #timing (754 758) ps polarity 0
net 133: (8 4)->(8 8) 3 4 0 0 #timing (1120 1029) ps polarity 0
net 133: (8 8)->(10 10) 1 3 0 1 #timing (1375 1238) ps  polarity 1
net 133: (10 10)->(10 10) 0 0 0 1 #timing (1355 1511) ps  polarity 0
net 133: (8 4)->(10 4) 1 2 0 0 #timing (787 782) ps polarity 0
net 133: (10 4)->(10 4) 5 0 0 0 #timing (895 930) ps polarity 1
net 133: (10 4)->(10 12) 5 1 0 1 #timing (1225 1269) ps  polarity 0
net 133: (10 12)->(10 16) 3 4 0 1 #timing (1651 1522) ps  polarity 0
net 133: (10 16)->(8 16) 1 2 0 1 #timing (1763 1634) ps  polarity 1
net 133: (8 16)->(9 17) 0 3 0 1 #timing (1780 1896) ps  polarity 0
net 133: (8 4)->(9 5) 0 3 0 0 #timing (671 671) ps polarity 1
net 133: (9 5)->(9 5) 1 0 0 0 #timing (765 765) ps polarity 0
net 133: (9 5)->(9 5) 1 0 1 1 #timing (968 935) ps  polarity 1
net 133: (9 5)->(8 4) 0 3 0 1 #timing (1023 1061) ps  polarity 0
net 134: (11 3)->(11 3) 0 0 0 0 #timing (686 686) ps polarity 1
net 134: (11 3)->(11 1) 1 1 0 0 #timing (808 797) ps polarity 0
net 134: (11 1)->(11 1) 5 0 1 0 #timing (908 947) ps polarity 1
net 134: (11 1)->(11 9) 5 1 0 1 #timing (1273 1310) ps  polarity 0
net 134: (11 9)->(11 11) 1 1 0 1 #timing (1555 1473) ps  polarity 1
net 134: (11 11)->(11 11) 0 0 0 1 #timing (1584 1684) ps  polarity 0
net 134: (11 11)->(10 10) 0 3 0 1 #timing (1621 1703) ps  polarity 0
net 134: (11 3)->(10 3) 0 2 0 0 #timing (692 692) ps polarity 1
net 134: (10 3)->(10 1) 1 1 0 0 #timing (819 807) ps polarity 0
net 134: (10 1)->(10 3) 1 1 0 1 #timing (1075 1026) ps  polarity 1
net 134: (10 3)->(11 3) 0 2 0 1 #timing (1132 1198) ps  polarity 0
net 134: (10 1)->(10 1) 5 0 0 0 #timing (915 956) ps polarity 1
net 134: (10 1)->(10 17) 13 1 0 0 #timing (1591 1426) ps polarity 0
net 134: (10 17)->(10 17) 5 0 1 1 #timing (1839 1683) ps  polarity 0
net 134: (10 17)->(8 17) 1 2 0 1 #timing (2002 1837) ps  polarity 0
net 134: (8 17)->(8 17) 0 0 0 1 #timing (1969 2129) ps  polarity 1
net 135: (26 30)->(26 31) 0 1 0 0 #timing (678 678) ps polarity 1
net 135: (26 31)->(26 31) 1 0 0 0 #timing (768 769) ps polarity 0
net 135: (26 31)->(26 31) 5 0 0 0 #timing (871 886) ps polarity 1
net 135: (26 31)->(26 23) 5 1 0 1 #timing (1187 1212) ps  polarity 0
net 135: (26 23)->(24 23) 1 2 0 1 #timing (1435 1369) ps  polarity 1
net 135: (24 23)->(24 23) 0 0 0 1 #timing (1503 1564) ps  polarity 0
net 135: (26 30)->(27 30) 0 2 0 0 #timing (704 704) ps polarity 1
net 135: (27 30)->(25 30) 1 2 0 0 #timing (823 816) ps polarity 0
net 135: (25 30)->(25 26) 3 1 0 0 #timing (1124 1113) ps polarity 0
net 135: (25 26)->(25 24) 1 1 0 1 #timing (1388 1327) ps  polarity 1
net 135: (25 24)->(24 24) 0 2 0 1 #timing (1424 1509) ps  polarity 0
net 135: (26 30)->(27 31) 0 3 0 0 #timing (675 675) ps polarity 1
net 135: (27 31)->(27 31) 1 0 0 0 #timing (765 766) ps polarity 0
net 135: (27 31)->(27 29) 1 1 0 1 #timing (1013 968) ps  polarity 1
net 135: (27 29)->(26 29) 0 2 0 1 #timing (1088 1145) ps  polarity 0
net 135: (27 31)->(27 31) 5 0 0 0 #timing (869 885) ps polarity 1
net 135: (27 31)->(27 23) 5 1 0 1 #timing (1207 1227) ps  polarity 0
net 135: (27 23)->(23 23) 4 5 0 1 #timing (1595 1531) ps  polarity 0
net 135: (23 23)->(23 21) 1 1 0 1 #timing (1825 1723) ps  polarity 1
net 135: (23 21)->(22 21) 0 2 0 1 #timing (1829 1950) ps  polarity 0
net 135: (27 31)->(27 15) 13 1 0 0 #timing (1519 1385) ps polarity 0
net 135: (27 15)->(27 15) 5 0 1 1 #timing (1751 1627) ps  polarity 0
net 135: (27 15)->(31 15) 4 2 0 1 #timing (2052 1894) ps  polarity 1
net 135: (31 15)->(29 15) 1 2 0 1 #timing (2310 2100) ps  polarity 0
net 135: (29 15)->(29 15) 0 0 0 1 #timing (2214 2448) ps  polarity 1
net 135: (31 15)->(31 11) 3 1 0 1 #timing (2354 2133) ps  polarity 1
net 135: (31 11)->(29 9) 1 3 0 1 #timing (2529 2287) ps  polarity 0
net 135: (29 9)->(28 9) 0 2 0 1 #timing (2428 2692) ps  polarity 1
net 135: (27 15)->(27 7) 5 1 0 1 #timing (1966 1816) ps  polarity 1
net 135: (27 7)->(25 5) 1 3 0 1 #timing (2131 2205) ps  polarity 0
net 135: (25 5)->(24 5) 0 2 0 1 #timing (2368 2321) ps  polarity 1
net 138: (13 12)->(12 12) 0 2 0 0 #timing (664 664) ps polarity 1
net 138: (12 12)->(12 12) 1 0 0 0 #timing (741 741) ps polarity 0
net 138: (12 12)->(12 16) 3 4 0 1 #timing (1138 1044) ps  polarity 0
net 138: (12 16)->(12 16) 1 0 0 1 #timing (1235 1147) ps  polarity 1
net 138: (12 16)->(13 17) 0 3 0 1 #timing (1286 1358) ps  polarity 0
net 138: (12 12)->(12 12) 5 0 0 0 #timing (843 859) ps polarity 1
net 138: (12 12)->(12 28) 13 1 0 0 #timing (1518 1373) ps polarity 0
net 138: (12 28)->(12 28) 5 0 0 1 #timing (1744 1610) ps  polarity 0
net 138: (12 28)->(12 28) 1 0 1 1 #timing (1884 1748) ps  polarity 0
net 138: (12 28)->(13 28) 0 2 0 1 #timing (1867 1995) ps  polarity 1
net 138: (12 28)->(12 30) 1 1 0 1 #timing (1931 1782) ps  polarity 0
net 138: (12 30)->(12 30) 0 0 0 1 #timing (1917 2071) ps  polarity 1
net 139: (10 27)->(11 27) 0 2 0 0 #timing (738 738) ps polarity 1
net 139: (11 27)->(9 27) 1 2 0 0 #timing (859 849) ps polarity 0
net 139: (9 27)->(9 27) 5 0 1 0 #timing (970 1018) ps polarity 1
net 139: (9 27)->(9 11) 13 1 0 0 #timing (1700 1523) ps polarity 0
net 139: (9 11)->(9 11) 5 0 0 1 #timing (2018 1856) ps  polarity 0
net 139: (9 11)->(5 11) 4 5 0 1 #timing (2378 2164) ps  polarity 1
net 139: (5 11)->(5 7) 3 4 0 1 #timing (2782 2476) ps  polarity 1
net 139: (5 7)->(5 7) 1 0 0 1 #timing (2882 2581) ps  polarity 0
net 139: (5 7)->(5 7) 0 0 0 1 #timing (2695 2992) ps  polarity 1
net 139: (5 7)->(5 5) 1 1 0 1 #timing (2925 2612) ps  polarity 0
net 139: (5 5)->(4 5) 0 2 0 1 #timing (2756 3074) ps  polarity 1
net 139: (9 27)->(9 10) 13 1 1 0 #timing (1683 1510) ps polarity 0
net 139: (9 10)->(9 10) 5 0 0 1 #timing (2027 1864) ps  polarity 0
net 139: (9 10)->(9 6) 3 4 0 1 #timing (2477 2226) ps  polarity 1
net 139: (9 6)->(11 4) 1 3 0 1 #timing (2698 2407) ps  polarity 0
net 139: (11 4)->(10 5) 0 3 0 1 #timing (2595 2898) ps  polarity 1
net 140: (18 24)->(18 25) 0 1 0 0 #timing (679 679) ps polarity 1
net 140: (18 25)->(16 27) 1 3 0 0 #timing (849 816) ps polarity 0
net 140: (16 27)->(16 27) 5 0 1 0 #timing (953 1043) ps polarity 1
net 140: (16 27)->(0 27) 13 2 0 0 #timing (1702 1489) ps polarity 0
net 140: (0 27)->(0 10) 13 1 1 0 #timing (2149 2268) ps polarity 1
net 140: (0 10)->(0 10) 5 0 0 1 #timing (2382 2512) ps  polarity 1
net 140: (0 10)->(4 10) 4 2 0 1 #timing (2710 2801) ps  polarity 0
net 140: (4 10)->(4 6) 3 4 0 1 #timing (3042 3059) ps  polarity 0
net 140: (4 6)->(4 4) 1 1 0 1 #timing (3184 3193) ps  polarity 1
net 140: (4 4)->(4 5) 0 1 0 1 #timing (3363 3339) ps  polarity 0
net 140: (16 27)->(1 27) 13 2 1 0 #timing (1644 1440) ps polarity 0
net 140: (1 27)->(1 11) 13 1 0 0 #timing (2062 2181) ps polarity 1
net 140: (1 11)->(9 11) 5 2 0 1 #timing (2609 2696) ps  polarity 0
net 140: (9 11)->(9 7) 3 4 0 1 #timing (3187 2982) ps  polarity 0
net 140: (9 7)->(11 5) 1 3 0 1 #timing (3415 3178) ps  polarity 1
net 140: (11 5)->(10 5) 0 2 0 1 #timing (3357 3617) ps  polarity 0
net 140: (1 27)->(1 10) 13 1 1 0 #timing (2117 2221) ps polarity 1
net 140: (1 10)->(1 10) 5 0 0 1 #timing (2355 2469) ps  polarity 1
net 140: (1 10)->(5 10) 4 2 0 1 #timing (2712 2774) ps  polarity 0
net 140: (5 10)->(5 8) 1 1 0 1 #timing (2947 2972) ps  polarity 1
net 140: (5 8)->(5 9) 0 1 0 1 #timing (3146 3108) ps  polarity 0
net 140: (5 8)->(4 8) 0 2 0 1 #timing (3111 3090) ps  polarity 0
net 141: (10 30)->(10 31) 0 1 0 0 #timing (678 678) ps polarity 1
net 141: (10 31)->(10 31) 1 0 0 0 #timing (768 769) ps polarity 0
net 141: (10 31)->(10 31) 5 0 1 0 #timing (874 890) ps polarity 1
net 141: (10 31)->(10 15) 13 1 0 0 #timing (1522 1389) ps polarity 0
net 141: (10 15)->(2 7) 5 3 0 1 #timing (2201 2049) ps  polarity 0
net 141: (2 7)->(6 7) 4 2 0 1 #timing (2358 2499) ps  polarity 1
net 141: (6 7)->(4 5) 1 3 0 1 #timing (2648 2732) ps  polarity 0
net 141: (4 5)->(4 5) 0 0 0 1 #timing (2919 2843) ps  polarity 1
net 141: (6 7)->(6 11) 3 4 0 1 #timing (2688 2762) ps  polarity 1
net 141: (6 11)->(4 9) 1 3 0 1 #timing (2898 2936) ps  polarity 0
net 141: (4 9)->(4 8) 0 1 0 1 #timing (3062 3056) ps  polarity 1
net 141: (4 9)->(5 9) 0 2 0 1 #timing (3085 3070) ps  polarity 1
net 141: (10 31)->(10 14) 13 1 1 0 #timing (1628 1464) ps polarity 0
net 141: (10 14)->(10 6) 5 1 0 1 #timing (2122 1934) ps  polarity 1
net 141: (10 6)->(10 4) 1 1 0 1 #timing (2194 2329) ps  polarity 0
net 141: (10 4)->(10 5) 0 1 0 1 #timing (2502 2356) ps  polarity 1
net 142: (4 10)->(4 10) 0 0 0 0 #timing (649 649) ps polarity 1
net 142: (4 10)->(6 8) 1 3 0 0 #timing (824 789) ps polarity 0
net 142: (6 8)->(4 8) 1 2 0 1 #timing (1126 1049) ps  polarity 1
net 142: (4 8)->(4 8) 0 0 0 1 #timing (1164 1260) ps  polarity 0
net 142: (4 8)->(5 9) 0 3 0 1 #timing (1176 1267) ps  polarity 0
net 142: (6 8)->(4 10) 1 3 0 1 #timing (1167 1077) ps  polarity 1
net 142: (4 10)->(4 10) 0 0 0 1 #timing (1210 1334) ps  polarity 0
net 142: (4 10)->(5 11) 0 3 0 0 #timing (667 667) ps polarity 1
net 142: (5 11)->(5 11) 1 0 0 0 #timing (756 756) ps polarity 0
net 142: (5 11)->(5 15) 3 1 0 0 #timing (1028 980) ps polarity 0
net 142: (5 15)->(9 15) 4 5 0 0 #timing (1395 1296) ps polarity 0
net 142: (9 15)->(9 19) 3 4 0 1 #timing (1701 1718) ps  polarity 0
net 142: (9 19)->(9 17) 1 1 0 1 #timing (1853 1864) ps  polarity 1
net 142: (9 17)->(9 16) 0 1 0 1 #timing (1983 1983) ps  polarity 0
net 143: (5 12)->(5 12) 0 0 0 0 #timing (661 661) ps polarity 1
net 143: (5 12)->(5 12) 1 0 0 0 #timing (734 739) ps polarity 0
net 143: (5 12)->(9 12) 4 5 0 0 #timing (1074 1024) ps polarity 0
net 143: (9 12)->(9 16) 3 4 0 1 #timing (1473 1429) ps  polarity 0
net 143: (9 16)->(9 16) 1 0 0 1 #timing (1585 1544) ps  polarity 1
net 143: (9 16)->(8 16) 0 2 0 1 #timing (1618 1668) ps  polarity 0
net 143: (5 12)->(5 13) 0 1 0 0 #timing (690 690) ps polarity 1
net 143: (5 13)->(7 15) 1 3 0 0 #timing (834 813) ps polarity 0
net 143: (7 15)->(7 11) 3 1 0 1 #timing (1336 1210) ps  polarity 0
net 143: (7 11)->(5 11) 1 2 0 1 #timing (1478 1348) ps  polarity 1
net 143: (5 11)->(5 11) 0 0 0 1 #timing (1463 1606) ps  polarity 0
net 143: (7 11)->(5 9) 1 3 0 1 #timing (1509 1369) ps  polarity 1
net 143: (5 9)->(5 9) 0 0 0 1 #timing (1493 1658) ps  polarity 0
net 143: (5 9)->(4 8) 0 3 0 1 #timing (1474 1647) ps  polarity 0
net 144: (4 9)->(4 9) 0 0 0 0 #timing (726 726) ps polarity 1
net 144: (4 9)->(4 11) 1 1 0 0 #timing (832 828) ps polarity 0
net 144: (4 11)->(4 15) 3 1 0 0 #timing (1147 1107) ps polarity 0
net 144: (4 15)->(8 15) 4 5 0 0 #timing (1554 1441) ps polarity 0
net 144: (8 15)->(8 15) 1 0 0 1 #timing (1642 1727) ps  polarity 1
net 144: (8 15)->(8 15) 0 0 0 1 #timing (1835 1747) ps  polarity 0
net 144: (4 9)->(5 9) 0 2 0 0 #timing (738 738) ps polarity 1
net 144: (5 9)->(7 11) 1 3 0 0 #timing (900 869) ps polarity 0
net 144: (7 11)->(7 7) 3 4 0 1 #timing (1405 1273) ps  polarity 0
net 144: (7 7)->(5 7) 1 2 0 1 #timing (1545 1408) ps  polarity 1
net 144: (5 7)->(4 7) 0 2 0 1 #timing (1565 1696) ps  polarity 0
net 146: (19 4)->(19 5) 0 1 0 0 #timing (190 190) ps polarity 0
net 146: (19 5)->(19 5) 1 0 0 0 #timing (270 269) ps polarity 1
net 146: (19 5)->(19 5) 1 0 0 1 #timing (474 441) ps  polarity 0
net 146: (19 5)->(18 4) 0 3 0 1 #timing (563 587) ps  polarity 1
net 146: (19 5)->(19 1) 3 1 0 1 #timing (731 611) ps  polarity 1
net 146: (19 1)->(17 3) 1 3 0 1 #timing (897 758) ps  polarity 0
net 146: (17 3)->(16 3) 0 2 0 1 #timing (916 1079) ps  polarity 1
net 146: (19 5)->(23 5) 4 2 0 0 #timing (522 510) ps polarity 1
net 146: (23 5)->(23 9) 3 4 0 1 #timing (967 882) ps  polarity 1
net 146: (23 9)->(21 9) 1 2 0 1 #timing (1111 1021) ps  polarity 0
net 146: (21 9)->(21 8) 0 1 0 1 #timing (1137 1243) ps  polarity 1
net 146: (21 9)->(20 8) 0 3 0 1 #timing (1133 1242) ps  polarity 1
net 146: (23 5)->(23 5) 5 0 0 0 #timing (640 644) ps polarity 0
net 146: (23 5)->(23 13) 5 1 0 1 #timing (1008 1017) ps  polarity 1
net 146: (23 13)->(23 13) 1 0 0 1 #timing (1245 1196) ps  polarity 0
net 146: (23 13)->(23 12) 0 1 0 1 #timing (1307 1351) ps  polarity 1
net 146: (23 13)->(27 13) 4 5 0 1 #timing (1356 1304) ps  polarity 1
net 146: (27 13)->(27 15) 1 1 0 1 #timing (1602 1507) ps  polarity 0
net 146: (27 15)->(26 15) 0 2 0 1 #timing (1648 1746) ps  polarity 1
net 146: (23 5)->(31 5) 5 2 0 1 #timing (1028 1017) ps  polarity 1
net 146: (31 5)->(27 5) 4 2 0 1 #timing (1324 1288) ps  polarity 1
net 146: (27 5)->(25 7) 1 3 0 1 #timing (1580 1500) ps  polarity 0
net 146: (25 7)->(25 7) 0 0 0 1 #timing (1663 1778) ps  polarity 1
net 146: (25 7)->(25 6) 0 1 0 1 #timing (1656 1771) ps  polarity 1
net 146: (27 5)->(27 1) 3 1 0 1 #timing (1656 1549) ps  polarity 1
net 146: (27 1)->(25 1) 1 2 0 1 #timing (1823 1697) ps  polarity 0
net 146: (25 1)->(25 1) 0 0 0 1 #timing (1835 1989) ps  polarity 1
net 146: (19 5)->(15 5) 4 5 0 1 #timing (664 591) ps  polarity 1
net 146: (15 5)->(15 1) 3 1 0 1 #timing (994 846) ps  polarity 1
net 146: (15 1)->(15 3) 1 1 0 1 #timing (1133 977) ps  polarity 0
net 146: (15 3)->(14 2) 0 3 0 1 #timing (1119 1275) ps  polarity 1
net 147: (17 3)->(16 3) 0 2 0 0 #timing (183 183) ps polarity 0
net 147: (16 3)->(16 3) 1 0 0 0 #timing (262 266) ps polarity 1
net 147: (16 3)->(16 3) 1 0 0 1 #timing (465 436) ps  polarity 0
net 147: (16 3)->(16 3) 0 0 0 1 #timing (548 573) ps  polarity 1
net 147: (17 3)->(16 2) 0 3 0 0 #timing (199 199) ps polarity 0
net 147: (16 2)->(18 2) 1 2 0 0 #timing (352 330) ps polarity 1
net 147: (18 2)->(14 2) 4 5 0 0 #timing (667 655) ps polarity 1
net 147: (14 2)->(14 2) 1 0 0 1 #timing (857 843) ps  polarity 0
net 147: (14 2)->(14 2) 0 0 0 1 #timing (947 958) ps  polarity 1
net 148: (12 11)->(12 11) 0 0 0 0 #timing (161 161) ps polarity 1
net 148: (12 11)->(12 9) 1 1 0 0 #timing (272 263) ps polarity 0
net 148: (12 9)->(12 13) 3 1 0 1 #timing (667 577) ps  polarity 0
net 148: (12 13)->(12 13) 1 0 1 1 #timing (765 680) ps  polarity 1
net 148: (12 13)->(12 12) 0 1 0 1 #timing (830 891) ps  polarity 0
net 148: (12 9)->(12 9) 5 0 0 0 #timing (371 409) ps polarity 1
net 148: (12 9)->(12 25) 13 1 0 0 #timing (1046 889) ps polarity 0
net 148: (12 25)->(12 25) 5 0 0 1 #timing (1277 1131) ps  polarity 0
net 148: (12 25)->(14 25) 1 2 0 1 #timing (1460 1299) ps  polarity 0
net 148: (14 25)->(14 24) 0 1 0 1 #timing (1464 1626) ps  polarity 1
net 148: (12 25)->(8 25) 4 2 0 1 #timing (1550 1383) ps  polarity 1
net 148: (8 25)->(10 25) 1 2 0 1 #timing (1775 1574) ps  polarity 0
net 148: (10 25)->(10 24) 0 1 0 1 #timing (1766 1925) ps  polarity 1
net 148: (12 11)->(12 10) 0 1 0 0 #timing (174 174) ps polarity 1
net 148: (12 10)->(12 10) 1 0 0 0 #timing (252 253) ps polarity 0
net 148: (12 10)->(12 14) 3 1 0 0 #timing (529 477) ps polarity 0
net 148: (12 14)->(12 18) 3 4 0 1 #timing (956 790) ps  polarity 0
net 148: (12 18)->(14 18) 1 2 0 1 #timing (1098 923) ps  polarity 1
net 148: (14 18)->(14 19) 0 1 0 1 #timing (1093 1270) ps  polarity 0
net 148: (12 14)->(8 14) 4 2 0 1 #timing (874 765) ps  polarity 0
net 148: (8 14)->(8 18) 3 4 0 1 #timing (1145 990) ps  polarity 0
net 148: (8 18)->(10 18) 1 2 0 1 #timing (1258 1103) ps  polarity 1
net 148: (10 18)->(10 19) 0 1 0 1 #timing (1286 1410) ps  polarity 0
net 148: (12 14)->(16 14) 4 5 0 0 #timing (809 737) ps polarity 0
net 148: (16 14)->(16 12) 1 1 0 1 #timing (988 1017) ps  polarity 1
net 148: (16 12)->(16 13) 0 1 0 1 #timing (1146 1127) ps  polarity 0
net 150: (18 21)->(19 20) 0 3 0 0 #timing (743 743) ps polarity 1
net 150: (19 20)->(17 22) 1 3 0 0 #timing (903 877) ps polarity 0
net 150: (17 22)->(17 18) 3 1 0 0 #timing (1188 1214) ps polarity 0
net 150: (17 18)->(13 18) 4 5 0 0 #timing (1472 1472) ps polarity 0
net 150: (13 18)->(13 14) 3 4 0 1 #timing (1890 1794) ps  polarity 0
net 150: (13 14)->(15 12) 1 3 0 1 #timing (2071 1951) ps  polarity 1
net 150: (15 12)->(14 12) 0 2 0 1 #timing (2093 2233) ps  polarity 0
net 150: (13 18)->(13 18) 5 0 0 0 #timing (1600 1615) ps polarity 1
net 150: (13 18)->(13 3) 13 1 1 0 #timing (2258 2123) ps polarity 0
net 150: (13 3)->(13 11) 5 1 0 1 #timing (2721 2569) ps  polarity 1
net 150: (13 11)->(15 11) 1 2 0 1 #timing (2831 2929) ps  polarity 0
net 150: (15 11)->(15 11) 0 0 0 1 #timing (3064 2970) ps  polarity 1
net 150: (13 11)->(13 7) 3 4 0 1 #timing (2920 3002) ps  polarity 1
net 150: (13 7)->(13 5) 1 1 0 1 #timing (3062 3137) ps  polarity 0
net 150: (13 5)->(13 5) 0 0 0 1 #timing (3260 3199) ps  polarity 1
net 151: (14 18)->(15 18) 0 2 0 0 #timing (704 704) ps polarity 1
net 151: (15 18)->(13 16) 1 3 0 0 #timing (878 846) ps polarity 0
net 151: (13 16)->(13 12) 3 4 0 0 #timing (1159 1176) ps polarity 0
net 151: (13 12)->(15 12) 1 2 0 1 #timing (1436 1396) ps  polarity 1
net 151: (15 12)->(15 12) 0 0 0 1 #timing (1511 1563) ps  polarity 0
net 151: (13 12)->(13 12) 5 0 1 0 #timing (1285 1315) ps polarity 1
net 151: (13 12)->(13 4) 5 1 0 1 #timing (1618 1658) ps  polarity 0
net 151: (13 4)->(13 4) 1 0 1 1 #timing (1861 1786) ps  polarity 1
net 151: (13 4)->(13 5) 0 1 0 1 #timing (1950 1996) ps  polarity 0
net 152: (14 30)->(14 30) 0 0 0 0 #timing (704 704) ps polarity 1
net 152: (14 30)->(14 30) 1 0 0 0 #timing (776 780) ps polarity 0
net 152: (14 30)->(14 26) 3 1 0 0 #timing (1043 995) ps polarity 0
net 152: (14 26)->(14 26) 5 0 0 0 #timing (1166 1130) ps polarity 1
net 152: (14 26)->(14 10) 13 1 0 0 #timing (1811 1713) ps polarity 0
net 152: (14 10)->(14 10) 5 0 1 1 #timing (2035 1950) ps  polarity 0
net 152: (14 10)->(14 10) 1 0 0 1 #timing (2175 2089) ps  polarity 0
net 152: (14 10)->(15 11) 0 3 0 1 #timing (2229 2298) ps  polarity 1
net 152: (14 30)->(14 30) 5 0 0 0 #timing (882 894) ps polarity 1
net 152: (14 30)->(14 15) 13 1 1 0 #timing (1472 1356) ps polarity 0
net 152: (14 15)->(14 7) 5 1 0 1 #timing (1919 1792) ps  polarity 1
net 152: (14 7)->(12 5) 1 3 0 1 #timing (2088 2148) ps  polarity 0
net 152: (12 5)->(13 5) 0 2 0 1 #timing (2267 2237) ps  polarity 1
net 152: (14 30)->(15 31) 0 3 0 0 #timing (675 675) ps polarity 1
net 152: (15 31)->(15 31) 1 0 0 0 #timing (765 766) ps polarity 0
net 152: (15 31)->(15 27) 3 1 0 0 #timing (1041 990) ps polarity 0
net 152: (15 27)->(15 27) 5 0 1 0 #timing (1167 1129) ps polarity 1
net 152: (15 27)->(15 11) 13 1 0 0 #timing (1724 1653) ps polarity 0
net 152: (15 11)->(15 11) 5 0 1 1 #timing (1949 1889) ps  polarity 0
net 152: (15 11)->(15 11) 1 0 0 1 #timing (2092 2028) ps  polarity 0
net 152: (15 11)->(14 11) 0 2 0 1 #timing (2161 2211) ps 
net 152: (15 11)->(14 10) 0 3 0 1 #timing (2149 2204) ps  polarity 1
net 152: (15 11)->(15 11) 1 0 1 1 #timing (2092 2029) ps  polarity 0
net 152: (15 11)->(14 11) 0 2 0 1 #timing (2161 2211) ps  polarity 1
net 152: (15 11)->(14 10) 0 3 0 1 #timing (2029 2084) ps 
net 153: (8 6)->(8 6) 0 0 0 0 #timing (706 706) ps polarity 1
net 153: (8 6)->(8 4) 1 1 0 0 #timing (824 816) ps polarity 0
net 153: (8 4)->(8 4) 5 0 0 0 #timing (925 962) ps polarity 1
net 153: (8 4)->(8 21) 13 1 1 0 #timing (1573 1419) ps polarity 0
net 153: (8 21)->(8 21) 5 0 1 1 #timing (1797 1656) ps  polarity 0
net 153: (8 21)->(8 21) 1 0 1 1 #timing (1948 1798) ps  polarity 0
net 153: (8 21)->(8 21) 0 0 0 1 #timing (1906 2053) ps  polarity 1
net 153: (8 6)->(9 6) 0 2 0 0 #timing (708 708) ps polarity 1
net 153: (9 6)->(11 6) 1 2 0 0 #timing (828 820) ps polarity 0
net 153: (11 6)->(11 10) 3 4 0 0 #timing (1160 1122) ps polarity 0
net 153: (11 10)->(15 10) 4 2 0 0 #timing (1491 1421) ps polarity 0
net 153: (15 10)->(15 10) 1 0 1 1 #timing (1624 1665) ps  polarity 1
net 153: (15 10)->(15 11) 0 1 0 1 #timing (1830 1759) ps  polarity 0
net 153: (15 10)->(14 10) 0 2 0 1 #timing (1792 1740) ps  polarity 0
net 153: (8 6)->(9 7) 0 3 0 0 #timing (696 696) ps polarity 1
net 153: (9 7)->(9 5) 1 1 0 0 #timing (807 800) ps polarity 0
net 153: (9 5)->(9 5) 1 0 0 1 #timing (1027 993) ps  polarity 1
net 153: (9 5)->(8 5) 0 2 0 1 #timing (1089 1126) ps  polarity 0
net 154: (8 10)->(8 11) 0 1 0 0 #timing (672 672) ps polarity 1
net 154: (8 11)->(10 9) 1 3 0 0 #timing (841 812) ps polarity 0
net 154: (10 9)->(8 11) 1 3 0 1 #timing (1126 1057) ps  polarity 1
net 154: (8 11)->(8 10) 0 1 0 1 #timing (1203 1281) ps  polarity 0
net 154: (10 9)->(14 9) 4 2 0 0 #timing (1082 1120) ps polarity 0
net 154: (14 9)->(14 11) 1 1 0 1 #timing (1378 1294) ps  polarity 1
net 154: (14 11)->(14 10) 0 1 0 1 #timing (1435 1524) ps  polarity 0
net 154: (8 10)->(9 11) 0 3 0 0 #timing (671 671) ps polarity 1
net 154: (9 11)->(11 11) 1 2 0 0 #timing (813 799) ps polarity 0
net 154: (11 11)->(11 7) 3 4 0 0 #timing (1129 1103) ps polarity 0
net 154: (11 7)->(11 7) 5 0 0 0 #timing (1255 1240) ps polarity 1
net 154: (11 7)->(11 22) 13 1 1 0 #timing (1798 1708) ps polarity 0
net 154: (11 22)->(11 22) 5 0 1 1 #timing (2025 1947) ps  polarity 0
net 154: (11 22)->(9 20) 1 3 0 1 #timing (2293 2163) ps  polarity 0
net 154: (9 20)->(8 20) 0 2 0 1 #timing (2320 2475) ps  polarity 1
net 155: (9 6)->(9 7) 0 1 0 0 #timing (740 740) ps polarity 1
net 155: (9 7)->(9 7) 1 0 0 0 #timing (816 819) ps polarity 0
net 155: (9 7)->(9 5) 1 1 0 1 #timing (1058 1017) ps  polarity 1
net 155: (9 5)->(9 5) 0 0 0 1 #timing (1124 1181) ps  polarity 0
net 155: (9 7)->(9 7) 5 0 0 0 #timing (922 936) ps polarity 1
net 155: (9 7)->(9 22) 13 1 1 0 #timing (1575 1438) ps polarity 0
net 155: (9 22)->(9 22) 5 0 1 1 #timing (1915 1796) ps  polarity 0
net 155: (9 22)->(9 20) 1 1 0 1 #timing (2103 1970) ps  polarity 0
net 155: (9 20)->(9 21) 0 1 0 1 #timing (2078 2231) ps  polarity 1
net 155: (9 6)->(8 6) 0 2 0 0 #timing (739 739) ps polarity 1
net 155: (8 6)->(8 6) 1 0 0 0 #timing (816 818) ps polarity 0
net 155: (8 6)->(8 10) 3 4 0 0 #timing (1128 1063) ps polarity 0
net 155: (8 10)->(12 10) 4 2 0 0 #timing (1403 1328) ps polarity 0
net 155: (12 10)->(14 10) 1 2 0 1 #timing (1549 1593) ps  polarity 1
net 155: (14 10)->(14 10) 0 0 0 1 #timing (1736 1704) ps  polarity 0
net 155: (9 6)->(8 7) 0 3 0 0 #timing (732 733) ps polarity 1
net 155: (8 7)->(10 7) 1 2 0 0 #timing (883 861) ps polarity 0
net 155: (10 7)->(10 11) 3 4 0 0 #timing (1204 1161) ps polarity 0
net 155: (10 11)->(14 11) 4 2 0 0 #timing (1504 1442) ps polarity 0
net 155: (14 11)->(14 11) 1 0 0 1 #timing (1649 1682) ps  polarity 1
net 155: (14 11)->(15 11) 0 2 0 1 #timing (1818 1770) ps  polarity 0
net 156: (18 18)->(19 19) 0 3 0 0 #timing (674 674) ps polarity 1
net 156: (19 19)->(19 19) 1 0 0 0 #timing (765 768) ps polarity 0
net 156: (19 19)->(15 19) 4 5 0 0 #timing (1022 990) ps polarity 0
net 156: (15 19)->(11 19) 4 2 0 1 #timing (1284 1237) ps  polarity 0
net 156: (11 19)->(11 15) 3 4 0 1 #timing (1579 1466) ps  polarity 0
net 156: (11 15)->(11 15) 1 0 0 1 #timing (1672 1566) ps  polarity 1
net 156: (11 15)->(11 15) 0 0 0 1 #timing (1667 1774) ps  polarity 0
net 157: (11 13)->(11 13) 0 0 0 0 #timing (762 762) ps polarity 1
net 157: (11 13)->(11 13) 1 0 0 0 #timing (838 836) ps polarity 0
net 157: (11 13)->(11 13) 1 0 1 1 #timing (1040 1006) ps  polarity 1
net 157: (11 13)->(10 13) 0 2 0 1 #timing (1138 1159) ps  polarity 0
net 158: (11 14)->(10 14) 0 2 0 0 #timing (193 193) ps polarity 1
net 158: (10 14)->(8 12) 1 3 0 0 #timing (389 342) ps polarity 0
net 158: (8 12)->(10 14) 1 3 0 1 #timing (677 587) ps  polarity 1
net 158: (10 14)->(11 15) 0 3 0 1 #timing (735 837) ps  polarity 0
net 158: (8 12)->(8 8) 3 1 0 0 #timing (666 677) ps polarity 0
net 158: (8 8)->(12 8) 4 2 0 0 #timing (936 938) ps polarity 0
net 158: (12 8)->(14 8) 1 2 0 1 #timing (1157 1124) ps  polarity 1
net 158: (14 8)->(15 9) 0 3 0 1 #timing (1254 1302) ps  polarity 0
net 159: (3 15)->(3 15) 0 0 0 0 #timing (686 686) ps polarity 1
net 159: (3 15)->(1 13) 1 3 0 0 #timing (870 833) ps polarity 0
net 159: (1 13)->(3 15) 1 3 0 1 #timing (1190 1103) ps  polarity 1
net 159: (3 15)->(3 15) 0 0 0 1 #timing (1226 1346) ps  polarity 0
net 159: (1 13)->(1 17) 3 4 0 0 #timing (1133 1158) ps polarity 0
net 159: (1 17)->(5 17) 4 2 0 0 #timing (1450 1450) ps polarity 0
net 159: (5 17)->(5 21) 3 1 0 1 #timing (1836 1752) ps  polarity 0
net 159: (5 21)->(5 23) 1 1 0 1 #timing (1983 1888) ps  polarity 1
net 159: (5 23)->(4 23) 0 2 0 1 #timing (2024 2129) ps  polarity 0
net 159: (5 17)->(5 17) 5 0 1 0 #timing (1573 1590) ps polarity 1
net 159: (5 17)->(5 0) 13 1 1 0 #timing (2280 2127) ps polarity 0
net 159: (5 0)->(5 8) 5 1 0 1 #timing (2754 2580) ps  polarity 1
net 159: (5 8)->(9 8) 4 5 0 1 #timing (3123 2890) ps  polarity 1
net 159: (9 8)->(9 12) 3 1 0 1 #timing (3423 3146) ps  polarity 1
net 159: (9 12)->(11 14) 1 3 0 1 #timing (3653 3338) ps  polarity 0
net 159: (11 14)->(11 15) 0 1 0 1 #timing (3488 3832) ps  polarity 1
net 160: (2 13)->(3 13) 0 2 0 0 #timing (688 688) ps polarity 1
net 160: (3 13)->(1 15) 1 3 0 0 #timing (843 812) ps polarity 0
net 160: (1 15)->(3 15) 1 2 0 1 #timing (1138 1076) ps  polarity 1
net 160: (3 15)->(2 14) 0 3 0 1 #timing (1217 1283) ps  polarity 0
net 160: (1 15)->(5 15) 4 2 0 0 #timing (1158 1198) ps polarity 0
net 160: (5 15)->(9 15) 4 5 0 1 #timing (1473 1492) ps  polarity 0
net 160: (9 15)->(11 13) 1 3 0 1 #timing (1752 1719) ps  polarity 1
net 160: (11 13)->(11 13) 0 0 0 1 #timing (1830 1902) ps  polarity 0
net 160: (5 15)->(5 15) 5 0 1 0 #timing (1281 1338) ps polarity 1
net 160: (5 15)->(5 30) 13 1 1 0 #timing (1940 1770) ps polarity 0
net 160: (5 30)->(5 22) 5 1 0 1 #timing (2422 2233) ps  polarity 1
net 160: (5 22)->(5 22) 1 0 1 1 #timing (2441 2594) ps  polarity 0
net 160: (5 22)->(5 22) 0 0 0 1 #timing (2743 2569) ps  polarity 1
net 161: (6 21)->(6 21) 0 0 0 0 #timing (797 797) ps polarity 1
net 161: (6 21)->(4 23) 1 3 0 0 #timing (958 930) ps polarity 0
net 161: (4 23)->(4 21) 1 1 0 1 #timing (1244 1188) ps  polarity 1
net 161: (4 21)->(5 21) 0 2 0 1 #timing (1337 1395) ps  polarity 0
net 161: (4 23)->(6 21) 1 3 0 1 #timing (1298 1218) ps  polarity 1
net 161: (6 21)->(6 21) 0 0 0 1 #timing (1377 1480) ps  polarity 0
net 161: (4 23)->(4 19) 3 1 0 0 #timing (1244 1266) ps polarity 0
net 161: (4 19)->(8 19) 4 5 0 0 #timing (1640 1588) ps polarity 0
net 161: (8 19)->(8 15) 3 4 0 1 #timing (2055 1991) ps  polarity 0
net 161: (8 15)->(10 15) 1 2 0 1 #timing (2176 2111) ps  polarity 1
net 161: (10 15)->(11 15) 0 2 0 1 #timing (2229 2293) ps  polarity 0
net 161: (4 19)->(4 19) 5 0 0 0 #timing (1367 1402) ps polarity 1
net 161: (4 19)->(4 3) 13 1 0 0 #timing (1977 1838) ps polarity 0
net 161: (4 3)->(12 11) 5 3 0 1 #timing (2688 2526) ps  polarity 0
net 161: (12 11)->(14 9) 1 3 0 1 #timing (2962 2754) ps  polarity 0
net 161: (14 9)->(15 9) 0 2 0 1 #timing (2916 3141) ps  polarity 1
net 162: (9 23)->(8 23) 0 2 0 0 #timing (227 227) ps polarity 1
net 162: (8 23)->(8 23) 1 0 0 0 #timing (310 311) ps polarity 0
net 162: (8 23)->(8 19) 3 1 0 0 #timing (607 546) ps polarity 0
net 162: (8 19)->(12 19) 4 2 0 0 #timing (871 803) ps polarity 0
net 162: (12 19)->(12 19) 5 0 0 0 #timing (990 939) ps polarity 1
net 162: (12 19)->(12 2) 13 1 1 0 #timing (1545 1485) ps polarity 0
net 162: (12 2)->(12 2) 5 0 0 1 #timing (1779 1730) ps  polarity 0
net 162: (12 2)->(12 2) 1 0 1 1 #timing (1920 1868) ps  polarity 0
net 162: (12 2)->(12 3) 0 1 0 1 #timing (1989 2032) ps  polarity 1
net 162: (8 23)->(10 21) 1 3 0 0 #timing (409 370) ps polarity 0
net 162: (10 21)->(10 21) 5 0 1 0 #timing (490 568) ps polarity 1
net 162: (10 21)->(10 5) 13 1 0 0 #timing (1238 1033) ps polarity 0
net 162: (10 5)->(10 5) 5 0 1 1 #timing (1468 1272) ps  polarity 0
net 162: (10 5)->(14 5) 4 2 0 1 #timing (1791 1556) ps  polarity 1
net 162: (14 5)->(14 1) 3 1 0 1 #timing (2135 1818) ps  polarity 1
net 162: (14 1)->(14 1) 1 0 0 1 #timing (2232 1920) ps  polarity 0
net 162: (14 1)->(14 1) 0 0 0 1 #timing (2056 2354) ps  polarity 1
net 162: (9 23)->(8 22) 0 3 0 0 #timing (225 225) ps polarity 1
net 162: (8 22)->(10 22) 1 2 0 0 #timing (369 351) ps polarity 0
net 162: (10 22)->(14 22) 4 2 0 0 #timing (613 638) ps polarity 0
net 162: (14 22)->(14 22) 5 0 0 0 #timing (736 776) ps polarity 1
net 162: (14 22)->(14 7) 13 1 1 0 #timing (1353 1208) ps polarity 0
net 162: (14 7)->(14 7) 5 0 1 1 #timing (1557 1428) ps  polarity 0
net 162: (14 7)->(14 7) 1 0 1 1 #timing (1698 1567) ps  polarity 0
net 162: (14 7)->(15 7) 0 2 0 1 #timing (1665 1798) ps  polarity 1
net 164: (14 14)->(14 15) 0 1 0 0 #timing (183 183) ps polarity 1
net 164: (14 15)->(14 15) 1 0 0 0 #timing (261 263) ps polarity 0
net 164: (14 15)->(14 15) 5 0 0 0 #timing (365 379) ps polarity 1
net 164: (14 15)->(6 15) 5 2 0 1 #timing (727 735) ps  polarity 0
net 164: (6 15)->(2 15) 4 2 0 1 #timing (1003 980) ps  polarity 0
net 164: (2 15)->(2 19) 3 4 0 1 #timing (1305 1228) ps  polarity 0
net 164: (2 19)->(2 17) 1 1 0 1 #timing (1447 1363) ps  polarity 1
net 164: (2 17)->(3 16) 0 3 0 1 #timing (1491 1585) ps  polarity 0
net 165: (19 17)->(18 17) 0 2 0 0 #timing (235 235) ps polarity 1
net 165: (18 17)->(16 19) 1 3 0 0 #timing (387 363) ps polarity 0
net 165: (16 19)->(16 19) 5 0 1 0 #timing (497 575) ps polarity 1
net 165: (16 19)->(1 19) 13 2 1 0 #timing (1191 998) ps polarity 0
net 165: (1 19)->(1 19) 5 0 1 1 #timing (1441 1259) ps  polarity 0
net 165: (1 19)->(3 17) 1 3 0 1 #timing (1683 1461) ps  polarity 0
net 165: (3 17)->(3 16) 0 1 0 1 #timing (1587 1833) ps  polarity 1
net 166: (2 18)->(2 18) 0 0 0 0 #timing (704 704) ps polarity 1
net 166: (2 18)->(0 16) 1 3 0 0 #timing (881 846) ps polarity 0
net 166: (0 16)->(2 16) 1 2 0 1 #timing (1175 1099) ps  polarity 1
net 166: (2 16)->(2 17) 0 1 0 1 #timing (1229 1324) ps  polarity 0
net 166: (2 16)->(3 16) 0 2 0 1 #timing (1228 1321) ps  polarity 0
net 166: (0 16)->(0 20) 3 1 0 0 #timing (1149 1174) ps polarity 0
net 166: (0 20)->(4 20) 4 2 0 0 #timing (1416 1435) ps polarity 0
net 166: (4 20)->(4 22) 1 1 0 1 #timing (1689 1629) ps  polarity 1
net 166: (4 22)->(4 22) 0 0 0 1 #timing (1744 1819) ps  polarity 0
net 167: (3 18)->(3 18) 0 0 0 0 #timing (661 661) ps polarity 1
net 167: (3 18)->(1 16) 1 3 0 0 #timing (828 796) ps polarity 0
net 167: (1 16)->(3 16) 1 2 0 1 #timing (1104 1040) ps  polarity 1
net 167: (3 16)->(3 16) 0 0 0 1 #timing (1148 1230) ps  polarity 0
net 167: (3 16)->(3 17) 0 1 0 1 #timing (1160 1237) ps  polarity 0
net 167: (1 16)->(5 16) 4 2 0 0 #timing (1095 1133) ps polarity 0
net 167: (5 16)->(5 16) 1 0 1 1 #timing (1337 1272) ps  polarity 1
net 167: (5 16)->(4 17) 0 3 0 1 #timing (1437 1472) ps  polarity 0
net 169: (18 16)->(18 16) 0 0 0 0 #timing (649 649) ps polarity 1
net 169: (18 16)->(16 18) 1 3 0 0 #timing (798 774) ps polarity 0
net 169: (16 18)->(12 18) 4 5 0 0 #timing (1106 1126) ps polarity 0
net 169: (12 18)->(8 18) 4 2 0 1 #timing (1368 1376) ps  polarity 0
net 169: (8 18)->(8 14) 3 4 0 1 #timing (1674 1613) ps  polarity 0
net 169: (8 14)->(10 14) 1 2 0 1 #timing (1790 1727) ps  polarity 1
net 169: (10 14)->(10 14) 0 0 0 1 #timing (1835 1904) ps  polarity 0
net 170: (2 15)->(3 14) 0 3 0 0 #timing (743 743) ps polarity 1
net 170: (3 14)->(1 12) 1 3 0 0 #timing (931 895) ps polarity 0
net 170: (1 12)->(3 14) 1 3 0 1 #timing (1241 1159) ps  polarity 1
net 170: (3 14)->(2 15) 0 3 0 1 #timing (1308 1409) ps  polarity 0
net 170: (1 12)->(1 16) 3 4 0 0 #timing (1200 1225) ps polarity 0
net 170: (1 16)->(5 16) 4 2 0 1 #timing (1586 1543) ps  polarity 0
net 170: (5 16)->(5 20) 3 1 0 1 #timing (1855 1764) ps  polarity 0
net 170: (5 20)->(5 20) 1 0 1 1 #timing (1954 1868) ps  polarity 1
net 170: (5 20)->(4 21) 0 3 0 1 #timing (2014 2078) ps  polarity 0
net 170: (1 16)->(1 16) 5 0 1 0 #timing (1325 1366) ps polarity 1
net 170: (1 16)->(1 1) 13 1 1 0 #timing (2009 1845) ps polarity 0
net 170: (1 1)->(9 9) 5 3 0 1 #timing (2871 2667) ps  polarity 0
net 170: (9 9)->(9 13) 3 1 0 1 #timing (3271 2998) ps  polarity 1
net 170: (9 13)->(11 15) 1 3 0 1 #timing (3488 3185) ps  polarity 0
net 170: (11 15)->(10 14) 0 3 0 1 #timing (3367 3687) ps  polarity 1
net 171: (15 9)->(15 8) 0 1 0 0 #timing (190 190) ps polarity 0
net 171: (15 8)->(15 8) 1 0 0 0 #timing (271 271) ps polarity 1
net 171: (15 8)->(15 12) 3 1 0 0 #timing (541 493) ps polarity 1
net 171: (15 12)->(11 12) 4 2 0 0 #timing (813 742) ps polarity 1
net 171: (11 12)->(11 14) 1 1 0 1 #timing (1009 1034) ps  polarity 0
net 171: (11 14)->(10 14) 0 2 0 1 #timing (1175 1153) ps  polarity 1
net 172: (10 16)->(10 17) 0 1 0 0 #timing (195 195) ps polarity 0
net 172: (10 17)->(10 17) 1 0 0 0 #timing (276 276) ps polarity 1
net 172: (10 17)->(10 13) 3 4 0 1 #timing (723 608) ps  polarity 1
net 172: (10 13)->(10 15) 1 1 0 1 #timing (867 742) ps  polarity 0
net 172: (10 15)->(10 14) 0 1 0 1 #timing (891 1015) ps  polarity 1
net 173: (10 15)->(10 15) 0 0 0 0 #timing (191 191) ps polarity 0
net 173: (10 15)->(8 13) 1 3 0 0 #timing (347 321) ps polarity 1
net 173: (8 13)->(10 13) 1 2 0 1 #timing (591 539) ps  polarity 0
net 173: (10 13)->(11 13) 0 2 0 1 #timing (659 711) ps  polarity 1
net 178: (26 6)->(26 6) 0 0 0 0 #timing (704 704) ps polarity 1
net 178: (26 6)->(26 6) 1 0 0 0 #timing (775 779) ps polarity 0
net 178: (26 6)->(30 6) 4 2 0 1 #timing (1167 1099) ps  polarity 0
net 178: (30 6)->(28 4) 1 3 0 1 #timing (1420 1309) ps  polarity 1
net 178: (28 4)->(28 5) 0 1 0 1 #timing (1444 1577) ps  polarity 0
net 178: (26 6)->(27 6) 0 2 0 0 #timing (704 704) ps polarity 1
net 178: (27 6)->(27 4) 1 1 0 0 #timing (832 817) ps polarity 0
net 178: (27 4)->(25 4) 1 2 0 1 #timing (1123 1058) ps  polarity 1
net 178: (25 4)->(25 4) 0 0 0 1 #timing (1225 1297) ps  polarity 0
net 178: (26 6)->(27 7) 0 3 0 0 #timing (675 675) ps polarity 1
net 178: (27 7)->(25 5) 1 3 0 0 #timing (856 830) ps polarity 0
net 178: (25 5)->(27 7) 1 3 0 1 #timing (1199 1116) ps  polarity 1
net 178: (27 7)->(26 6) 0 3 0 1 #timing (1234 1358) ps  polarity 0
net 178: (25 5)->(25 5) 5 0 0 0 #timing (956 1033) ps polarity 1
net 178: (25 5)->(25 21) 13 1 0 0 #timing (1693 1486) ps polarity 0
net 178: (25 21)->(25 21) 5 0 0 1 #timing (2031 1839) ps  polarity 0
net 178: (25 21)->(25 23) 1 1 0 1 #timing (2218 2013) ps  polarity 0
net 178: (25 23)->(25 22) 0 1 0 1 #timing (2130 2349) ps  polarity 1
net 178: (25 21)->(25 25) 3 4 0 1 #timing (2405 2146) ps  polarity 1
net 178: (25 25)->(25 25) 1 0 1 1 #timing (2517 2264) ps  polarity 0
net 178: (25 25)->(24 24) 0 3 0 1 #timing (2418 2646) ps  polarity 1
net 178: (25 21)->(21 21) 4 5 0 1 #timing (2354 2121) ps  polarity 1
net 178: (21 21)->(23 21) 1 2 0 1 #timing (2613 2333) ps  polarity 0
net 178: (23 21)->(23 20) 0 1 0 1 #timing (2457 2746) ps  polarity 1
net 179: (28 27)->(28 27) 0 0 0 0 #timing (726 726) ps polarity 1
net 179: (28 27)->(28 27) 1 0 0 0 #timing (797 804) ps polarity 0
net 179: (28 27)->(28 27) 1 0 1 1 #timing (1000 974) ps  polarity 1
net 179: (28 27)->(28 27) 0 0 0 1 #timing (1088 1109) ps  polarity 0
net 179: (28 27)->(28 23) 3 4 0 0 #timing (1072 1023) ps polarity 0
net 179: (28 23)->(24 23) 4 2 0 0 #timing (1339 1276) ps polarity 0
net 179: (24 23)->(24 21) 1 1 0 1 #timing (1531 1555) ps  polarity 1
net 179: (24 21)->(24 21) 0 0 0 1 #timing (1700 1684) ps  polarity 0
net 179: (28 27)->(28 27) 5 0 0 0 #timing (906 916) ps polarity 1
net 179: (28 27)->(28 10) 13 1 1 0 #timing (1543 1415) ps polarity 0
net 179: (28 10)->(28 10) 5 0 1 1 #timing (1789 1671) ps  polarity 0
net 179: (28 10)->(24 10) 4 2 0 1 #timing (2080 1930) ps  polarity 1
net 179: (24 10)->(24 6) 3 4 0 1 #timing (2413 2191) ps  polarity 1
net 179: (24 6)->(26 4) 1 3 0 1 #timing (2573 2336) ps  polarity 0
net 179: (26 4)->(27 5) 0 3 0 1 #timing (2476 2718) ps  polarity 1
net 179: (28 27)->(29 26) 0 3 0 0 #timing (743 743) ps polarity 1
net 179: (29 26)->(29 26) 1 0 0 0 #timing (831 831) ps polarity 0
net 179: (29 26)->(29 22) 3 4 0 0 #timing (1089 1048) ps polarity 0
net 179: (29 22)->(29 22) 5 0 0 0 #timing (1217 1189) ps polarity 1
net 179: (29 22)->(29 7) 13 1 1 0 #timing (1769 1690) ps polarity 0
net 179: (29 7)->(29 7) 5 0 0 1 #timing (1982 1916) ps  polarity 0
net 179: (29 7)->(29 5) 1 1 0 1 #timing (2171 2089) ps  polarity 0
net 179: (29 5)->(28 5) 0 2 0 1 #timing (2230 2316) ps  polarity 1
net 179: (29 26)->(29 26) 5 0 0 0 #timing (933 950) ps polarity 1
net 179: (29 26)->(29 18) 5 1 0 1 #timing (1271 1293) ps  polarity 0
net 179: (29 18)->(25 18) 4 2 0 1 #timing (1564 1546) ps  polarity 0
net 179: (25 18)->(25 18) 1 0 0 1 #timing (1762 1716) ps  polarity 1
net 179: (25 18)->(24 19) 0 3 0 1 #timing (1875 1893) ps  polarity 0
net 179: (29 26)->(21 18) 5 3 0 1 #timing (1532 1548) ps  polarity 1
net 179: (21 18)->(23 16) 1 3 0 1 #timing (1796 1770) ps  polarity 1
net 179: (23 16)->(22 17) 0 3 0 1 #timing (1929 1957) ps  polarity 0
net 179: (29 26)->(29 10) 13 1 0 0 #timing (1565 1435) ps polarity 0
net 179: (29 10)->(29 2) 5 1 0 1 #timing (2025 1875) ps  polarity 1
net 179: (29 2)->(25 2) 4 2 0 1 #timing (2332 2138) ps  polarity 1
net 179: (25 2)->(25 2) 1 0 1 1 #timing (2525 2305) ps  polarity 0
net 179: (25 2)->(24 2) 0 2 0 1 #timing (2392 2618) ps  polarity 1
net 180: (28 21)->(28 20) 0 1 0 0 #timing (736 736) ps polarity 1
net 180: (28 20)->(28 20) 1 0 0 0 #timing (823 820) ps polarity 0
net 180: (28 20)->(28 16) 3 1 0 0 #timing (1090 1049) ps polarity 0
net 180: (28 16)->(28 16) 5 0 1 0 #timing (1215 1187) ps polarity 1
net 180: (28 16)->(20 16) 5 2 0 1 #timing (1584 1548) ps  polarity 0
net 180: (20 16)->(22 16) 1 2 0 1 #timing (1798 1784) ps  polarity 1
net 180: (22 16)->(23 17) 0 3 0 1 #timing (1938 1955) ps  polarity 0
net 180: (28 21)->(29 21) 0 2 0 0 #timing (738 738) ps polarity 1
net 180: (29 21)->(29 21) 1 0 0 0 #timing (816 820) ps polarity 0
net 180: (29 21)->(29 17) 3 1 0 0 #timing (1103 1048) ps polarity 0
net 180: (29 17)->(25 17) 4 2 0 0 #timing (1422 1337) ps polarity 0
net 180: (25 17)->(25 19) 1 1 0 1 #timing (1595 1638) ps  polarity 1
net 180: (25 19)->(24 19) 0 2 0 1 #timing (1744 1718) ps  polarity 0
net 180: (28 21)->(29 20) 0 3 0 0 #timing (743 743) ps polarity 1
net 180: (29 20)->(29 20) 1 0 0 0 #timing (831 832) ps polarity 0
net 180: (29 20)->(29 20) 1 0 1 1 #timing (1035 1003) ps  polarity 1
net 180: (29 20)->(28 21) 0 3 0 1 #timing (1151 1160) ps  polarity 0
net 180: (29 20)->(25 20) 4 2 0 0 #timing (1139 1100) ps polarity 0
net 180: (25 20)->(25 20) 1 0 1 1 #timing (1315 1323) ps  polarity 1
net 180: (25 20)->(25 21) 0 1 0 1 #timing (1433 1420) ps  polarity 0
net 180: (29 20)->(29 20) 5 0 0 0 #timing (934 949) ps polarity 1
net 180: (29 20)->(29 4) 13 1 0 0 #timing (1646 1496) ps polarity 0
net 180: (29 4)->(29 4) 5 0 1 1 #timing (1875 1735) ps  polarity 0
net 180: (29 4)->(29 4) 1 0 0 1 #timing (2018 1875) ps  polarity 0
net 180: (29 4)->(28 5) 0 3 0 1 #timing (2038 2152) ps  polarity 1
net 180: (29 4)->(25 4) 4 2 0 1 #timing (2248 2055) ps  polarity 1
net 180: (25 4)->(25 4) 1 0 1 1 #timing (2443 2223) ps  polarity 0
net 180: (25 4)->(25 5) 0 1 0 1 #timing (2320 2540) ps  polarity 1
net 180: (25 4)->(27 4) 1 2 0 1 #timing (2503 2263) ps  polarity 0
net 180: (27 4)->(27 5) 0 1 0 1 #timing (2382 2652) ps  polarity 1
net 181: (22 17)->(22 17) 0 0 0 0 #timing (197 197) ps polarity 1
net 181: (22 17)->(20 19) 1 3 0 0 #timing (377 342) ps polarity 0
net 181: (20 19)->(20 15) 3 4 0 0 #timing (684 706) ps polarity 0
net 181: (20 15)->(20 15) 5 0 1 0 #timing (816 852) ps polarity 1
net 181: (20 15)->(28 7) 5 3 0 1 #timing (1408 1435) ps  polarity 1
net 181: (28 7)->(28 7) 1 0 0 1 #timing (1608 1622) ps  polarity 1
net 181: (28 7)->(29 6) 0 3 0 1 #timing (1737 1717) ps  polarity 0
net 181: (28 7)->(24 7) 4 2 0 1 #timing (1712 1688) ps  polarity 0
net 181: (24 7)->(26 5) 1 3 0 1 #timing (1984 1903) ps  polarity 1
net 181: (26 5)->(27 5) 0 2 0 1 #timing (2033 2128) ps  polarity 0
net 181: (24 7)->(24 3) 3 1 0 1 #timing (2096 1987) ps  polarity 0
net 181: (24 3)->(24 3) 1 0 1 1 #timing (2195 2092) ps  polarity 1
net 181: (24 3)->(24 2) 0 1 0 1 #timing (2214 2308) ps  polarity 0
net 182: (23 20)->(23 20) 0 0 0 0 #timing (216 216) ps polarity 1
net 182: (23 20)->(21 22) 1 3 0 0 #timing (368 346) ps polarity 0
net 182: (21 22)->(21 22) 5 0 1 0 #timing (480 557) ps polarity 1
net 182: (21 22)->(21 7) 13 1 1 0 #timing (1162 975) ps polarity 0
net 182: (21 7)->(29 7) 5 2 0 1 #timing (1642 1423) ps  polarity 1
net 182: (29 7)->(29 7) 1 0 0 1 #timing (1621 1809) ps  polarity 0
net 182: (29 7)->(28 6) 0 3 0 1 #timing (1948 1742) ps  polarity 1
net 182: (29 7)->(25 7) 4 2 0 1 #timing (1939 1690) ps  polarity 1
net 182: (25 7)->(25 5) 1 1 0 1 #timing (2182 1892) ps  polarity 0
net 182: (25 5)->(25 4) 0 1 0 1 #timing (2011 2312) ps  polarity 1
net 182: (25 7)->(27 5) 1 3 0 1 #timing (2225 1918) ps  polarity 0
net 182: (27 5)->(27 5) 0 0 0 1 #timing (2047 2390) ps  polarity 1
net 183: (22 20)->(23 21) 0 3 0 0 #timing (193 193) ps polarity 1
net 183: (23 21)->(21 23) 1 3 0 0 #timing (386 350) ps polarity 0
net 183: (21 23)->(25 23) 4 5 0 0 #timing (761 777) ps polarity 0
net 183: (25 23)->(25 23) 5 0 1 0 #timing (889 921) ps polarity 1
net 183: (25 23)->(25 6) 13 1 1 0 #timing (1639 1467) ps polarity 0
net 183: (25 6)->(25 6) 5 0 1 1 #timing (1979 1820) ps  polarity 0
net 183: (25 6)->(25 4) 1 1 0 1 #timing (2050 1763) ps 
net 183: (25 6)->(29 6) 4 2 0 1 #timing (2385 2148) ps  polarity 1
net 183: (29 6)->(29 6) 1 0 1 1 #timing (2587 2325) ps  polarity 0
net 183: (29 6)->(29 7) 0 1 0 1 #timing (2456 2704) ps  polarity 1
net 183: (21 23)->(21 23) 5 0 1 0 #timing (482 570) ps polarity 1
net 183: (21 23)->(21 6) 13 1 1 0 #timing (1223 1011) ps polarity 0
net 183: (21 6)->(21 6) 5 0 1 1 #timing (1452 1253) ps  polarity 0
net 183: (21 6)->(25 6) 4 5 0 1 #timing (1827 1573) ps  polarity 1
net 183: (25 6)->(25 4) 1 1 0 1 #timing (2050 1763) ps  polarity 0
net 183: (25 4)->(24 5) 0 3 0 1 #timing (1932 2203) ps  polarity 1
net 183: (21 6)->(29 14) 5 3 0 1 #timing (1932 1704) ps  polarity 0
net 183: (29 14)->(29 14) 1 0 1 1 #timing (2108 1868) ps  polarity 0
net 183: (29 14)->(29 15) 0 1 0 1 #timing (2013 2233) ps  polarity 1
net 185: (18 17)->(19 16) 0 3 0 0 #timing (174 174) ps polarity 1
net 185: (19 16)->(17 18) 1 3 0 0 #timing (337 308) ps polarity 0
net 185: (17 18)->(17 14) 3 4 0 0 #timing (632 648) ps polarity 0
net 185: (17 14)->(17 14) 5 0 1 0 #timing (763 792) ps polarity 1
net 185: (17 14)->(0 14) 13 2 1 0 #timing (1509 1339) ps polarity 0
net 185: (0 14)->(8 6) 5 3 0 1 #timing (2372 2167) ps  polarity 0
net 185: (8 6)->(10 4) 1 3 0 1 #timing (2620 2383) ps  polarity 0
net 185: (10 4)->(11 5) 0 3 0 1 #timing (2517 2761) ps  polarity 1
net 186: (6 6)->(7 6) 0 2 0 0 #timing (708 708) ps polarity 1
net 186: (7 6)->(5 4) 1 3 0 0 #timing (883 846) ps polarity 0
net 186: (5 4)->(7 4) 1 2 0 1 #timing (1141 1073) ps  polarity 1
net 186: (7 4)->(6 5) 0 3 0 1 #timing (1245 1291) ps  polarity 0
net 186: (5 4)->(5 8) 3 4 0 0 #timing (1166 1173) ps polarity 0
net 186: (5 8)->(5 8) 5 0 1 0 #timing (1291 1313) ps polarity 1
net 186: (5 8)->(5 25) 13 1 1 0 #timing (1970 1822) ps polarity 0
net 186: (5 25)->(5 25) 5 0 1 1 #timing (2198 2062) ps  polarity 0
net 186: (5 25)->(5 27) 1 1 0 1 #timing (2385 2233) ps  polarity 0
net 186: (5 27)->(5 26) 0 1 0 1 #timing (2370 2530) ps  polarity 1
net 186: (5 4)->(9 4) 4 5 0 0 #timing (1197 1217) ps polarity 0
net 186: (9 4)->(11 4) 1 2 0 1 #timing (1452 1396) ps  polarity 1
net 186: (11 4)->(11 5) 0 1 0 1 #timing (1512 1597) ps  polarity 0
net 187: (3 16)->(3 17) 0 1 0 0 #timing (190 190) ps polarity 0
net 187: (3 17)->(3 17) 1 0 0 0 #timing (269 269) ps polarity 1
net 187: (3 17)->(3 13) 3 4 0 0 #timing (519 483) ps polarity 1
net 187: (3 13)->(3 13) 5 0 1 0 #timing (649 626) ps polarity 0
net 187: (3 13)->(11 5) 5 3 0 1 #timing (1283 1258) ps  polarity 0
net 187: (11 5)->(11 5) 1 0 1 1 #timing (1463 1425) ps  polarity 0
net 187: (11 5)->(11 5) 0 0 0 1 #timing (1551 1579) ps  polarity 1
net 188: (15 18)->(14 19) 0 3 0 0 #timing (186 186) ps polarity 0
net 188: (14 19)->(14 19) 1 0 0 0 #timing (274 275) ps polarity 1
net 188: (14 19)->(14 15) 3 4 0 0 #timing (565 507) ps polarity 1
net 188: (14 15)->(10 15) 4 2 0 0 #timing (879 786) ps polarity 1
net 188: (10 15)->(10 15) 5 0 0 0 #timing (1005 931) ps polarity 0
net 188: (10 15)->(10 7) 5 1 0 1 #timing (1358 1285) ps  polarity 1
net 188: (10 7)->(10 5) 1 1 0 1 #timing (1534 1561) ps  polarity 0
net 188: (10 5)->(11 5) 0 2 0 1 #timing (1672 1666) ps  polarity 1
net 189: (15 7)->(15 7) 0 0 0 0 #timing (204 204) ps polarity 0
net 189: (15 7)->(15 7) 1 0 0 0 #timing (279 278) ps polarity 1
net 189: (15 7)->(11 7) 4 2 0 1 #timing (663 592) ps  polarity 1
net 189: (11 7)->(11 7) 1 0 0 1 #timing (856 758) ps  polarity 0
net 189: (11 7)->(10 6) 0 3 0 1 #timing (897 978) ps  polarity 1
net 191: (15 14)->(15 15) 0 1 0 0 #timing (192 192) ps polarity 1
net 191: (15 15)->(15 13) 1 1 0 0 #timing (322 307) ps polarity 0
net 191: (15 13)->(15 9) 3 1 0 1 #timing (800 675) ps  polarity 0
net 191: (15 9)->(15 9) 1 0 1 1 #timing (898 778) ps  polarity 1
net 191: (15 9)->(15 9) 0 0 0 1 #timing (878 999) ps  polarity 0
net 191: (15 13)->(15 13) 5 0 0 0 #timing (416 461) ps polarity 1
net 191: (15 13)->(15 28) 13 1 1 0 #timing (1098 929) ps polarity 0
net 191: (15 28)->(7 20) 5 3 0 1 #timing (1873 1694) ps  polarity 0
net 191: (7 20)->(11 20) 4 5 0 1 #timing (2037 2185) ps  polarity 1
net 191: (11 20)->(11 16) 3 1 0 1 #timing (2382 2455) ps  polarity 1
net 191: (11 16)->(11 16) 1 0 1 1 #timing (2481 2558) ps  polarity 0
net 191: (11 16)->(11 16) 0 0 0 1 #timing (2705 2607) ps  polarity 1
net 192: (2 16)->(3 16) 0 2 0 0 #timing (658 658) ps polarity 1
net 192: (3 16)->(1 18) 1 3 0 0 #timing (811 787) ps polarity 0
net 192: (1 18)->(3 16) 1 3 0 1 #timing (1125 1057) ps  polarity 1
net 192: (3 16)->(2 16) 0 2 0 1 #timing (1194 1285) ps  polarity 0
net 192: (1 18)->(5 18) 4 2 0 0 #timing (1095 1133) ps polarity 0
net 192: (5 18)->(5 16) 1 1 0 1 #timing (1391 1309) ps  polarity 1
net 192: (5 16)->(5 17) 0 1 0 1 #timing (1451 1534) ps  polarity 0
net 192: (5 18)->(9 18) 4 5 0 1 #timing (1383 1404) ps  polarity 0
net 192: (9 18)->(11 18) 1 2 0 1 #timing (1617 1598) ps  polarity 1
net 192: (11 18)->(10 18) 0 2 0 1 #timing (1751 1788) ps  polarity 0
net 192: (5 18)->(5 18) 5 0 0 0 #timing (1218 1273) ps polarity 1
net 192: (5 18)->(5 3) 13 1 1 0 #timing (1911 1735) ps polarity 0
net 192: (5 3)->(13 3) 5 2 0 1 #timing (2385 2180) ps  polarity 1
net 192: (13 3)->(13 7) 3 1 0 1 #timing (2566 2685) ps  polarity 1
net 192: (13 7)->(15 7) 1 2 0 1 #timing (2718 2822) ps  polarity 0
net 192: (15 7)->(15 7) 0 0 0 1 #timing (2946 2854) ps  polarity 1
net 193: (18 4)->(18 5) 0 1 0 0 #timing (195 195) ps polarity 0
net 193: (18 5)->(16 7) 1 3 0 0 #timing (349 320) ps polarity 1
net 193: (16 7)->(16 3) 3 1 0 0 #timing (666 672) ps polarity 1
net 193: (16 3)->(20 3) 4 2 0 0 #timing (935 930) ps polarity 1
net 193: (20 3)->(24 3) 4 5 0 1 #timing (1276 1229) ps  polarity 1
net 193: (24 3)->(24 1) 1 1 0 1 #timing (1514 1427) ps  polarity 0
net 193: (24 1)->(24 1) 0 0 0 1 #timing (1546 1648) ps  polarity 1
net 193: (16 7)->(20 7) 4 2 0 0 #timing (608 657) ps polarity 1
net 193: (20 7)->(24 7) 4 5 0 1 #timing (952 949) ps  polarity 1
net 193: (24 7)->(24 7) 1 0 0 1 #timing (1146 1116) ps  polarity 0
net 193: (24 7)->(24 7) 0 0 0 1 #timing (1277 1280) ps  polarity 1
net 193: (24 7)->(24 6) 0 1 0 1 #timing (1303 1287) ps  polarity 1
net 193: (20 7)->(20 7) 5 0 0 0 #timing (728 792) ps polarity 0
net 193: (20 7)->(20 15) 5 1 0 1 #timing (1088 1151) ps  polarity 1
net 193: (20 15)->(22 13) 1 3 0 1 #timing (1448 1320) ps  polarity 0
net 193: (22 13)->(22 12) 0 1 0 1 #timing (1471 1620) ps  polarity 1
net 193: (20 15)->(24 15) 4 5 0 1 #timing (1457 1434) ps  polarity 1
net 193: (24 15)->(26 13) 1 3 0 1 #timing (1746 1656) ps  polarity 0
net 193: (26 13)->(26 13) 0 0 0 1 #timing (1775 1879) ps  polarity 1
net 196: (16 15)->(16 15) 0 0 0 0 #timing (726 726) ps polarity 1
net 196: (16 15)->(18 13) 1 3 0 0 #timing (900 865) ps polarity 0
net 196: (18 13)->(22 13) 4 2 0 0 #timing (1145 1198) ps polarity 0
net 196: (22 13)->(22 15) 1 1 0 1 #timing (1448 1353) ps  polarity 1
net 196: (22 15)->(23 14) 0 3 0 1 #timing (1504 1600) ps  polarity 0
net 196: (22 13)->(26 13) 4 5 0 1 #timing (1431 1449) ps  polarity 0
net 196: (26 13)->(26 17) 3 4 0 1 #timing (1730 1684) ps  polarity 0
net 196: (26 17)->(24 19) 1 3 0 1 #timing (1870 1816) ps  polarity 1
net 196: (24 19)->(25 18) 0 3 0 1 #timing (1959 2021) ps  polarity 0
net 196: (18 13)->(14 13) 4 5 0 0 #timing (1218 1230) ps polarity 0
net 196: (14 13)->(14 13) 5 0 1 0 #timing (1347 1378) ps polarity 1
net 196: (14 13)->(31 13) 13 2 1 0 #timing (2151 1975) ps polarity 0
net 196: (31 13)->(23 5) 5 3 0 1 #timing (2944 2746) ps  polarity 0
net 196: (23 5)->(27 5) 4 5 0 1 #timing (3024 3222) ps  polarity 1
net 196: (27 5)->(27 9) 3 4 0 1 #timing (3345 3478) ps  polarity 1
net 196: (27 9)->(27 9) 1 0 0 1 #timing (3448 3583) ps  polarity 0
net 196: (27 9)->(27 9) 0 0 0 1 #timing (3684 3550) ps  polarity 1
net 196: (27 9)->(25 9) 1 2 0 1 #timing (3519 3630) ps  polarity 0
net 196: (25 9)->(24 9) 0 2 0 1 #timing (3776 3687) ps  polarity 1
net 197: (28 3)->(28 3) 0 0 0 0 #timing (726 726) ps polarity 1
net 197: (28 3)->(30 1) 1 3 0 0 #timing (892 861) ps polarity 0
net 197: (30 1)->(28 3) 1 3 0 1 #timing (1209 1130) ps  polarity 1
net 197: (28 3)->(28 3) 0 0 0 1 #timing (1252 1362) ps  polarity 0
net 197: (30 1)->(30 5) 3 1 0 0 #timing (1180 1191) ps polarity 0
net 197: (30 5)->(26 5) 4 2 0 0 #timing (1495 1465) ps polarity 0
net 197: (26 5)->(26 9) 3 4 0 1 #timing (1900 1836) ps  polarity 0
net 197: (26 9)->(24 9) 1 2 0 1 #timing (2016 1950) ps  polarity 1
net 197: (24 9)->(25 8) 0 3 0 1 #timing (2112 2158) ps  polarity 0
net 197: (30 5)->(30 5) 5 0 0 0 #timing (1301 1325) ps polarity 1
net 197: (30 5)->(30 13) 5 1 0 1 #timing (1623 1650) ps  polarity 0
net 197: (30 13)->(28 15) 1 3 0 1 #timing (1944 1850) ps  polarity 1
net 197: (28 15)->(29 15) 0 2 0 1 #timing (1999 2116) ps  polarity 0
net 197: (30 5)->(30 21) 13 1 0 0 #timing (1987 1832) ps polarity 0
net 197: (30 21)->(30 21) 5 0 0 1 #timing (2228 2083) ps  polarity 0
net 197: (30 21)->(26 21) 4 2 0 1 #timing (2555 2364) ps  polarity 1
net 197: (26 21)->(24 23) 1 3 0 1 #timing (2820 2573) ps  polarity 0
net 197: (24 23)->(24 22) 0 1 0 1 #timing (2717 2979) ps  polarity 1
net 197: (26 21)->(26 25) 3 4 0 1 #timing (2825 2582) ps  polarity 1
net 197: (26 25)->(24 25) 1 2 0 1 #timing (2939 2696) ps  polarity 0
net 197: (24 25)->(24 24) 0 1 0 1 #timing (2845 3073) ps  polarity 1
net 197: (30 21)->(22 21) 5 2 0 1 #timing (2472 2289) ps  polarity 1
net 197: (22 21)->(22 21) 1 0 1 1 #timing (2487 2637) ps  polarity 0
net 197: (22 21)->(22 20) 0 1 0 1 #timing (2759 2600) ps  polarity 1
net 197: (28 3)->(29 2) 0 3 0 0 #timing (743 743) ps polarity 1
net 197: (29 2)->(31 2) 1 2 0 0 #timing (883 869) ps polarity 0
net 197: (31 2)->(31 6) 3 1 0 0 #timing (1190 1167) ps polarity 0
net 197: (31 6)->(31 10) 3 4 0 1 #timing (1544 1451) ps  polarity 0
net 197: (31 10)->(29 8) 1 3 0 1 #timing (1727 1611) ps  polarity 1
net 197: (29 8)->(28 9) 0 3 0 1 #timing (1751 1892) ps  polarity 0
net 201: (4 17)->(5 17) 0 2 0 0 #timing (174 174) ps polarity 1
net 201: (5 17)->(7 19) 1 3 0 0 #timing (342 314) ps polarity 0
net 201: (7 19)->(3 19) 4 2 0 1 #timing (764 680) ps  polarity 0
net 201: (3 19)->(3 17) 1 1 0 1 #timing (1004 884) ps  polarity 1
net 201: (3 17)->(3 17) 0 0 0 1 #timing (1005 1139) ps  polarity 0
net 204: (24 26)->(24 27) 0 1 0 0 #timing (189 189) ps polarity 1
net 204: (24 27)->(26 25) 1 3 0 0 #timing (363 330) ps polarity 0
net 204: (26 25)->(26 21) 3 4 0 0 #timing (645 659) ps polarity 0
net 204: (26 21)->(26 17) 3 1 0 1 #timing (1096 1002) ps  polarity 0
net 204: (26 17)->(26 19) 1 1 0 1 #timing (1232 1133) ps  polarity 1
net 204: (26 19)->(26 19) 0 0 0 1 #timing (1275 1381) ps  polarity 0
net 206: (18 10)->(18 10) 0 0 0 0 #timing (649 649) ps polarity 1
net 206: (18 10)->(16 8) 1 3 0 0 #timing (816 785) ps polarity 0
net 206: (16 8)->(16 12) 3 1 0 0 #timing (1129 1124) ps polarity 0
net 206: (16 12)->(18 12) 1 2 0 1 #timing (1393 1265) ps 
net 206: (16 12)->(16 16) 3 4 0 1 #timing (1562 1446) ps  polarity 0
net 206: (16 16)->(16 16) 1 0 0 1 #timing (1665 1553) ps  polarity 1
net 206: (16 16)->(17 17) 0 3 0 1 #timing (1695 1789) ps  polarity 0
net 206: (16 16)->(16 18) 1 1 0 1 #timing (1710 1585) ps  polarity 1
net 206: (16 18)->(16 18) 0 0 0 1 #timing (1721 1852) ps  polarity 0
net 206: (16 12)->(20 12) 4 2 0 0 #timing (1424 1400) ps polarity 0
net 206: (20 12)->(22 12) 1 2 0 1 #timing (1643 1628) ps  polarity 1
net 206: (22 12)->(22 13) 0 1 0 1 #timing (1805 1816) ps  polarity 0
net 206: (20 12)->(22 14) 1 3 0 1 #timing (1680 1651) ps  polarity 1
net 206: (22 14)->(23 15) 0 3 0 1 #timing (1799 1855) ps  polarity 0
net 206: (20 12)->(20 16) 3 4 0 1 #timing (1817 1748) ps  polarity 0
net 206: (20 16)->(20 16) 1 0 0 1 #timing (1914 1849) ps  polarity 1
net 206: (20 16)->(21 17) 0 3 0 1 #timing (1989 2037) ps  polarity 0
net 206: (20 16)->(20 18) 1 1 0 1 #timing (1975 1890) ps  polarity 1
net 206: (20 18)->(20 18) 0 0 0 1 #timing (2025 2116) ps  polarity 0
net 206: (16 8)->(16 12) 3 1 0 1 #timing (1253 1134) ps  polarity 0
net 206: (16 12)->(18 12) 1 2 0 1 #timing (1393 1265) ps  polarity 1
net 206: (18 12)->(19 12) 0 2 0 1 #timing (1377 1530) ps  polarity 0
net 207: (15 8)->(15 8) 0 0 0 0 #timing (162 162) ps polarity 1
net 207: (15 8)->(15 10) 1 1 0 0 #timing (277 268) ps polarity 0
net 207: (15 10)->(11 10) 4 2 0 0 #timing (536 538) ps polarity 0
net 207: (11 10)->(11 10) 1 0 1 1 #timing (753 721) ps  polarity 1
net 207: (11 10)->(11 10) 0 0 0 1 #timing (869 880) ps  polarity 0
net 207: (15 8)->(15 9) 0 1 0 0 #timing (174 174) ps polarity 1
net 207: (15 9)->(15 9) 1 0 0 0 #timing (254 256) ps polarity 0
net 207: (15 9)->(19 9) 4 5 0 0 #timing (560 516) ps polarity 0
net 207: (19 9)->(19 9) 5 0 1 0 #timing (685 656) ps polarity 1
net 207: (19 9)->(19 25) 13 1 0 0 #timing (1286 1197) ps polarity 0
net 207: (19 25)->(19 25) 5 0 1 1 #timing (1513 1435) ps  polarity 0
net 207: (19 25)->(23 25) 4 2 0 1 #timing (1795 1695) ps  polarity 1
net 207: (23 25)->(23 25) 1 0 1 1 #timing (1983 1859) ps  polarity 0
net 207: (23 25)->(22 24) 0 3 0 1 #timing (2013 2111) ps  polarity 1
net 207: (23 25)->(21 25) 1 2 0 1 #timing (2026 1887) ps  polarity 0
net 207: (21 25)->(20 25) 0 2 0 1 #timing (2040 2175) ps  polarity 1
net 207: (23 25)->(21 27) 1 3 0 1 #timing (2047 1902) ps  polarity 0
net 207: (21 27)->(20 27) 0 2 0 1 #timing (2076 2238) ps  polarity 1
net 207: (23 25)->(23 21) 3 4 0 1 #timing (2148 1974) ps  polarity 1
net 207: (23 21)->(23 23) 1 1 0 1 #timing (2294 2114) ps  polarity 0
net 207: (23 23)->(22 23) 0 2 0 1 #timing (2204 2405) ps  polarity 1
net 207: (15 9)->(13 9) 1 2 0 0 #timing (312 294) ps polarity 0
net 207: (13 9)->(17 9) 4 5 0 0 #timing (623 625) ps polarity 0
net 207: (17 9)->(17 9) 5 0 0 0 #timing (744 760) ps polarity 1
net 207: (17 9)->(17 24) 13 1 1 0 #timing (1388 1251) ps polarity 0
net 207: (17 24)->(17 24) 5 0 1 1 #timing (1606 1482) ps  polarity 0
net 207: (17 24)->(17 24) 1 0 0 1 #timing (1748 1621) ps  polarity 0
net 207: (17 24)->(16 25) 0 3 0 1 #timing (1765 1872) ps  polarity 1
net 207: (17 24)->(17 26) 1 1 0 1 #timing (1790 1652) ps  polarity 0
net 207: (17 26)->(16 27) 0 3 0 1 #timing (1813 1952) ps  polarity 1
net 207: (15 8)->(14 9) 0 3 0 0 #timing (188 188) ps polarity 1
net 207: (14 9)->(14 9) 1 0 0 0 #timing (273 274) ps polarity 0
net 207: (14 9)->(14 13) 3 1 0 0 #timing (555 504) ps polarity 0
net 207: (14 13)->(10 13) 4 2 0 1 #timing (960 828) ps  polarity 0
net 207: (10 13)->(10 17) 3 4 0 1 #timing (1248 1055) ps  polarity 0
net 207: (10 17)->(10 17) 1 0 1 1 #timing (1348 1158) ps  polarity 1
net 207: (10 17)->(11 17) 0 2 0 1 #timing (1295 1470) ps  polarity 0
net 208: (21 12)->(21 12) 0 0 0 0 #timing (661 661) ps polarity 1
net 208: (21 12)->(23 14) 1 3 0 0 #timing (794 779) ps polarity 0
net 208: (23 14)->(23 10) 3 1 0 0 #timing (1098 1093) ps polarity 0
net 208: (23 10)->(21 10) 1 2 0 1 #timing (1344 1296) ps  polarity 1
net 208: (21 10)->(20 11) 0 3 0 1 #timing (1421 1488) ps  polarity 0
net 208: (23 14)->(23 18) 3 4 0 0 #timing (1110 1102) ps polarity 0
net 208: (23 18)->(23 18) 1 0 1 1 #timing (1323 1283) ps  polarity 1
net 208: (23 18)->(22 19) 0 3 0 1 #timing (1441 1455) ps  polarity 0
net 208: (23 18)->(23 22) 3 1 0 1 #timing (1582 1456) ps  polarity 0
net 208: (23 22)->(21 22) 1 2 0 1 #timing (1722 1593) ps  polarity 1
net 208: (21 22)->(20 23) 0 3 0 1 #timing (1715 1858) ps  polarity 0
net 208: (23 18)->(19 18) 4 2 0 1 #timing (1492 1416) ps  polarity 0
net 208: (19 18)->(19 22) 3 1 0 1 #timing (1777 1650) ps  polarity 0
net 208: (19 22)->(17 22) 1 2 0 1 #timing (1916 1780) ps  polarity 1
net 208: (17 22)->(16 23) 0 3 0 1 #timing (1963 2094) ps  polarity 0
net 208: (23 18)->(23 18) 5 0 1 0 #timing (1242 1248) ps polarity 1
net 208: (23 18)->(23 3) 13 1 1 0 #timing (1927 1790) ps polarity 0
net 208: (23 3)->(6 3) 13 2 1 0 #timing (2492 2530) ps polarity 1
net 208: (6 3)->(14 11) 5 3 0 1 #timing (3286 3310) ps  polarity 1
net 208: (14 11)->(14 11) 1 0 1 1 #timing (3457 3469) ps  polarity 1
net 208: (14 11)->(15 10) 0 3 0 1 #timing (3600 3574) ps  polarity 0
net 208: (6 3)->(6 19) 13 1 0 0 #timing (3242 3099) ps polarity 0
net 208: (6 19)->(22 19) 13 2 0 0 #timing (3841 3876) ps polarity 1
net 208: (22 19)->(22 19) 5 0 0 1 #timing (4105 4151) ps  polarity 1
net 208: (22 19)->(22 23) 3 1 0 1 #timing (4497 4458) ps  polarity 0
net 208: (22 23)->(22 21) 1 1 0 1 #timing (4645 4598) ps  polarity 1
net 208: (22 21)->(22 21) 0 0 0 1 #timing (4737 4791) ps  polarity 0
net 208: (6 19)->(23 19) 13 2 1 0 #timing (3794 3828) ps polarity 1
net 208: (23 19)->(23 27) 5 1 0 1 #timing (4316 4328) ps  polarity 0
net 208: (23 27)->(21 25) 1 3 0 1 #timing (4639 4557) ps  polarity 1
net 208: (21 25)->(20 24) 0 3 0 1 #timing (4684 4799) ps  polarity 0
net 208: (23 27)->(19 27) 4 2 0 1 #timing (4581 4569) ps  polarity 0
net 208: (19 27)->(17 25) 1 3 0 1 #timing (4849 4786) ps  polarity 1
net 208: (17 25)->(16 24) 0 3 0 1 #timing (4945 5023) ps  polarity 0
net 210: (20 17)->(20 16) 0 1 0 0 #timing (161 161) ps polarity 1
net 210: (20 16)->(22 18) 1 3 0 0 #timing (329 297) ps polarity 0
net 210: (22 18)->(18 18) 4 2 0 0 #timing (621 652) ps polarity 0
net 210: (18 18)->(14 18) 4 5 0 1 #timing (934 938) ps  polarity 0
net 210: (14 18)->(14 16) 1 1 0 1 #timing (1162 1131) ps  polarity 1
net 210: (14 16)->(14 16) 0 0 0 1 #timing (1268 1304) ps  polarity 0
net 212: (13 10)->(13 11) 0 1 0 0 #timing (642 642) ps polarity 1
net 212: (13 11)->(13 9) 1 1 0 0 #timing (768 753) ps polarity 0
net 212: (13 9)->(13 13) 3 1 0 0 #timing (1068 1043) ps polarity 0
net 212: (13 13)->(13 17) 3 4 0 1 #timing (1511 1365) ps  polarity 0
net 212: (13 17)->(13 17) 1 0 0 1 #timing (1609 1469) ps  polarity 1
net 212: (13 17)->(13 17) 0 0 0 1 #timing (1594 1725) ps  polarity 0
net 212: (13 13)->(13 13) 5 0 0 0 #timing (1189 1177) ps polarity 1
net 212: (13 13)->(13 29) 13 1 0 0 #timing (1853 1733) ps polarity 0
net 212: (13 29)->(13 29) 5 0 1 1 #timing (2092 1982) ps  polarity 0
net 212: (13 29)->(13 29) 1 0 0 1 #timing (2234 2121) ps  polarity 0
net 212: (13 29)->(12 28) 0 3 0 1 #timing (2242 2346) ps  polarity 1
net 212: (13 29)->(13 31) 1 1 0 1 #timing (2274 2149) ps  polarity 0
net 212: (13 31)->(12 30) 0 3 0 1 #timing (2284 2420) ps  polarity 1
net 213: (15 21)->(15 21) 0 0 0 0 #timing (686 686) ps polarity 1
net 213: (15 21)->(15 21) 1 0 0 0 #timing (759 765) ps polarity 0
net 213: (15 21)->(15 17) 3 1 0 0 #timing (1024 975) ps polarity 0
net 213: (15 17)->(11 17) 4 2 0 0 #timing (1287 1219) ps polarity 0
net 213: (11 17)->(11 17) 1 0 1 1 #timing (1432 1471) ps  polarity 1
net 213: (11 17)->(10 17) 0 2 0 1 #timing (1603 1551) ps  polarity 0
net 213: (15 21)->(15 25) 3 4 0 0 #timing (1065 1000) ps polarity 0
net 213: (15 25)->(13 25) 1 2 0 1 #timing (1321 1207) ps  polarity 1
net 213: (13 25)->(12 24) 0 3 0 1 #timing (1367 1486) ps  polarity 0
net 213: (15 21)->(15 20) 0 1 0 0 #timing (700 700) ps polarity 1
net 213: (15 20)->(15 20) 1 0 0 0 #timing (782 781) ps polarity 0
net 213: (15 20)->(13 22) 1 3 0 1 #timing (1067 1004) ps  polarity 1
net 213: (13 22)->(12 23) 0 3 0 1 #timing (1175 1252) ps  polarity 0
net 216: (19 12)->(19 12) 0 0 0 0 #timing (661 661) ps polarity 1
net 216: (19 12)->(19 12) 1 0 0 0 #timing (733 739) ps polarity 0
net 216: (19 12)->(19 16) 3 4 0 0 #timing (1012 958) ps polarity 0
net 216: (19 16)->(17 16) 1 2 0 1 #timing (1266 1165) ps  polarity 1
net 216: (17 16)->(16 17) 0 3 0 1 #timing (1341 1440) ps  polarity 0
net 216: (19 16)->(23 16) 4 2 0 0 #timing (1304 1238) ps polarity 0
net 216: (23 16)->(21 16) 1 2 0 1 #timing (1488 1510) ps  polarity 1
net 216: (21 16)->(20 17) 0 3 0 1 #timing (1631 1622) ps  polarity 0
net 216: (23 16)->(21 18) 1 3 0 1 #timing (1508 1522) ps  polarity 1
net 216: (21 18)->(20 18) 0 2 0 1 #timing (1618 1642) ps  polarity 0
net 216: (19 12)->(23 12) 4 2 0 0 #timing (1001 976) ps polarity 0
net 216: (23 12)->(23 12) 1 0 1 1 #timing (1176 1173) ps  polarity 1
net 216: (23 12)->(22 13) 0 3 0 1 #timing (1332 1307) ps  polarity 0
net 216: (23 12)->(23 14) 1 1 0 1 #timing (1235 1214) ps  polarity 1
net 216: (23 14)->(22 15) 0 3 0 1 #timing (1382 1395) ps  polarity 0
net 216: (19 12)->(19 14) 1 1 0 0 #timing (760 758) ps polarity 0
net 216: (19 14)->(19 10) 3 1 0 0 #timing (1056 1023) ps polarity 0
net 216: (19 10)->(19 10) 1 0 1 1 #timing (1267 1199) ps  polarity 1
net 216: (19 10)->(18 11) 0 3 0 1 #timing (1362 1400) ps  polarity 0
net 216: (19 12)->(19 13) 0 1 0 0 #timing (691 691) ps polarity 1
net 216: (19 13)->(19 13) 1 0 0 0 #timing (776 774) ps polarity 0
net 216: (19 13)->(19 17) 3 4 0 0 #timing (1047 1004) ps polarity 0
net 216: (19 17)->(17 19) 1 3 0 1 #timing (1330 1229) ps  polarity 1
net 216: (17 19)->(16 18) 0 3 0 1 #timing (1381 1512) ps  polarity 0
net 217: (8 23)->(8 23) 0 0 0 0 #timing (197 197) ps polarity 1
net 217: (8 23)->(10 23) 1 2 0 0 #timing (319 309) ps polarity 0
net 217: (10 23)->(10 19) 3 1 0 0 #timing (605 573) ps polarity 0
net 217: (10 19)->(6 19) 4 5 0 0 #timing (951 864) ps polarity 0
net 217: (6 19)->(6 15) 3 4 0 1 #timing (1344 1321) ps  polarity 0
net 217: (6 15)->(6 15) 1 0 0 1 #timing (1442 1426) ps  polarity 1
net 217: (6 15)->(6 15) 0 0 0 1 #timing (1534 1547) ps  polarity 0
net 217: (8 23)->(8 22) 0 1 0 0 #timing (200 200) ps polarity 1
net 217: (8 22)->(8 22) 1 0 0 0 #timing (283 284) ps polarity 0
net 217: (8 22)->(8 22) 5 0 0 0 #timing (387 403) ps polarity 1
net 217: (8 22)->(8 6) 13 1 0 0 #timing (1051 911) ps polarity 0
net 217: (8 6)->(8 6) 5 0 1 1 #timing (1288 1160) ps  polarity 0
net 217: (8 6)->(8 10) 3 4 0 1 #timing (1638 1441) ps  polarity 1
net 217: (8 10)->(8 10) 1 0 1 1 #timing (1755 1557) ps  polarity 0
net 217: (8 10)->(9 11) 0 3 0 1 #timing (1685 1871) ps  polarity 1
net 218: (5 23)->(4 23) 0 2 0 0 #timing (172 172) ps polarity 1
net 218: (4 23)->(6 21) 1 3 0 0 #timing (339 312) ps polarity 0
net 218: (6 21)->(6 21) 1 0 1 1 #timing (573 527) ps  polarity 1
net 218: (6 21)->(7 21) 0 2 0 1 #timing (642 683) ps  polarity 0
net 220: (26 18)->(26 19) 0 1 0 0 #timing (678 678) ps polarity 1
net 220: (26 19)->(24 17) 1 3 0 0 #timing (833 806) ps polarity 0
net 220: (24 17)->(26 19) 1 3 0 1 #timing (1115 1047) ps  polarity 1
net 220: (26 19)->(26 18) 0 1 0 1 #timing (1164 1256) ps  polarity 0
net 220: (24 17)->(24 21) 3 1 0 0 #timing (1136 1120) ps polarity 0
net 220: (24 21)->(20 21) 4 5 0 0 #timing (1504 1427) ps polarity 0
net 220: (20 21)->(22 23) 1 3 0 1 #timing (1681 1717) ps  polarity 1
net 220: (22 23)->(23 23) 0 2 0 1 #timing (1854 1847) ps  polarity 0
net 220: (24 21)->(24 21) 5 0 1 0 #timing (1264 1261) ps polarity 1
net 220: (24 21)->(24 29) 5 1 0 1 #timing (1658 1647) ps  polarity 0
net 220: (24 29)->(24 25) 3 1 0 1 #timing (2135 2009) ps  polarity 0
net 220: (24 25)->(24 25) 1 0 0 1 #timing (2234 2117) ps  polarity 1
net 220: (24 25)->(24 25) 0 0 0 1 #timing (2277 2367) ps  polarity 0
net 220: (24 25)->(24 27) 1 1 0 1 #timing (2284 2150) ps  polarity 1
net 220: (24 27)->(25 27) 0 2 0 1 #timing (2284 2438) ps  polarity 0
net 220: (24 21)->(24 4) 13 1 1 0 #timing (1978 1842) ps polarity 0
net 220: (24 4)->(24 4) 5 0 0 1 #timing (2207 2082) ps  polarity 0
net 220: (24 4)->(24 4) 1 0 1 1 #timing (2358 2224) ps  polarity 0
net 220: (24 4)->(24 4) 0 0 0 1 #timing (2331 2462) ps  polarity 1
net 220: (24 4)->(28 4) 4 2 0 1 #timing (2504 2349) ps  polarity 1
net 220: (28 4)->(28 8) 3 4 0 1 #timing (2790 2579) ps  polarity 1
net 220: (28 8)->(28 10) 1 1 0 1 #timing (2932 2712) ps  polarity 0
net 220: (28 10)->(28 11) 0 1 0 1 #timing (2844 3073) ps  polarity 1
net 221: (23 23)->(23 23) 0 0 0 0 #timing (216 216) ps polarity 1
net 221: (23 23)->(23 23) 1 0 0 0 #timing (302 303) ps polarity 0
net 221: (23 23)->(27 23) 4 5 0 0 #timing (645 585) ps polarity 0
net 221: (27 23)->(27 23) 5 0 0 0 #timing (791 744) ps polarity 1
net 221: (27 23)->(27 6) 13 1 1 0 #timing (1375 1303) ps polarity 0
net 221: (27 6)->(27 6) 5 0 0 1 #timing (1608 1548) ps  polarity 0
net 221: (27 6)->(25 4) 1 3 0 1 #timing (1867 1760) ps  polarity 0
net 221: (25 4)->(24 4) 0 2 0 1 #timing (1926 2057) ps  polarity 1
net 221: (23 23)->(23 21) 1 1 0 0 #timing (356 338) ps polarity 0
net 221: (23 21)->(23 17) 3 1 0 0 #timing (653 632) ps polarity 0
net 221: (23 17)->(27 17) 4 5 0 0 #timing (1016 939) ps polarity 0
net 221: (27 17)->(27 17) 1 0 1 1 #timing (1150 1197) ps  polarity 1
net 221: (27 17)->(27 17) 0 0 0 1 #timing (1321 1265) ps  polarity 0
net 221: (27 17)->(31 17) 4 2 0 1 #timing (1291 1194) ps  polarity 0
net 221: (31 17)->(31 13) 3 4 0 1 #timing (1578 1427) ps  polarity 0
net 221: (31 13)->(29 13) 1 2 0 1 #timing (1723 1564) ps  polarity 1
net 221: (29 13)->(29 12) 0 1 0 1 #timing (1686 1862) ps  polarity 0
net 222: (25 26)->(24 26) 0 2 0 0 #timing (212 212) ps polarity 1
net 222: (24 26)->(26 24) 1 3 0 0 #timing (393 351) ps polarity 0
net 222: (26 24)->(26 20) 3 4 0 0 #timing (656 672) ps polarity 0
net 222: (26 20)->(26 16) 3 1 0 1 #timing (1099 1004) ps  polarity 0
net 222: (26 16)->(26 18) 1 1 0 1 #timing (1240 1138) ps  polarity 1
net 222: (26 18)->(27 18) 0 2 0 1 #timing (1273 1388) ps  polarity 0
net 223: (4 26)->(5 27) 0 3 0 0 #timing (191 191) ps polarity 1
net 223: (5 27)->(7 27) 1 2 0 0 #timing (337 316) ps polarity 0
net 223: (7 27)->(7 23) 3 4 0 0 #timing (656 631) ps polarity 0
net 223: (7 23)->(7 19) 3 1 0 1 #timing (1159 1014) ps  polarity 0
net 223: (7 19)->(7 17) 1 1 0 1 #timing (1312 1160) ps  polarity 1
net 223: (7 17)->(7 17) 0 0 0 1 #timing (1267 1437) ps  polarity 0
net 224: (28 18)->(28 18) 0 0 0 0 #timing (704 704) ps polarity 1
net 224: (28 18)->(28 18) 1 0 0 0 #timing (775 779) ps polarity 0
net 224: (28 18)->(28 22) 3 1 0 0 #timing (1070 1010) ps polarity 0
net 224: (28 22)->(24 22) 4 2 0 0 #timing (1337 1262) ps polarity 0
net 224: (24 22)->(24 26) 3 4 0 1 #timing (1678 1658) ps  polarity 0
net 224: (24 26)->(24 24) 1 1 0 1 #timing (1837 1802) ps  polarity 1
net 224: (24 24)->(24 25) 0 1 0 1 #timing (1924 1971) ps  polarity 0
net 224: (28 18)->(28 19) 0 1 0 0 #timing (678 679) ps polarity 1
net 224: (28 19)->(30 17) 1 3 0 0 #timing (882 831) ps polarity 0
net 224: (30 17)->(26 17) 4 2 0 1 #timing (1278 1179) ps  polarity 0
net 224: (26 17)->(26 17) 1 0 1 1 #timing (1465 1342) ps  polarity 1
net 224: (26 17)->(27 17) 0 2 0 1 #timing (1480 1587) ps  polarity 0
net 224: (28 18)->(29 18) 0 2 0 0 #timing (704 704) ps polarity 1
net 224: (29 18)->(31 16) 1 3 0 0 #timing (905 860) ps polarity 0
net 224: (31 16)->(29 16) 1 2 0 1 #timing (1199 1112) ps  polarity 1
net 224: (29 16)->(28 17) 0 3 0 1 #timing (1243 1347) ps  polarity 0
net 224: (31 16)->(31 12) 3 4 0 0 #timing (1129 1174) ps polarity 0
net 224: (31 12)->(31 8) 3 1 0 1 #timing (1591 1524) ps  polarity 0
net 224: (31 8)->(29 10) 1 3 0 1 #timing (1754 1670) ps  polarity 1
net 224: (29 10)->(28 11) 0 3 0 1 #timing (1823 1938) ps  polarity 0
net 224: (31 12)->(27 12) 4 2 0 0 #timing (1409 1434) ps polarity 0
net 224: (27 12)->(23 12) 4 5 0 1 #timing (1741 1736) ps  polarity 0
net 224: (23 12)->(23 8) 3 1 0 1 #timing (2117 2038) ps  polarity 0
net 224: (23 8)->(23 10) 1 1 0 1 #timing (2268 2185) ps  polarity 1
net 224: (23 10)->(23 11) 0 1 0 1 #timing (2306 2402) ps  polarity 0
net 224: (31 12)->(31 12) 5 0 1 0 #timing (1268 1324) ps polarity 1
net 224: (31 12)->(31 28) 13 1 0 0 #timing (1975 1795) ps polarity 0
net 224: (31 28)->(23 20) 5 3 0 1 #timing (2782 2586) ps  polarity 0
net 224: (23 20)->(23 22) 1 1 0 1 #timing (3003 2783) ps  polarity 0
net 224: (23 22)->(23 22) 0 0 0 1 #timing (2890 3129) ps  polarity 1
net 224: (23 20)->(27 20) 4 5 0 1 #timing (2863 3054) ps  polarity 1
net 224: (27 20)->(27 24) 3 4 0 1 #timing (3206 3324) ps  polarity 1
net 224: (27 24)->(25 26) 1 3 0 1 #timing (3418 3494) ps  polarity 0
net 224: (25 26)->(25 26) 0 0 0 1 #timing (3630 3586) ps  polarity 1
net 225: (23 23)->(22 23) 0 2 0 0 #timing (220 220) ps polarity 1
net 225: (22 23)->(22 21) 1 1 0 0 #timing (358 341) ps polarity 0
net 225: (22 21)->(22 21) 5 0 1 0 #timing (454 500) ps polarity 1
net 225: (22 21)->(22 5) 13 1 0 0 #timing (1123 959) ps polarity 0
net 225: (22 5)->(30 13) 5 3 0 1 #timing (1824 1634) ps  polarity 0
net 225: (30 13)->(30 9) 3 1 0 1 #timing (2226 1941) ps  polarity 1
net 225: (30 9)->(28 11) 1 3 0 1 #timing (2405 2098) ps  polarity 0
net 225: (28 11)->(28 11) 0 0 0 1 #timing (2218 2554) ps  polarity 1
net 225: (22 21)->(22 4) 13 1 1 0 #timing (1237 1044) ps polarity 0
net 225: (22 4)->(22 4) 5 0 0 1 #timing (1470 1288) ps  polarity 0
net 225: (22 4)->(22 8) 3 4 0 1 #timing (1807 1565) ps  polarity 1
net 225: (22 8)->(22 10) 1 1 0 1 #timing (1952 1702) ps  polarity 0
net 225: (22 10)->(23 11) 0 3 0 1 #timing (1828 2090) ps  polarity 1
net 227: (21 26)->(21 26) 0 0 0 0 #timing (185 185) ps polarity 1
net 227: (21 26)->(23 24) 1 3 0 0 #timing (352 320) ps polarity 0
net 227: (23 24)->(23 20) 3 4 0 0 #timing (663 656) ps polarity 0
net 227: (23 20)->(19 20) 4 2 0 0 #timing (939 916) ps polarity 0
net 227: (19 20)->(19 16) 3 1 0 1 #timing (1381 1289) ps  polarity 0
net 227: (19 16)->(19 16) 1 0 1 1 #timing (1479 1390) ps  polarity 1
net 227: (19 16)->(19 16) 0 0 0 1 #timing (1537 1606) ps  polarity 0
net 228: (25 4)->(24 5) 0 3 0 0 #timing (673 673) ps polarity 1
net 228: (24 5)->(24 5) 1 0 0 0 #timing (763 763) ps polarity 0
net 228: (24 5)->(24 1) 3 1 0 0 #timing (1038 989) ps polarity 0
net 228: (24 1)->(20 1) 4 5 0 0 #timing (1449 1326) ps polarity 0
net 228: (20 1)->(22 3) 1 3 0 1 #timing (1591 1668) ps  polarity 1
net 228: (22 3)->(23 2) 0 3 0 1 #timing (1838 1785) ps  polarity 0
net 229: (24 9)->(24 8) 0 1 0 0 #timing (700 700) ps polarity 1
net 229: (24 8)->(26 10) 1 3 0 0 #timing (859 837) ps polarity 0
net 229: (26 10)->(26 6) 3 4 0 0 #timing (1157 1156) ps polarity 0
net 229: (26 6)->(22 6) 4 5 0 0 #timing (1511 1457) ps polarity 0
net 229: (22 6)->(22 2) 3 1 0 1 #timing (1974 1891) ps  polarity 0
net 229: (22 2)->(22 2) 1 0 1 1 #timing (2075 1995) ps  polarity 1
net 229: (22 2)->(23 2) 0 2 0 1 #timing (2107 2183) ps  polarity 0
net 230: (24 23)->(24 22) 0 1 0 0 #timing (219 219) ps polarity 1
net 230: (24 22)->(24 22) 1 0 0 0 #timing (302 304) ps polarity 0
net 230: (24 22)->(24 22) 5 0 1 0 #timing (410 424) ps polarity 1
net 230: (24 22)->(24 7) 13 1 1 0 #timing (1088 947) ps polarity 0
net 230: (24 7)->(24 7) 5 0 1 1 #timing (1312 1183) ps  polarity 0
net 230: (24 7)->(28 7) 4 2 0 1 #timing (1591 1437) ps  polarity 1
net 230: (28 7)->(28 3) 3 1 0 1 #timing (1942 1690) ps  polarity 1
net 230: (28 3)->(28 1) 1 1 0 1 #timing (2078 1821) ps  polarity 0
net 230: (28 1)->(28 1) 0 0 0 1 #timing (1944 2214) ps  polarity 1
net 231: (9 20)->(9 20) 0 0 0 0 #timing (215 216) ps polarity 1
net 231: (9 20)->(11 22) 1 3 0 0 #timing (394 360) ps polarity 0
net 231: (11 22)->(11 18) 3 1 0 0 #timing (668 707) ps polarity 0
net 231: (11 18)->(11 18) 5 0 0 0 #timing (799 849) ps polarity 1
net 231: (11 18)->(11 2) 13 1 0 0 #timing (1468 1302) ps polarity 0
net 231: (11 2)->(11 2) 5 0 0 1 #timing (1692 1537) ps  polarity 0
net 231: (11 2)->(11 2) 1 0 1 1 #timing (1834 1674) ps  polarity 0
net 231: (11 2)->(10 3) 0 3 0 1 #timing (1818 1957) ps  polarity 1
net 231: (11 22)->(11 26) 3 4 0 0 #timing (738 740) ps polarity 0
net 231: (11 26)->(11 26) 5 0 0 0 #timing (861 877) ps polarity 1
net 231: (11 26)->(11 10) 13 1 0 0 #timing (1512 1373) ps polarity 0
net 231: (11 10)->(11 10) 5 0 1 1 #timing (1735 1607) ps  polarity 0
net 231: (11 10)->(11 10) 1 0 0 1 #timing (1877 1746) ps  polarity 0
net 231: (11 10)->(10 11) 0 3 0 1 #timing (1909 2011) ps  polarity 1
net 231: (9 20)->(8 20) 0 2 0 0 #timing (214 214) ps polarity 1
net 231: (8 20)->(8 22) 1 1 0 0 #timing (336 326) ps polarity 0
net 231: (8 22)->(12 22) 4 2 0 0 #timing (586 604) ps polarity 0
net 231: (12 22)->(12 22) 5 0 0 0 #timing (706 742) ps polarity 1
net 231: (12 22)->(12 6) 13 1 0 0 #timing (1358 1206) ps polarity 0
net 231: (12 6)->(12 6) 5 0 1 1 #timing (1587 1446) ps  polarity 0
net 231: (12 6)->(12 6) 1 0 0 1 #timing (1727 1584) ps  polarity 0
net 231: (12 6)->(13 6) 0 2 0 1 #timing (1679 1824) ps  polarity 1
net 234: (5 20)->(4 20) 0 2 0 0 #timing (193 193) ps polarity 1
net 234: (4 20)->(4 22) 1 1 0 0 #timing (324 310) ps polarity 0
net 234: (4 22)->(6 20) 1 3 0 1 #timing (636 574) ps  polarity 1
net 234: (6 20)->(6 20) 0 0 0 1 #timing (727 810) ps  polarity 0
net 236: (9 17)->(9 16) 0 1 0 0 #timing (222 222) ps polarity 1
net 236: (9 16)->(9 16) 1 0 0 0 #timing (305 306) ps polarity 0
net 236: (9 16)->(9 12) 3 4 0 0 #timing (600 552) ps polarity 0
net 236: (9 12)->(5 12) 4 5 0 0 #timing (915 829) ps polarity 0
net 236: (5 12)->(5 12) 1 0 1 1 #timing (1040 1099) ps  polarity 1
net 236: (5 12)->(4 12) 0 2 0 1 #timing (1230 1158) ps  polarity 0
net 236: (9 12)->(9 12) 5 0 0 0 #timing (734 696) ps polarity 1
net 236: (9 12)->(9 4) 5 1 0 1 #timing (1092 1071) ps  polarity 0
net 236: (9 4)->(5 4) 4 5 0 1 #timing (1387 1333) ps  polarity 0
net 236: (5 4)->(5 4) 1 0 1 1 #timing (1586 1507) ps  polarity 1
net 236: (5 4)->(4 5) 0 3 0 1 #timing (1674 1722) ps  polarity 0
net 236: (9 16)->(11 18) 1 3 0 0 #timing (396 363) ps polarity 0
net 236: (11 18)->(11 14) 3 4 0 0 #timing (669 701) ps polarity 0
net 236: (11 14)->(11 14) 5 0 0 0 #timing (794 839) ps polarity 1
net 236: (11 14)->(11 6) 5 1 0 1 #timing (1122 1174) ps  polarity 0
net 236: (11 6)->(11 6) 1 0 1 1 #timing (1382 1293) ps  polarity 1
net 236: (11 6)->(11 6) 0 0 0 1 #timing (1399 1486) ps  polarity 0
net 238: (22 14)->(23 14) 0 2 0 0 #timing (201 201) ps polarity 1
net 238: (23 14)->(21 12) 1 3 0 0 #timing (367 335) ps polarity 0
net 238: (21 12)->(21 8) 3 1 0 0 #timing (633 641) ps polarity 0
net 238: (21 8)->(23 10) 1 3 0 1 #timing (926 871) ps  polarity 1
net 238: (23 10)->(22 11) 0 3 0 1 #timing (1036 1098) ps  polarity 0
net 238: (21 8)->(25 8) 4 5 0 0 #timing (1021 976) ps polarity 0
net 238: (25 8)->(27 8) 1 2 0 1 #timing (1233 1234) ps  polarity 1
net 238: (27 8)->(27 9) 0 1 0 1 #timing (1365 1387) ps  polarity 0
net 238: (25 8)->(27 10) 1 3 0 1 #timing (1251 1245) ps  polarity 1
net 238: (27 10)->(27 10) 0 0 0 1 #timing (1383 1428) ps  polarity 0
net 239: (23 14)->(22 15) 0 3 0 0 #timing (236 236) ps polarity 1
net 239: (22 15)->(20 13) 1 3 0 0 #timing (402 376) ps polarity 0
net 239: (20 13)->(24 13) 4 5 0 1 #timing (870 768) ps  polarity 0
net 239: (24 13)->(26 13) 1 2 0 1 #timing (1101 959) ps  polarity 1
net 239: (26 13)->(27 12) 0 3 0 1 #timing (1099 1230) ps  polarity 0
net 239: (24 13)->(24 9) 3 1 0 1 #timing (1176 1015) ps  polarity 0
net 239: (24 9)->(24 9) 1 0 1 1 #timing (1281 1124) ps  polarity 1
net 239: (24 9)->(24 8) 0 1 0 1 #timing (1246 1393) ps  polarity 0
net 239: (24 9)->(26 9) 1 2 0 1 #timing (1298 1136) ps  polarity 1
net 239: (26 9)->(27 9) 0 2 0 1 #timing (1253 1416) ps  polarity 0
net 240: (14 21)->(14 21) 0 0 0 0 #timing (726 726) ps polarity 1
net 240: (14 21)->(12 23) 1 3 0 0 #timing (872 850) ps polarity 0
net 240: (12 23)->(12 27) 3 4 0 0 #timing (1187 1193) ps polarity 0
net 240: (12 27)->(12 27) 1 0 0 1 #timing (1397 1369) ps  polarity 1
net 240: (12 27)->(13 26) 0 3 0 1 #timing (1526 1528) ps  polarity 0
net 240: (14 21)->(15 20) 0 3 0 0 #timing (743 743) ps polarity 1
net 240: (15 20)->(13 20) 1 2 0 0 #timing (884 867) ps polarity 0
net 240: (13 20)->(13 16) 3 1 0 0 #timing (1154 1146) ps polarity 0
net 240: (13 16)->(13 16) 1 0 0 1 #timing (1366 1323) ps  polarity 1
net 240: (13 16)->(12 17) 0 3 0 1 #timing (1482 1498) ps  polarity 0
net 240: (13 20)->(13 24) 3 4 0 1 #timing (1315 1206) ps  polarity 0
net 240: (13 24)->(13 24) 1 0 1 1 #timing (1412 1306) ps  polarity 1
net 240: (13 24)->(12 25) 0 3 0 1 #timing (1442 1532) ps  polarity 0
net 241: (19 16)->(18 16) 0 2 0 0 #timing (643 643) ps polarity 1
net 241: (18 16)->(18 16) 1 0 0 0 #timing (720 724) ps polarity 0
net 241: (18 16)->(18 20) 3 1 0 0 #timing (1012 954) ps polarity 0
net 241: (18 20)->(14 20) 4 5 0 0 #timing (1325 1224) ps polarity 0
net 241: (14 20)->(10 20) 4 2 0 1 #timing (1628 1502) ps  polarity 0
net 241: (10 20)->(10 16) 3 1 0 1 #timing (1922 1738) ps  polarity 0
net 241: (10 16)->(10 16) 1 0 0 1 #timing (2020 1842) ps  polarity 1
net 241: (10 16)->(11 16) 0 2 0 1 #timing (1962 2131) ps  polarity 0
net 241: (14 20)->(14 20) 5 0 0 0 #timing (1452 1370) ps polarity 1
net 241: (14 20)->(6 20) 5 2 0 1 #timing (1804 1721) ps  polarity 0
net 241: (6 20)->(6 20) 1 0 1 1 #timing (1923 1973) ps  polarity 1
net 241: (6 20)->(7 20) 0 2 0 1 #timing (2084 2030) ps  polarity 0
net 242: (18 17)->(19 17) 0 2 0 0 #timing (176 176) ps polarity 1
net 242: (19 17)->(19 17) 1 0 0 0 #timing (264 266) ps polarity 0
net 242: (19 17)->(19 21) 3 1 0 0 #timing (527 482) ps polarity 0
net 242: (19 21)->(15 21) 4 5 0 0 #timing (811 737) ps polarity 0
net 242: (15 21)->(15 21) 5 0 1 0 #timing (950 890) ps polarity 1
net 242: (15 21)->(7 21) 5 2 0 1 #timing (1449 1360) ps  polarity 0
net 242: (7 21)->(7 21) 1 0 0 1 #timing (1569 1623) ps  polarity 1
net 242: (7 21)->(7 20) 0 1 0 1 #timing (1730 1672) ps  polarity 0
net 242: (19 17)->(15 17) 4 5 0 0 #timing (527 494) ps polarity 0
net 242: (15 17)->(11 17) 4 2 0 1 #timing (790 742) ps  polarity 0
net 242: (11 17)->(11 17) 1 0 0 1 #timing (983 909) ps  polarity 1
net 242: (11 17)->(11 16) 0 1 0 1 #timing (1026 1093) ps  polarity 0
net 243: (7 21)->(7 21) 0 0 0 0 #timing (761 761) ps polarity 1
net 243: (7 21)->(7 21) 1 0 0 0 #timing (831 837) ps polarity 0
net 243: (7 21)->(5 23) 1 3 0 1 #timing (1093 1046) ps  polarity 1
net 243: (5 23)->(5 23) 0 0 0 1 #timing (1155 1241) ps  polarity 0
net 243: (7 21)->(7 23) 1 1 0 0 #timing (855 854) ps polarity 0
net 243: (7 23)->(7 21) 1 1 0 1 #timing (1122 1083) ps  polarity 1
net 243: (7 21)->(7 21) 0 0 0 1 #timing (1200 1253) ps  polarity 0
net 243: (7 21)->(7 20) 0 1 0 0 #timing (827 827) ps polarity 1
net 243: (7 20)->(7 20) 1 0 0 0 #timing (918 918) ps polarity 0
net 243: (7 20)->(7 20) 1 0 1 1 #timing (1125 1091) ps  polarity 1
net 243: (7 20)->(7 20) 0 0 0 1 #timing (1186 1221) ps  polarity 0
net 243: (7 21)->(6 21) 0 2 0 0 #timing (771 771) ps polarity 1
net 243: (6 21)->(6 23) 1 1 0 0 #timing (879 875) ps polarity 0
net 243: (6 23)->(6 19) 3 1 0 0 #timing (1197 1166) ps polarity 0
net 243: (6 19)->(10 19) 4 5 0 0 #timing (1527 1458) ps polarity 0
net 243: (10 19)->(10 17) 1 1 0 1 #timing (1704 1732) ps  polarity 1
net 243: (10 17)->(11 16) 0 3 0 1 #timing (1861 1847) ps  polarity 0
net 244: (6 19)->(6 19) 0 0 0 0 #timing (652 652) ps polarity 1
net 244: (6 19)->(6 17) 1 1 0 0 #timing (770 762) ps polarity 0
net 244: (6 17)->(6 21) 3 1 0 1 #timing (1187 1092) ps  polarity 0
net 244: (6 21)->(6 21) 1 0 0 1 #timing (1292 1200) ps  polarity 1
net 244: (6 21)->(7 20) 0 3 0 1 #timing (1334 1411) ps  polarity 0
net 244: (6 19)->(4 17) 1 3 0 0 #timing (837 800) ps polarity 0
net 244: (4 17)->(4 21) 3 1 0 1 #timing (1258 1143) ps  polarity 0
net 244: (4 21)->(4 21) 1 0 0 1 #timing (1357 1247) ps  polarity 1
net 244: (4 21)->(5 20) 0 3 0 1 #timing (1401 1488) ps  polarity 0
net 244: (6 19)->(7 19) 0 2 0 0 #timing (662 662) ps polarity 1
net 244: (7 19)->(7 17) 1 1 0 0 #timing (788 778) ps polarity 0
net 244: (7 17)->(7 21) 3 1 0 0 #timing (1118 1071) ps polarity 0
net 244: (7 21)->(7 21) 1 0 1 1 #timing (1338 1258) ps  polarity 1
net 244: (7 21)->(6 20) 0 3 0 1 #timing (1359 1439) ps  polarity 0
net 244: (6 19)->(7 18) 0 3 0 0 #timing (761 761) ps polarity 1
net 244: (7 18)->(7 18) 1 0 0 0 #timing (858 860) ps polarity 0
net 244: (7 18)->(11 18) 4 5 0 0 #timing (1205 1144) ps polarity 0
net 244: (11 18)->(11 18) 1 0 1 1 #timing (1354 1387) ps  polarity 1
net 244: (11 18)->(11 18) 0 0 0 1 #timing (1492 1458) ps  polarity 0
net 245: (17 12)->(17 12) 0 0 0 0 #timing (184 184) ps polarity 0
net 245: (17 12)->(17 14) 1 1 0 0 #timing (292 287) ps polarity 1
net 245: (17 14)->(13 14) 4 5 0 0 #timing (565 564) ps polarity 1
net 245: (13 14)->(9 14) 4 2 0 1 #timing (882 849) ps  polarity 1
net 245: (9 14)->(9 10) 3 1 0 1 #timing (1216 1120) ps  polarity 1
net 245: (9 10)->(9 10) 1 0 0 1 #timing (1324 1236) ps  polarity 0
net 245: (9 10)->(9 10) 0 0 0 1 #timing (1310 1407) ps  polarity 1
net 246: (12 13)->(12 12) 0 1 0 0 #timing (189 189) ps polarity 0
net 246: (12 12)->(14 14) 1 3 0 0 #timing (353 330) ps polarity 1
net 246: (14 14)->(14 10) 3 1 0 0 #timing (653 666) ps polarity 1
net 246: (14 10)->(10 10) 4 2 0 0 #timing (970 948) ps polarity 1
net 246: (10 10)->(8 10) 1 2 0 1 #timing (1216 1190) ps  polarity 0
net 246: (8 10)->(9 10) 0 2 0 1 #timing (1314 1337) ps  polarity 1
net 247: (11 19)->(10 19) 0 2 0 0 #timing (221 221) ps polarity 0
net 247: (10 19)->(8 19) 1 2 0 0 #timing (356 339) ps polarity 1
net 247: (8 19)->(8 15) 3 4 0 0 #timing (634 617) ps polarity 1
net 247: (8 15)->(8 11) 3 1 0 1 #timing (1150 998) ps  polarity 1
net 247: (8 11)->(8 11) 1 0 0 1 #timing (1246 1100) ps  polarity 0
net 247: (8 11)->(9 10) 0 3 0 1 #timing (1231 1363) ps  polarity 1
net 254: (16 3)->(16 2) 0 1 0 0 #timing (198 198) ps polarity 0
net 254: (16 2)->(18 0) 1 3 0 0 #timing (375 338) ps polarity 1
net 254: (18 0)->(14 0) 4 5 0 0 #timing (711 715) ps polarity 1
net 254: (14 0)->(14 2) 1 1 0 1 #timing (961 918) ps  polarity 0
net 254: (14 2)->(15 3) 0 3 0 1 #timing (1045 1098) ps  polarity 1
net 256: (12 18)->(12 18) 0 0 0 0 #timing (191 191) ps polarity 0
net 256: (12 18)->(12 18) 1 0 0 0 #timing (262 266) ps polarity 1
net 256: (12 18)->(12 18) 1 0 1 1 #timing (466 436) ps  polarity 0
net 256: (12 18)->(13 18) 0 2 0 1 #timing (530 562) ps  polarity 1
net 257: (12 17)->(12 17) 0 0 0 0 #timing (155 155) ps polarity 1
net 257: (12 17)->(12 19) 1 1 0 0 #timing (262 256) ps polarity 0
net 257: (12 19)->(12 19) 1 0 1 1 #timing (482 453) ps  polarity 1
net 257: (12 19)->(12 18) 0 1 0 1 #timing (601 608) ps  polarity 0
net 259: (14 30)->(15 30) 0 2 0 0 #timing (204 204) ps polarity 0
net 259: (15 30)->(13 28) 1 3 0 0 #timing (379 343) ps polarity 1
net 259: (13 28)->(13 24) 3 1 0 0 #timing (632 660) ps polarity 1
net 259: (13 24)->(13 20) 3 4 0 1 #timing (1005 953) ps  polarity 1
net 259: (13 20)->(15 20) 1 2 0 1 #timing (1162 1097) ps  polarity 0
net 259: (15 20)->(14 20) 0 2 0 1 #timing (1227 1296) ps  polarity 1
net 260: (17 26)->(16 27) 0 3 0 0 #timing (204 204) ps polarity 1
net 260: (16 27)->(16 25) 1 1 0 0 #timing (339 324) ps polarity 0
net 260: (16 25)->(12 25) 4 5 0 0 #timing (637 620) ps polarity 0
net 260: (12 25)->(12 25) 5 0 1 0 #timing (764 766) ps polarity 1
net 260: (12 25)->(12 17) 5 1 0 1 #timing (1110 1116) ps  polarity 0
net 260: (12 17)->(12 13) 3 4 0 1 #timing (1513 1413) ps  polarity 0
net 260: (12 13)->(14 15) 1 3 0 1 #timing (1680 1563) ps  polarity 1
net 260: (14 15)->(15 15) 0 2 0 1 #timing (1687 1838) ps  polarity 0
net 261: (5 9)->(5 8) 0 1 0 0 #timing (190 190) ps polarity 0
net 261: (5 8)->(7 10) 1 3 0 0 #timing (335 311) ps polarity 1
net 261: (7 10)->(7 8) 1 1 0 1 #timing (612 554) ps  polarity 0
net 261: (7 8)->(6 8) 0 2 0 1 #timing (638 721) ps  polarity 1
net 261: (7 10)->(11 10) 4 5 0 1 #timing (824 713) ps  polarity 1
net 261: (11 10)->(11 8) 1 1 0 1 #timing (1070 918) ps  polarity 0
net 261: (11 8)->(10 8) 0 2 0 1 #timing (1058 1215) ps  polarity 1
net 262: (3 9)->(3 9) 0 0 0 0 #timing (178 178) ps polarity 0
net 262: (3 9)->(1 11) 1 3 0 0 #timing (330 307) ps polarity 1
net 262: (1 11)->(5 11) 4 2 0 0 #timing (646 675) ps polarity 1
net 262: (5 11)->(7 9) 1 3 0 1 #timing (983 886) ps  polarity 0
net 262: (7 9)->(7 8) 0 1 0 1 #timing (1024 1138) ps  polarity 1
net 262: (5 11)->(9 11) 4 5 0 1 #timing (914 932) ps  polarity 1
net 262: (9 11)->(11 9) 1 3 0 1 #timing (1195 1157) ps  polarity 0
net 262: (11 9)->(10 8) 0 3 0 1 #timing (1276 1355) ps  polarity 1
net 263: (11 6)->(10 7) 0 3 0 0 #timing (187 187) ps polarity 0
net 263: (10 7)->(8 5) 1 3 0 0 #timing (372 332) ps polarity 1
net 263: (8 5)->(8 9) 3 4 0 1 #timing (837 693) ps  polarity 1
net 263: (8 9)->(10 9) 1 2 0 1 #timing (957 809) ps  polarity 0
net 263: (10 9)->(10 8) 0 1 0 1 #timing (932 1078) ps  polarity 1
net 264: (11 7)->(10 6) 0 3 0 0 #timing (202 202) ps polarity 0
net 264: (10 6)->(10 4) 1 1 0 0 #timing (349 333) ps polarity 1
net 264: (10 4)->(10 8) 3 4 0 1 #timing (767 654) ps  polarity 1
net 264: (10 8)->(10 8) 1 0 0 1 #timing (866 757) ps  polarity 0
net 264: (10 8)->(10 8) 0 0 0 1 #timing (862 967) ps  polarity 1
net 266: (17 29)->(16 29) 0 2 0 0 #timing (235 235) ps polarity 1
net 266: (16 29)->(18 31) 1 3 0 0 #timing (406 376) ps polarity 0
net 266: (18 31)->(14 31) 4 5 0 0 #timing (728 752) ps polarity 0
net 266: (14 31)->(14 31) 5 0 1 0 #timing (859 900) ps polarity 1
net 266: (14 31)->(6 23) 5 3 0 1 #timing (1502 1529) ps  polarity 1
net 266: (6 23)->(6 23) 1 0 1 1 #timing (1673 1687) ps  polarity 1
net 266: (6 23)->(6 23) 0 0 0 1 #timing (1816 1790) ps  polarity 0
net 267: (21 4)->(21 4) 0 0 0 0 #timing (183 183) ps polarity 0
net 267: (21 4)->(21 6) 1 1 0 0 #timing (290 285) ps polarity 1
net 267: (21 6)->(17 6) 4 2 0 0 #timing (544 549) ps polarity 1
net 267: (17 6)->(13 6) 4 5 0 1 #timing (865 834) ps  polarity 1
net 267: (13 6)->(13 2) 3 1 0 1 #timing (1209 1100) ps  polarity 1
net 267: (13 2)->(15 2) 1 2 0 1 #timing (1374 1250) ps  polarity 0
net 267: (15 2)->(14 2) 0 2 0 1 #timing (1385 1519) ps  polarity 1
net 268: (20 8)->(20 8) 0 0 0 0 #timing (166 166) ps polarity 1
net 268: (20 8)->(22 8) 1 2 0 0 #timing (304 285) ps polarity 0
net 268: (22 8)->(22 12) 3 1 0 0 #timing (612 599) ps polarity 0
net 268: (22 12)->(26 12) 4 5 0 0 #timing (939 886) ps polarity 0
net 268: (26 12)->(26 12) 5 0 0 0 #timing (1067 1028) ps polarity 1
net 268: (26 12)->(11 12) 13 2 1 0 #timing (1643 1567) ps polarity 0
net 268: (11 12)->(11 12) 5 0 0 1 #timing (1889 1825) ps  polarity 0
net 268: (11 12)->(11 12) 1 0 1 1 #timing (2032 1964) ps  polarity 0
net 268: (11 12)->(10 13) 0 3 0 1 #timing (2106 2155) ps  polarity 1
net 268: (20 8)->(20 9) 0 1 0 0 #timing (183 183) ps polarity 1
net 268: (20 9)->(22 11) 1 3 0 0 #timing (347 318) ps polarity 0
net 268: (22 11)->(18 11) 4 2 0 0 #timing (642 666) ps polarity 0
net 268: (18 11)->(14 11) 4 5 0 1 #timing (956 947) ps  polarity 0
net 268: (14 11)->(14 15) 3 1 0 1 #timing (1227 1169) ps  polarity 0
net 268: (14 15)->(14 13) 1 1 0 1 #timing (1364 1299) ps  polarity 1
net 268: (14 13)->(14 13) 0 0 0 1 #timing (1424 1500) ps  polarity 0
net 268: (18 11)->(18 11) 5 0 1 0 #timing (774 816) ps polarity 1
net 268: (18 11)->(18 3) 5 1 0 1 #timing (1117 1167) ps  polarity 0
net 268: (18 3)->(14 3) 4 5 0 1 #timing (1425 1424) ps  polarity 0
net 268: (14 3)->(14 3) 1 0 1 1 #timing (1614 1589) ps  polarity 1
net 268: (14 3)->(14 2) 0 1 0 1 #timing (1716 1730) ps  polarity 0
net 268: (18 11)->(18 27) 13 1 0 0 #timing (1487 1313) ps polarity 0
net 268: (18 27)->(18 27) 5 0 0 1 #timing (1711 1549) ps  polarity 0
net 268: (18 27)->(18 25) 1 1 0 1 #timing (1896 1719) ps  polarity 0
net 268: (18 25)->(18 25) 0 0 0 1 #timing (1844 2033) ps  polarity 1
net 268: (18 25)->(18 24) 0 1 0 1 #timing (1857 2040) ps  polarity 1
net 268: (18 27)->(18 31) 3 1 0 1 #timing (2063 1832) ps  polarity 1
net 268: (18 31)->(18 31) 1 0 1 1 #timing (2161 1934) ps  polarity 0
net 268: (18 31)->(18 30) 0 1 0 1 #timing (2080 2286) ps  polarity 1
net 268: (18 27)->(14 27) 4 5 0 1 #timing (2079 1855) ps  polarity 1
net 268: (14 27)->(14 25) 1 1 0 1 #timing (2306 2046) ps  polarity 0
net 268: (14 25)->(14 25) 0 0 0 1 #timing (2171 2442) ps  polarity 1
net 268: (14 27)->(14 31) 3 1 0 1 #timing (2344 2069) ps  polarity 1
net 268: (14 31)->(14 31) 1 0 1 1 #timing (2439 2170) ps  polarity 0
net 268: (14 31)->(14 30) 0 1 0 1 #timing (2317 2565) ps  polarity 1
net 268: (18 27)->(18 19) 5 1 0 1 #timing (1919 1733) ps  polarity 1
net 268: (18 19)->(18 19) 1 0 0 1 #timing (1935 2086) ps  polarity 0
net 268: (18 19)->(18 19) 0 0 0 1 #timing (2220 2055) ps  polarity 1
net 268: (18 19)->(18 18) 0 1 0 1 #timing (2232 2059) ps  polarity 1
net 268: (18 19)->(14 19) 4 5 0 1 #timing (2221 1981) ps  polarity 1
net 268: (14 19)->(14 19) 1 0 1 1 #timing (2407 2143) ps  polarity 0
net 268: (14 19)->(14 18) 0 1 0 1 #timing (2288 2532) ps  polarity 1
net 268: (18 27)->(2 27) 13 2 0 0 #timing (2051 2109) ps polarity 1
net 268: (2 27)->(2 19) 5 1 0 1 #timing (2519 2559) ps  polarity 0
net 268: (2 19)->(2 15) 3 4 0 1 #timing (3014 2852) ps  polarity 0
net 268: (2 15)->(2 13) 1 1 0 1 #timing (3156 2986) ps  polarity 1
net 268: (2 13)->(2 12) 0 1 0 1 #timing (3124 3300) ps  polarity 0
net 268: (2 27)->(10 27) 5 2 0 1 #timing (2569 2590) ps  polarity 0
net 268: (10 27)->(10 25) 1 1 0 1 #timing (2834 2769) ps  polarity 1
net 268: (10 25)->(10 25) 0 0 0 1 #timing (2894 2972) ps  polarity 0
net 268: (10 27)->(10 31) 3 1 0 1 #timing (3029 2903) ps  polarity 0
net 268: (10 31)->(10 31) 1 0 1 1 #timing (3128 3006) ps  polarity 1
net 268: (10 31)->(10 30) 0 1 0 1 #timing (3150 3252) ps  polarity 0
net 268: (18 27)->(3 27) 13 2 1 0 #timing (1955 2039) ps polarity 1
net 268: (3 27)->(3 27) 5 0 0 1 #timing (2191 2288) ps  polarity 1
net 268: (3 27)->(3 25) 1 1 0 1 #timing (2377 2459) ps  polarity 1
net 268: (3 25)->(2 24) 0 3 0 1 #timing (2611 2528) ps  polarity 0
net 268: (3 27)->(7 27) 4 2 0 1 #timing (2478 2559) ps  polarity 0
net 268: (7 27)->(7 25) 1 1 0 1 #timing (2712 2758) ps  polarity 1
net 268: (7 25)->(6 25) 0 2 0 1 #timing (2848 2826) ps  polarity 0
net 268: (7 25)->(6 24) 0 3 0 1 #timing (2869 2841) ps  polarity 0
net 268: (3 27)->(3 19) 5 1 0 1 #timing (2417 2486) ps  polarity 0
net 268: (3 19)->(3 19) 1 0 1 1 #timing (2692 2588) ps  polarity 1
net 268: (3 19)->(2 19) 0 2 0 1 #timing (2718 2810) ps  polarity 0
net 269: (20 6)->(20 7) 0 1 0 0 #timing (679 679) ps polarity 1
net 269: (20 7)->(22 5) 1 3 0 0 #timing (875 823) ps polarity 0
net 269: (22 5)->(20 7) 1 3 0 1 #timing (1196 1095) ps  polarity 1
net 269: (20 7)->(20 6) 0 1 0 1 #timing (1221 1355) ps  polarity 0
net 269: (22 5)->(22 1) 3 1 0 0 #timing (1130 1169) ps polarity 0
net 269: (22 1)->(22 3) 1 1 0 1 #timing (1393 1381) ps  polarity 1
net 269: (22 3)->(22 2) 0 1 0 1 #timing (1509 1532) ps  polarity 0
net 269: (22 1)->(20 3) 1 3 0 1 #timing (1441 1409) ps  polarity 1
net 269: (20 3)->(20 3) 0 0 0 1 #timing (1594 1632) ps  polarity 0
net 269: (22 1)->(26 1) 4 5 0 0 #timing (1480 1479) ps polarity 0
net 269: (26 1)->(26 3) 1 1 0 1 #timing (1727 1684) ps  polarity 1
net 269: (26 3)->(26 3) 0 0 0 1 #timing (1831 1876) ps  polarity 0
net 269: (22 1)->(22 1) 5 0 1 0 #timing (1264 1315) ps polarity 1
net 269: (22 1)->(22 17) 13 1 0 0 #timing (1940 1769) ps polarity 0
net 269: (22 17)->(22 25) 5 1 0 1 #timing (2409 2217) ps  polarity 1
net 269: (22 25)->(22 27) 1 1 0 1 #timing (2467 2612) ps  polarity 0
net 269: (22 27)->(23 26) 0 3 0 1 #timing (2771 2628) ps  polarity 1
net 269: (22 25)->(26 25) 4 5 0 1 #timing (2716 2476) ps  polarity 1
net 269: (26 25)->(26 29) 3 1 0 1 #timing (3020 2718) ps  polarity 1
net 269: (26 29)->(24 29) 1 2 0 1 #timing (3136 2833) ps  polarity 0
net 269: (24 29)->(25 28) 0 3 0 1 #timing (2967 3262) ps  polarity 1
net 269: (26 29)->(24 31) 1 3 0 1 #timing (3169 2857) ps  polarity 0
net 269: (24 31)->(24 30) 0 1 0 1 #timing (2987 3318) ps  polarity 1
net 270: (23 26)->(23 26) 0 0 0 0 #timing (216 216) ps polarity 1
net 270: (23 26)->(21 26) 1 2 0 0 #timing (341 329) ps polarity 0
net 270: (21 26)->(21 26) 5 0 0 0 #timing (446 496) ps polarity 1
net 270: (21 26)->(21 11) 13 1 1 0 #timing (1086 930) ps polarity 0
net 270: (21 11)->(21 11) 5 0 1 1 #timing (1295 1153) ps  polarity 0
net 270: (21 11)->(21 7) 3 4 0 1 #timing (1635 1430) ps  polarity 1
net 270: (21 7)->(21 5) 1 1 0 1 #timing (1772 1562) ps  polarity 0
net 270: (21 5)->(21 5) 0 0 0 1 #timing (1687 1911) ps  polarity 1
net 270: (21 11)->(21 3) 5 1 0 1 #timing (1516 1346) ps  polarity 1
net 270: (21 3)->(21 3) 1 0 1 1 #timing (1552 1686) ps  polarity 0
net 270: (21 3)->(20 3) 0 2 0 1 #timing (1808 1666) ps  polarity 1
net 270: (21 3)->(23 3) 1 2 0 1 #timing (1592 1716) ps  polarity 0
net 270: (23 3)->(22 2) 0 3 0 1 #timing (1865 1736) ps  polarity 1
net 270: (21 3)->(25 3) 4 5 0 1 #timing (1850 1621) ps  polarity 1
net 270: (25 3)->(27 1) 1 3 0 1 #timing (2133 1852) ps  polarity 0
net 270: (27 1)->(27 1) 0 0 0 1 #timing (1968 2290) ps  polarity 1
net 271: (27 14)->(27 15) 0 1 0 0 #timing (174 174) ps polarity 1
net 271: (27 15)->(27 15) 1 0 0 0 #timing (257 258) ps polarity 0
net 271: (27 15)->(27 11) 3 1 0 1 #timing (666 568) ps  polarity 0
net 271: (27 11)->(25 9) 1 3 0 1 #timing (876 743) ps  polarity 1
net 271: (25 9)->(25 8) 0 1 0 1 #timing (889 1047) ps  polarity 0
net 271: (27 14)->(26 14) 0 2 0 0 #timing (173 173) ps polarity 1
net 271: (26 14)->(24 12) 1 3 0 0 #timing (347 309) ps polarity 0
net 271: (24 12)->(26 14) 1 3 0 1 #timing (630 552) ps  polarity 1
net 271: (26 14)->(26 15) 0 1 0 1 #timing (754 808) ps  polarity 0
net 271: (24 12)->(24 8) 3 1 0 0 #timing (628 642) ps polarity 0
net 271: (24 8)->(24 8) 1 0 0 1 #timing (845 823) ps  polarity 1
net 271: (24 8)->(24 8) 0 0 0 1 #timing (926 948) ps  polarity 0
net 271: (24 8)->(24 9) 0 1 0 1 #timing (934 951) ps  polarity 0
net 271: (24 8)->(24 4) 3 4 0 1 #timing (1133 1019) ps  polarity 0
net 271: (24 4)->(24 4) 1 0 0 1 #timing (1232 1123) ps  polarity 1
net 271: (24 4)->(24 5) 0 1 0 1 #timing (1250 1348) ps  polarity 0
net 271: (24 4)->(25 4) 0 2 0 1 #timing (1224 1334) ps  polarity 0
net 271: (24 8)->(24 8) 5 0 0 0 #timing (754 782) ps polarity 1
net 271: (24 8)->(24 0) 5 1 0 1 #timing (1127 1150) ps  polarity 0
net 271: (24 0)->(24 2) 1 1 0 1 #timing (1414 1339) ps  polarity 1
net 271: (24 2)->(24 2) 0 0 0 1 #timing (1459 1550) ps  polarity 0
net 271: (24 0)->(20 0) 4 5 0 1 #timing (1533 1467) ps  polarity 0
net 271: (20 0)->(22 2) 1 3 0 1 #timing (1780 1670) ps  polarity 1
net 271: (22 2)->(22 2) 0 0 0 1 #timing (1808 1959) ps  polarity 0
net 271: (24 12)->(24 16) 3 4 0 0 #timing (638 644) ps polarity 0
net 271: (24 16)->(28 16) 4 2 0 0 #timing (898 898) ps polarity 0
net 271: (28 16)->(28 16) 5 0 0 0 #timing (1017 1033) ps polarity 1
net 271: (28 16)->(28 1) 13 1 1 0 #timing (1676 1536) ps polarity 0
net 271: (28 1)->(20 9) 5 3 0 1 #timing (2520 2341) ps  polarity 0
net 271: (20 9)->(22 11) 1 3 0 1 #timing (2774 2558) ps  polarity 0
net 271: (22 11)->(22 11) 0 0 0 1 #timing (2705 2953) ps  polarity 1
net 271: (22 11)->(22 10) 0 1 0 1 #timing (2714 2957) ps  polarity 1
net 271: (22 11)->(23 11) 0 2 0 1 #timing (2701 2949) ps  polarity 1
net 271: (22 11)->(23 10) 0 3 0 1 #timing (2744 2974) ps  polarity 1
net 271: (20 9)->(24 9) 4 5 0 1 #timing (2639 2814) ps  polarity 1
net 271: (24 9)->(24 9) 1 0 0 1 #timing (2834 2982) ps  polarity 0
net 271: (24 9)->(25 9) 0 2 0 1 #timing (3096 2943) ps  polarity 1
net 271: (24 16)->(24 16) 5 0 1 0 #timing (765 785) ps polarity 1
net 271: (24 16)->(24 1) 13 1 1 0 #timing (1385 1255) ps polarity 0
net 271: (24 1)->(24 1) 5 0 0 1 #timing (1607 1490) ps  polarity 0
net 271: (24 1)->(24 3) 1 1 0 1 #timing (1803 1666) ps  polarity 0
net 271: (24 3)->(24 3) 0 0 0 1 #timing (1836 1964) ps  polarity 1
net 271: (24 3)->(25 3) 0 2 0 1 #timing (1793 1942) ps  polarity 1
net 271: (24 1)->(24 5) 3 1 0 1 #timing (1997 1795) ps  polarity 1
net 271: (24 5)->(24 5) 1 0 1 1 #timing (2103 1903) ps  polarity 0
net 271: (24 5)->(24 4) 0 1 0 1 #timing (2004 2204) ps  polarity 1
net 271: (24 5)->(25 5) 0 2 0 1 #timing (2029 2219) ps  polarity 1
net 271: (24 1)->(20 1) 4 5 0 1 #timing (2159 1913) ps  polarity 1
net 271: (20 1)->(20 1) 1 0 1 1 #timing (2362 2086) ps  polarity 0
net 271: (20 1)->(20 1) 0 0 0 1 #timing (2224 2485) ps  polarity 1
net 272: (23 1)->(23 1) 0 0 0 0 #timing (199 199) ps polarity 0
net 272: (23 1)->(23 1) 1 0 0 0 #timing (282 286) ps polarity 1
net 272: (23 1)->(23 1) 1 0 1 1 #timing (486 457) ps  polarity 0
net 272: (23 1)->(23 1) 0 0 0 1 #timing (554 584) ps  polarity 1
net 274: (24 6)->(24 7) 0 1 0 0 #timing (696 696) ps polarity 1
net 274: (24 7)->(26 5) 1 3 0 0 #timing (872 844) ps polarity 0
net 274: (26 5)->(22 5) 4 5 0 1 #timing (1349 1232) ps  polarity 0
net 274: (22 5)->(22 5) 1 0 0 1 #timing (1539 1398) ps  polarity 1
net 274: (22 5)->(22 5) 0 0 0 1 #timing (1526 1656) ps  polarity 0
net 275: (26 15)->(27 14) 0 3 0 0 #timing (743 743) ps polarity 1
net 275: (27 14)->(25 12) 1 3 0 0 #timing (914 887) ps polarity 0
net 275: (25 12)->(25 8) 3 1 0 0 #timing (1210 1226) ps polarity 0
net 275: (25 8)->(21 8) 4 5 0 0 #timing (1554 1525) ps polarity 0
net 275: (21 8)->(21 4) 3 4 0 1 #timing (2013 1904) ps  polarity 0
net 275: (21 4)->(23 4) 1 2 0 1 #timing (2158 2036) ps  polarity 1
net 275: (23 4)->(22 5) 0 3 0 1 #timing (2206 2308) ps  polarity 0
net 276: (10 27)->(10 27) 0 0 0 0 #timing (191 191) ps polarity 0
net 276: (10 27)->(10 27) 1 0 0 0 #timing (262 268) ps polarity 1
net 276: (10 27)->(10 23) 3 4 0 0 #timing (575 504) ps polarity 1
net 276: (10 23)->(10 23) 1 0 0 1 #timing (787 683) ps  polarity 0
net 276: (10 23)->(11 23) 0 2 0 1 #timing (820 909) ps  polarity 1
net 277: (18 14)->(18 14) 0 0 0 0 #timing (163 163) ps polarity 1
net 277: (18 14)->(16 12) 1 3 0 0 #timing (336 302) ps polarity 0
net 277: (16 12)->(16 8) 3 1 0 0 #timing (602 618) ps polarity 0
net 277: (16 8)->(16 8) 1 0 1 1 #timing (815 795) ps  polarity 1
net 277: (16 8)->(16 8) 0 0 0 1 #timing (900 916) ps  polarity 0
net 277: (16 8)->(12 8) 4 5 0 0 #timing (962 924) ps polarity 0
net 277: (12 8)->(8 8) 4 2 0 1 #timing (1220 1173) ps  polarity 0
net 277: (8 8)->(10 8) 1 2 0 1 #timing (1443 1361) ps  polarity 1
net 277: (10 8)->(10 9) 0 1 0 1 #timing (1476 1558) ps  polarity 0
net 278: (16 20)->(16 21) 0 1 0 0 #timing (180 180) ps polarity 1
net 278: (16 21)->(18 23) 1 3 0 0 #timing (337 309) ps polarity 0
net 278: (18 23)->(18 27) 3 4 0 1 #timing (782 676) ps  polarity 0
net 278: (18 27)->(18 27) 1 0 1 1 #timing (880 778) ps  polarity 1
net 278: (18 27)->(18 27) 0 0 0 1 #timing (892 989) ps  polarity 0
net 280: (10 12)->(10 12) 0 0 0 0 #timing (191 191) ps polarity 0
net 280: (10 12)->(10 12) 1 0 0 0 #timing (263 267) ps polarity 1
net 280: (10 12)->(10 8) 3 1 0 0 #timing (577 510) ps polarity 1
net 280: (10 8)->(14 8) 4 2 0 0 #timing (874 786) ps polarity 1
net 280: (14 8)->(12 8) 1 2 0 1 #timing (1009 1063) ps  polarity 0
net 280: (12 8)->(13 9) 0 3 0 1 #timing (1189 1144) ps  polarity 1
net 285: (21 7)->(21 7) 0 0 0 0 #timing (204 204) ps polarity 0
net 285: (21 7)->(23 5) 1 3 0 0 #timing (355 326) ps polarity 1
net 285: (23 5)->(23 7) 1 1 0 1 #timing (627 561) ps  polarity 0
net 285: (23 7)->(22 7) 0 2 0 1 #timing (668 753) ps  polarity 1
net 285: (23 5)->(19 5) 4 2 0 0 #timing (591 624) ps polarity 1
net 285: (19 5)->(19 7) 1 1 0 1 #timing (882 810) ps  polarity 0
net 285: (19 7)->(18 7) 0 2 0 1 #timing (954 1031) ps  polarity 1
net 286: (14 19)->(14 18) 0 1 0 0 #timing (700 700) ps polarity 1
net 286: (14 18)->(14 18) 1 0 0 0 #timing (786 787) ps polarity 0
net 286: (14 18)->(12 16) 1 3 0 1 #timing (1074 1011) ps  polarity 1
net 286: (12 16)->(12 17) 0 1 0 1 #timing (1187 1258) ps  polarity 0
net 286: (14 18)->(14 18) 5 0 0 0 #timing (889 904) ps polarity 1
net 286: (14 18)->(14 26) 5 1 0 1 #timing (1231 1246) ps  polarity 0
net 286: (14 26)->(12 26) 1 2 0 1 #timing (1514 1442) ps  polarity 1
net 286: (12 26)->(12 26) 0 0 0 1 #timing (1553 1636) ps  polarity 0
net 286: (14 19)->(15 19) 0 2 0 0 #timing (688 688) ps polarity 1
net 286: (15 19)->(13 17) 1 3 0 0 #timing (850 815) ps polarity 0
net 286: (13 17)->(13 17) 5 0 0 0 #timing (938 1021) ps polarity 1
net 286: (13 17)->(13 25) 5 1 0 1 #timing (1262 1353) ps  polarity 0
net 286: (13 25)->(13 25) 1 0 0 1 #timing (1559 1433) ps  polarity 1
net 286: (13 25)->(12 25) 0 2 0 1 #timing (1564 1678) ps  polarity 0
net 290: (14 13)->(14 13) 0 0 0 0 #timing (186 186) ps polarity 0
net 290: (14 13)->(12 15) 1 3 0 0 #timing (340 315) ps polarity 1
net 290: (12 15)->(12 11) 3 1 0 0 #timing (611 623) ps polarity 1
net 290: (12 11)->(12 11) 1 0 1 1 #timing (822 800) ps  polarity 0
net 290: (12 11)->(13 11) 0 2 0 1 #timing (936 943) ps  polarity 1
net 291: (12 29)->(12 28) 0 1 0 0 #timing (174 174) ps polarity 1
net 291: (12 28)->(12 30) 1 1 0 0 #timing (282 275) ps polarity 0
net 291: (12 30)->(12 30) 5 0 0 0 #timing (387 428) ps polarity 1
net 291: (12 30)->(12 14) 13 1 0 0 #timing (1083 918) ps polarity 0
net 291: (12 14)->(12 14) 5 0 0 1 #timing (1308 1154) ps  polarity 0
net 291: (12 14)->(12 14) 1 0 0 1 #timing (1449 1294) ps  polarity 0
net 291: (12 14)->(12 14) 0 0 0 1 #timing (1397 1550) ps  polarity 1
net 291: (12 29)->(13 28) 0 3 0 0 #timing (182 182) ps polarity 1
net 291: (13 28)->(13 28) 1 0 0 0 #timing (264 265) ps polarity 0
net 291: (13 28)->(13 28) 5 0 0 0 #timing (367 383) ps polarity 1
net 291: (13 28)->(13 12) 13 1 0 0 #timing (1051 904) ps polarity 0
net 291: (13 12)->(13 12) 5 0 1 1 #timing (1283 1145) ps  polarity 0
net 291: (13 12)->(13 8) 3 1 0 1 #timing (1642 1432) ps  polarity 1
net 291: (13 8)->(13 10) 1 1 0 1 #timing (1792 1570) ps  polarity 0
net 291: (13 10)->(13 10) 0 0 0 1 #timing (1714 1938) ps  polarity 1
net 294: (17 15)->(17 14) 0 1 0 0 #timing (700 700) ps polarity 1
net 294: (17 14)->(17 12) 1 1 0 0 #timing (841 818) ps polarity 0
net 294: (17 12)->(17 8) 3 1 0 1 #timing (1274 1156) ps  polarity 0
net 294: (17 8)->(17 8) 1 0 0 1 #timing (1367 1256) ps  polarity 1
net 294: (17 8)->(17 9) 0 1 0 1 #timing (1403 1492) ps  polarity 0
net 295: (16 9)->(16 9) 0 0 0 0 #timing (726 726) ps polarity 1
net 295: (16 9)->(16 9) 1 0 0 0 #timing (798 803) ps polarity 0
net 295: (16 9)->(16 5) 3 4 0 0 #timing (1072 1024) ps polarity 0
net 295: (16 5)->(16 5) 1 0 1 1 #timing (1285 1203) ps  polarity 1
net 295: (16 5)->(17 4) 0 3 0 1 #timing (1333 1402) ps  polarity 0
net 295: (16 5)->(12 5) 4 5 0 0 #timing (1409 1313) ps polarity 0
net 295: (12 5)->(14 5) 1 2 0 1 #timing (1562 1619) ps  polarity 1
net 295: (14 5)->(15 4) 0 3 0 1 #timing (1761 1716) ps  polarity 0
net 295: (16 9)->(16 11) 1 1 0 0 #timing (830 826) ps polarity 0
net 295: (16 11)->(16 9) 1 1 0 1 #timing (1097 1054) ps  polarity 1
net 295: (16 9)->(16 8) 0 1 0 1 #timing (1176 1231) ps  polarity 0
net 295: (16 9)->(17 9) 0 2 0 1 #timing (1201 1245) ps  polarity 0
net 295: (16 9)->(17 8) 0 3 0 1 #timing (1193 1241) ps  polarity 0
net 295: (16 9)->(17 8) 0 3 0 0 #timing (743 743) ps polarity 1
net 295: (17 8)->(19 8) 1 2 0 0 #timing (887 869) ps polarity 0
net 295: (19 8)->(19 4) 3 4 0 0 #timing (1163 1160) ps polarity 0
net 295: (19 4)->(17 4) 1 2 0 1 #timing (1424 1372) ps  polarity 1
net 295: (17 4)->(16 4) 0 2 0 1 #timing (1518 1582) ps  polarity 0
net 296: (10 6)->(10 6) 0 0 0 0 #timing (191 191) ps polarity 0
net 296: (10 6)->(10 6) 1 0 0 0 #timing (262 267) ps polarity 1
net 296: (10 6)->(10 10) 3 4 0 0 #timing (597 521) ps polarity 1
net 296: (10 10)->(14 10) 4 2 0 0 #timing (883 795) ps polarity 1
net 296: (14 10)->(12 8) 1 3 0 1 #timing (1063 1106) ps  polarity 0
net 296: (12 8)->(12 8) 0 0 0 1 #timing (1251 1223) ps  polarity 1
net 299: (2 24)->(3 24) 0 2 0 0 #timing (204 204) ps polarity 0
net 299: (3 24)->(3 24) 1 0 0 0 #timing (283 287) ps polarity 1
net 299: (3 24)->(7 24) 4 2 0 0 #timing (528 515) ps polarity 1
net 299: (7 24)->(11 24) 4 5 0 1 #timing (778 749) ps  polarity 1
net 299: (11 24)->(11 20) 3 4 0 1 #timing (1126 1016) ps  polarity 1
net 299: (11 20)->(11 22) 1 1 0 1 #timing (1274 1156) ps  polarity 0
net 299: (11 22)->(11 22) 0 0 0 1 #timing (1302 1425) ps  polarity 1
net 300: (20 7)->(20 7) 0 0 0 0 #timing (186 186) ps polarity 0
net 300: (20 7)->(20 7) 1 0 0 0 #timing (258 264) ps polarity 1
net 300: (20 7)->(20 3) 3 1 0 0 #timing (530 477) ps polarity 1
net 300: (20 3)->(16 3) 4 2 0 0 #timing (833 748) ps polarity 1
net 300: (16 3)->(12 3) 4 5 0 1 #timing (1154 1027) ps  polarity 1
net 300: (12 3)->(14 3) 1 2 0 1 #timing (1385 1223) ps  polarity 0
net 300: (14 3)->(15 2) 0 3 0 1 #timing (1393 1555) ps  polarity 1
net 300: (20 7)->(20 11) 3 4 0 0 #timing (571 503) ps polarity 1
net 300: (20 11)->(24 11) 4 5 0 0 #timing (937 804) ps polarity 1
net 300: (24 11)->(26 9) 1 3 0 1 #timing (1098 1166) ps  polarity 0
net 300: (26 9)->(26 9) 0 0 0 1 #timing (1309 1245) ps  polarity 1
net 300: (20 11)->(20 11) 5 0 1 0 #timing (698 642) ps polarity 0
net 300: (20 11)->(4 11) 13 2 0 0 #timing (1281 1216) ps polarity 1
net 300: (4 11)->(4 11) 5 0 0 1 #timing (1518 1464) ps  polarity 1
net 300: (4 11)->(4 11) 1 0 0 1 #timing (1662 1605) ps  polarity 1
net 300: (4 11)->(4 10) 0 1 0 1 #timing (1715 1768) ps  polarity 0
net 300: (4 11)->(4 15) 3 1 0 1 #timing (1855 1740) ps  polarity 0
net 300: (4 15)->(4 15) 1 0 1 1 #timing (1951 1841) ps  polarity 1
net 300: (4 15)->(4 15) 0 0 0 1 #timing (1956 2061) ps  polarity 0
net 300: (20 11)->(5 11) 13 2 1 0 #timing (1273 1211) ps polarity 1
net 300: (5 11)->(5 11) 5 0 0 1 #timing (1497 1449) ps  polarity 1
net 300: (5 11)->(5 11) 1 0 1 1 #timing (1640 1588) ps  polarity 1
net 300: (5 11)->(4 11) 0 2 0 1 #timing (1720 1759) ps  polarity 0
net 300: (5 11)->(13 11) 5 2 0 1 #timing (1778 1685) ps  polarity 0
net 300: (13 11)->(9 11) 4 2 0 1 #timing (2062 1941) ps  polarity 0
net 300: (9 11)->(9 11) 1 0 0 1 #timing (2256 2109) ps  polarity 1
net 300: (9 11)->(9 11) 0 0 0 1 #timing (2215 2360) ps  polarity 0
net 300: (9 11)->(8 10) 0 3 0 1 #timing (2195 2348) ps  polarity 0
net 300: (20 7)->(20 5) 1 1 0 0 #timing (297 291) ps polarity 1
net 300: (20 5)->(20 5) 1 0 0 1 #timing (517 484) ps  polarity 0
net 300: (20 5)->(20 5) 0 0 0 1 #timing (613 635) ps  polarity 1
net 300: (20 5)->(24 5) 4 5 0 0 #timing (657 616) ps polarity 1
net 300: (24 5)->(26 5) 1 2 0 1 #timing (862 860) ps  polarity 0
net 300: (26 5)->(26 5) 0 0 0 1 #timing (995 992) ps  polarity 1
net 300: (24 5)->(24 5) 5 0 0 0 #timing (785 757) ps polarity 0
net 300: (24 5)->(8 5) 13 2 0 0 #timing (1483 1371) ps polarity 1
net 300: (8 5)->(8 5) 5 0 1 1 #timing (1734 1631) ps  polarity 1
net 300: (8 5)->(8 5) 1 0 0 1 #timing (1885 1774) ps  polarity 1
net 300: (8 5)->(9 5) 0 2 0 1 #timing (1899 2000) ps  polarity 0
net 300: (20 5)->(20 5) 5 0 0 0 #timing (400 438) ps polarity 0
net 300: (20 5)->(28 13) 5 3 0 1 #timing (1000 1036) ps  polarity 0
net 300: (28 13)->(28 15) 1 1 0 1 #timing (1240 1245) ps  polarity 0
net 300: (28 15)->(28 15) 0 0 0 1 #timing (1392 1391) ps  polarity 1
net 300: (20 5)->(20 21) 13 1 0 0 #timing (1079 915) ps polarity 1
net 300: (20 21)->(20 21) 5 0 0 1 #timing (1326 1173) ps  polarity 1
net 300: (20 21)->(24 21) 4 5 0 1 #timing (1739 1504) ps  polarity 0
net 300: (24 21)->(26 21) 1 2 0 1 #timing (1970 1695) ps  polarity 1
net 300: (26 21)->(26 21) 0 0 0 1 #timing (1805 2082) ps  polarity 0
net 300: (20 21)->(28 21) 5 2 0 1 #timing (1563 1373) ps  polarity 0
net 300: (28 21)->(28 21) 1 0 0 1 #timing (1575 1732) ps  polarity 1
net 300: (28 21)->(28 21) 0 0 0 1 #timing (1847 1685) ps  polarity 0
net 300: (20 21)->(4 21) 13 2 0 0 #timing (1628 1691) ps polarity 0
net 300: (4 21)->(4 21) 5 0 1 1 #timing (1865 1941) ps  polarity 0
net 300: (4 21)->(6 21) 1 2 0 1 #timing (2051 2110) ps  polarity 0
net 300: (6 21)->(6 20) 0 1 0 1 #timing (2253 2206) ps  polarity 1
net 300: (20 7)->(22 7) 1 2 0 0 #timing (323 305) ps polarity 1
net 300: (22 7)->(26 7) 4 5 0 0 #timing (650 646) ps polarity 1
net 300: (26 7)->(26 7) 5 0 0 0 #timing (776 788) ps polarity 0
net 300: (26 7)->(11 7) 13 2 1 0 #timing (1412 1283) ps polarity 1
net 300: (11 7)->(11 7) 5 0 1 1 #timing (1657 1541) ps  polarity 1
net 300: (11 7)->(11 3) 3 1 0 1 #timing (2096 1874) ps  polarity 0
net 300: (11 3)->(11 3) 1 0 1 1 #timing (2193 1975) ps  polarity 1
net 300: (11 3)->(10 3) 0 2 0 1 #timing (2098 2307) ps  polarity 0
net 300: (20 7)->(20 6) 0 1 0 0 #timing (189 189) ps polarity 0
net 300: (20 6)->(20 6) 1 0 0 0 #timing (278 281) ps polarity 1
net 300: (20 6)->(20 2) 3 1 0 0 #timing (566 508) ps polarity 1
net 300: (20 2)->(20 2) 5 0 0 0 #timing (695 647) ps polarity 0
net 300: (20 2)->(28 2) 5 2 0 1 #timing (1056 1000) ps  polarity 1
net 300: (28 2)->(28 2) 1 0 1 1 #timing (1214 1233) ps  polarity 0
net 300: (28 2)->(28 3) 0 1 0 1 #timing (1354 1326) ps  polarity 1
net 300: (20 2)->(5 2) 13 2 1 0 #timing (1292 1221) ps polarity 1
net 300: (5 2)->(5 2) 5 0 1 1 #timing (1528 1471) ps  polarity 1
net 300: (5 2)->(5 2) 1 0 1 1 #timing (1668 1609) ps  polarity 1
net 300: (5 2)->(4 3) 0 3 0 1 #timing (1754 1791) ps  polarity 0
net 300: (20 6)->(20 10) 3 4 0 0 #timing (605 535) ps polarity 1
net 300: (20 10)->(24 10) 4 5 0 0 #timing (1014 870) ps polarity 1
net 300: (24 10)->(24 10) 1 0 1 1 #timing (1069 1185) ps  polarity 0
net 300: (24 10)->(24 11) 0 1 0 1 #timing (1314 1185) ps  polarity 1
net 300: (24 10)->(24 10) 5 0 0 0 #timing (1140 1009) ps polarity 0
net 300: (24 10)->(24 26) 13 1 0 0 #timing (1665 1673) ps polarity 1
net 300: (24 26)->(24 26) 5 0 1 1 #timing (1909 1926) ps  polarity 1
net 300: (24 26)->(26 26) 1 2 0 1 #timing (2077 2082) ps  polarity 1
net 300: (26 26)->(26 27) 0 1 0 1 #timing (2196 2190) ps  polarity 0
net 300: (24 10)->(8 10) 13 2 0 0 #timing (1674 1679) ps polarity 1
net 300: (8 10)->(8 10) 5 0 1 1 #timing (1930 1944) ps  polarity 1
net 300: (8 10)->(8 8) 1 1 0 1 #timing (2125 2118) ps  polarity 1
net 300: (8 8)->(8 9) 0 1 0 1 #timing (2255 2265) ps  polarity 0
net 300: (20 6)->(16 6) 4 2 0 0 #timing (546 511) ps polarity 1
net 300: (16 6)->(12 6) 4 5 0 1 #timing (892 807) ps  polarity 1
net 300: (12 6)->(12 10) 3 4 0 1 #timing (1191 1055) ps  polarity 1
net 300: (12 10)->(12 10) 1 0 0 1 #timing (1292 1159) ps  polarity 0
net 300: (12 10)->(12 10) 0 0 0 1 #timing (1285 1408) ps  polarity 1
net 300: (20 6)->(20 6) 5 0 0 0 #timing (383 396) ps polarity 0
net 300: (20 6)->(28 14) 5 3 0 1 #timing (942 952) ps  polarity 0
net 300: (28 14)->(28 18) 3 4 0 1 #timing (1351 1268) ps  polarity 1
net 300: (28 18)->(28 16) 1 1 0 1 #timing (1499 1409) ps  polarity 0
net 300: (28 16)->(28 17) 0 1 0 1 #timing (1576 1658) ps  polarity 1
net 300: (20 6)->(20 22) 13 1 0 0 #timing (1016 887) ps polarity 1
net 300: (20 22)->(20 30) 5 1 0 1 #timing (1464 1315) ps  polarity 0
net 300: (20 30)->(22 28) 1 3 0 1 #timing (1598 1687) ps  polarity 1
net 300: (22 28)->(22 29) 0 1 0 1 #timing (1840 1777) ps  polarity 0
net 300: (20 30)->(24 30) 4 5 0 1 #timing (1830 1601) ps  polarity 0
net 300: (24 30)->(26 28) 1 3 0 1 #timing (2109 1820) ps  polarity 1
net 300: (26 28)->(26 29) 0 1 0 1 #timing (1945 2244) ps  polarity 0
net 300: (20 22)->(28 22) 5 2 0 1 #timing (1445 1296) ps  polarity 0
net 300: (28 22)->(28 26) 3 4 0 1 #timing (1722 1761) ps  polarity 0
net 300: (28 26)->(28 26) 1 0 1 1 #timing (1826 1867) ps  polarity 1
net 300: (28 26)->(28 27) 0 1 0 1 #timing (1988 1938) ps  polarity 0
net 300: (20 22)->(4 22) 13 2 0 0 #timing (1546 1577) ps polarity 0
net 300: (4 22)->(4 30) 5 1 0 1 #timing (2018 2027) ps  polarity 1
net 300: (4 30)->(8 30) 4 5 0 1 #timing (2414 2347) ps  polarity 1
net 300: (8 30)->(8 28) 1 1 0 1 #timing (2646 2541) ps  polarity 0
net 300: (8 28)->(8 29) 0 1 0 1 #timing (2676 2790) ps  polarity 1
net 300: (20 22)->(5 22) 13 2 1 0 #timing (1531 1568) ps polarity 0
net 300: (5 22)->(5 22) 5 0 0 1 #timing (1756 1806) ps  polarity 0
net 300: (5 22)->(7 20) 1 3 0 1 #timing (2003 2013) ps  polarity 0
net 300: (7 20)->(7 21) 0 1 0 1 #timing (2197 2186) ps  polarity 1
net 300: (7 20)->(6 21) 0 3 0 1 #timing (2197 2186) ps  polarity 1
net 300: (20 6)->(4 6) 13 2 0 0 #timing (1056 921) ps polarity 1
net 300: (4 6)->(4 6) 5 0 0 1 #timing (1291 1167) ps  polarity 1
net 300: (4 6)->(6 4) 1 3 0 1 #timing (1518 1362) ps  polarity 1
net 300: (6 4)->(6 4) 0 0 0 1 #timing (1518 1694) ps  polarity 0
net 300: (6 4)->(6 5) 0 1 0 1 #timing (1550 1711) ps  polarity 0
net 300: (6 4)->(7 5) 0 3 0 1 #timing (1514 1691) ps  polarity 0
net 300: (4 6)->(4 10) 3 4 0 1 #timing (1661 1459) ps  polarity 0
net 300: (4 10)->(4 10) 1 0 0 1 #timing (1763 1564) ps  polarity 1
net 300: (4 10)->(5 11) 0 3 0 1 #timing (1704 1886) ps  polarity 0
net 300: (4 10)->(4 8) 1 1 0 1 #timing (1805 1595) ps  polarity 1
net 300: (4 8)->(4 9) 0 1 0 1 #timing (1699 1924) ps  polarity 0
net 300: (4 6)->(0 6) 4 2 0 1 #timing (1606 1446) ps  polarity 0
net 300: (0 6)->(0 10) 3 4 0 1 #timing (1892 1676) ps  polarity 0
net 300: (0 10)->(2 8) 1 3 0 1 #timing (2081 1836) ps  polarity 1
net 300: (2 8)->(2 9) 0 1 0 1 #timing (1970 2241) ps  polarity 0
net 300: (4 6)->(8 6) 4 5 0 1 #timing (1696 1500) ps  polarity 0
net 300: (8 6)->(8 4) 1 1 0 1 #timing (1937 1701) ps  polarity 1
net 300: (8 4)->(8 4) 0 0 0 1 #timing (1855 2089) ps  polarity 0
net 300: (8 4)->(8 5) 0 1 0 1 #timing (1898 2105) ps  polarity 0
net 300: (4 6)->(4 14) 5 1 0 1 #timing (1531 1373) ps  polarity 0
net 300: (4 14)->(0 14) 4 2 0 1 #timing (1797 1609) ps  polarity 0
net 300: (0 14)->(2 14) 1 2 0 1 #timing (2036 1810) ps  polarity 1
net 300: (2 14)->(2 14) 0 0 0 1 #timing (1926 2180) ps  polarity 0
net 300: (2 14)->(2 15) 0 1 0 1 #timing (1940 2187) ps  polarity 0
net 300: (2 14)->(3 15) 0 3 0 1 #timing (1948 2193) ps  polarity 0
net 300: (0 14)->(0 18) 3 4 0 1 #timing (2088 1842) ps  polarity 0
net 300: (0 18)->(2 16) 1 3 0 1 #timing (2253 1988) ps  polarity 1
net 300: (2 16)->(2 16) 0 0 0 1 #timing (2107 2402) ps  polarity 0
net 300: (2 16)->(3 17) 0 3 0 1 #timing (2135 2420) ps  polarity 0
net 300: (20 6)->(5 6) 13 2 1 0 #timing (1023 892) ps polarity 1
net 300: (5 6)->(5 14) 5 1 0 1 #timing (1477 1330) ps  polarity 0
net 300: (5 14)->(5 18) 3 4 0 1 #timing (1746 1791) ps  polarity 0
net 300: (5 18)->(7 16) 1 3 0 1 #timing (1935 1953) ps  polarity 1
net 300: (7 16)->(7 17) 0 1 0 1 #timing (2104 2096) ps  polarity 0
net 300: (7 16)->(6 16) 0 2 0 1 #timing (2101 2094) ps  polarity 0
net 300: (5 6)->(5 23) 13 1 1 0 #timing (1538 1575) ps polarity 0
net 300: (5 23)->(5 23) 5 0 0 1 #timing (1761 1810) ps  polarity 0
net 300: (5 23)->(5 19) 3 1 0 1 #timing (2098 2083) ps  polarity 1
net 300: (5 19)->(7 17) 1 3 0 1 #timing (2280 2239) ps  polarity 0
net 300: (7 17)->(6 17) 0 2 0 1 #timing (2389 2442) ps  polarity 1
net 300: (20 6)->(20 4) 1 1 0 0 #timing (319 310) ps polarity 1
net 300: (20 4)->(20 8) 3 4 0 0 #timing (614 580) ps polarity 1
net 300: (20 8)->(20 8) 1 0 0 1 #timing (823 756) ps  polarity 0
net 300: (20 8)->(20 9) 0 1 0 1 #timing (875 934) ps  polarity 1
net 300: (20 8)->(20 8) 5 0 1 0 #timing (739 719) ps polarity 0
net 300: (20 8)->(4 8) 13 2 0 0 #timing (1367 1266) ps polarity 1
net 300: (4 8)->(4 8) 5 0 0 1 #timing (1605 1516) ps  polarity 1
net 300: (4 8)->(8 8) 4 5 0 1 #timing (2013 1845) ps  polarity 0
net 300: (8 8)->(8 10) 1 1 0 1 #timing (2245 2040) ps  polarity 1
net 300: (8 10)->(8 11) 0 1 0 1 #timing (2164 2382) ps  polarity 0
net 300: (20 6)->(22 6) 1 2 0 0 #timing (342 322) ps polarity 1
net 300: (22 6)->(18 6) 4 2 0 0 #timing (619 631) ps polarity 1
net 300: (18 6)->(14 6) 4 5 0 1 #timing (945 919) ps  polarity 1
net 300: (14 6)->(14 2) 3 1 0 1 #timing (1238 1154) ps  polarity 1
net 300: (14 2)->(14 2) 1 0 1 1 #timing (1330 1253) ps  polarity 0
net 300: (14 2)->(14 3) 0 1 0 1 #timing (1374 1442) ps  polarity 1
net 300: (18 6)->(18 6) 5 0 1 0 #timing (753 784) ps polarity 0
net 300: (18 6)->(3 6) 13 2 1 0 #timing (1388 1251) ps polarity 1
net 300: (3 6)->(3 14) 5 1 0 1 #timing (1837 1688) ps  polarity 0
net 300: (3 14)->(3 18) 3 4 0 1 #timing (2116 2162) ps  polarity 0
net 300: (3 18)->(3 16) 1 1 0 1 #timing (2265 2301) ps  polarity 1
net 300: (3 16)->(2 17) 0 3 0 1 #timing (2454 2413) ps  polarity 0
net 300: (22 6)->(26 6) 4 5 0 0 #timing (665 659) ps polarity 1
net 300: (26 6)->(26 6) 5 0 0 0 #timing (790 799) ps polarity 0
net 300: (26 6)->(10 6) 13 2 0 0 #timing (1455 1321) ps polarity 1
net 300: (10 6)->(10 6) 5 0 1 1 #timing (1697 1573) ps  polarity 1
net 300: (10 6)->(10 2) 3 1 0 1 #timing (2148 1910) ps  polarity 0
net 300: (10 2)->(10 2) 1 0 1 1 #timing (2242 2010) ps  polarity 1
net 300: (10 2)->(10 2) 0 0 0 1 #timing (2113 2343) ps  polarity 0
net 300: (10 2)->(11 3) 0 3 0 1 #timing (2129 2352) ps  polarity 0
net 300: (20 7)->(21 6) 0 3 0 0 #timing (184 184) ps polarity 0
net 300: (21 6)->(21 6) 1 0 0 0 #timing (277 276) ps polarity 1
net 300: (21 6)->(21 6) 5 0 0 0 #timing (378 395) ps polarity 0
net 300: (21 6)->(21 23) 13 1 1 0 #timing (1039 900) ps polarity 1
net 300: (21 23)->(21 23) 5 0 0 1 #timing (1264 1138) ps  polarity 1
net 300: (21 23)->(25 23) 4 5 0 1 #timing (1651 1464) ps  polarity 0
net 300: (25 23)->(27 23) 1 2 0 1 #timing (1888 1666) ps  polarity 1
net 300: (27 23)->(26 23) 0 2 0 1 #timing (1782 2034) ps  polarity 0
net 300: (21 23)->(29 23) 5 2 0 1 #timing (1590 1409) ps  polarity 0
net 300: (29 23)->(29 23) 1 0 0 1 #timing (1608 1757) ps  polarity 1
net 300: (29 23)->(28 23) 0 2 0 1 #timing (1890 1728) ps  polarity 0
net 300: (21 6)->(23 4) 1 3 0 0 #timing (367 331) ps polarity 1
net 300: (23 4)->(23 4) 5 0 0 0 #timing (448 523) ps polarity 0
net 300: (23 4)->(23 12) 5 1 0 1 #timing (803 884) ps  polarity 1
net 300: (23 12)->(27 12) 4 5 0 1 #timing (1169 1181) ps  polarity 1
net 300: (27 12)->(27 16) 3 4 0 1 #timing (1475 1435) ps  polarity 1
net 300: (27 16)->(27 16) 1 0 0 1 #timing (1578 1541) ps  polarity 0
net 300: (27 16)->(26 17) 0 3 0 1 #timing (1701 1711) ps  polarity 1
net 302: (24 17)->(25 16) 0 3 0 0 #timing (203 203) ps polarity 1
net 302: (25 16)->(27 18) 1 3 0 0 #timing (348 329) ps polarity 0
net 302: (27 18)->(27 18) 5 0 1 0 #timing (459 529) ps polarity 1
net 302: (27 18)->(19 26) 5 3 0 1 #timing (1052 1129) ps  polarity 1
net 302: (19 26)->(23 26) 4 2 0 1 #timing (1421 1342) ps  polarity 0
net 302: (23 26)->(23 30) 3 1 0 1 #timing (1776 1628) ps  polarity 0
net 302: (23 30)->(23 30) 1 0 1 1 #timing (1887 1744) ps  polarity 1
net 302: (23 30)->(22 30) 0 2 0 1 #timing (1874 2005) ps  polarity 0
net 303: (12 17)->(12 16) 0 1 0 0 #timing (174 174) ps polarity 1
net 303: (12 16)->(12 18) 1 1 0 0 #timing (288 278) ps polarity 0
net 303: (12 18)->(12 14) 3 4 0 0 #timing (584 561) ps polarity 0
net 303: (12 14)->(12 14) 1 0 1 1 #timing (799 741) ps  polarity 1
net 303: (12 14)->(13 15) 0 3 0 1 #timing (856 907) ps  polarity 0
net 303: (12 14)->(8 14) 4 2 0 0 #timing (849 809) ps polarity 0
net 303: (8 14)->(8 12) 1 1 0 1 #timing (1071 1069) ps  polarity 1
net 303: (8 12)->(8 13) 0 1 0 1 #timing (1191 1205) ps  polarity 0
net 305: (15 13)->(14 13) 0 2 0 0 #timing (221 221) ps polarity 0
net 305: (14 13)->(12 13) 1 2 0 0 #timing (360 344) ps polarity 1
net 305: (12 13)->(12 9) 3 1 0 0 #timing (635 625) ps polarity 1
net 305: (12 9)->(12 11) 1 1 0 1 #timing (884 828) ps  polarity 0
net 305: (12 11)->(13 10) 0 3 0 1 #timing (998 1047) ps  polarity 1
net 307: (8 1)->(8 1) 0 0 0 0 #timing (209 209) ps polarity 0
net 307: (8 1)->(8 3) 1 1 0 0 #timing (323 316) ps polarity 1
net 307: (8 3)->(8 3) 1 0 0 1 #timing (550 519) ps  polarity 0
net 307: (8 3)->(8 3) 0 0 0 1 #timing (627 655) ps  polarity 1
net 307: (8 3)->(9 2) 0 3 0 1 #timing (653 669) ps  polarity 1
net 308: (11 21)->(11 20) 0 1 0 0 #timing (700 700) ps polarity 1
net 308: (11 20)->(9 22) 1 3 0 0 #timing (877 838) ps polarity 0
net 308: (9 22)->(11 20) 1 3 0 1 #timing (1233 1131) ps  polarity 1
net 308: (11 20)->(11 21) 0 1 0 1 #timing (1262 1400) ps  polarity 0
net 308: (9 22)->(13 22) 4 2 0 0 #timing (1147 1192) ps polarity 0
net 308: (13 22)->(13 22) 5 0 0 0 #timing (1279 1343) ps polarity 1
net 308: (13 22)->(13 7) 13 1 1 0 #timing (1970 1789) ps polarity 0
net 308: (13 7)->(13 15) 5 1 0 1 #timing (2397 2200) ps  polarity 1
net 308: (13 15)->(13 15) 1 0 1 1 #timing (2407 2568) ps  polarity 0
net 308: (13 15)->(12 14) 0 3 0 1 #timing (2706 2528) ps  polarity 1
net 308: (11 21)->(10 21) 0 2 0 0 #timing (692 692) ps polarity 1
net 308: (10 21)->(10 21) 1 0 0 0 #timing (772 776) ps polarity 0
net 308: (10 21)->(14 21) 4 2 0 0 #timing (1043 1019) ps polarity 0
net 308: (14 21)->(12 21) 1 2 0 1 #timing (1246 1237) ps  polarity 1
net 308: (12 21)->(13 20) 0 3 0 1 #timing (1401 1400) ps  polarity 0
net 308: (14 21)->(14 17) 3 1 0 1 #timing (1441 1362) ps  polarity 0
net 308: (14 17)->(12 19) 1 3 0 1 #timing (1621 1517) ps  polarity 1
net 308: (12 19)->(12 19) 0 0 0 1 #timing (1672 1798) ps  polarity 0
net 309: (12 15)->(13 14) 0 3 0 0 #timing (209 209) ps polarity 0
net 309: (13 14)->(15 14) 1 2 0 0 #timing (354 334) ps polarity 1
net 309: (15 14)->(15 18) 3 4 0 0 #timing (636 628) ps polarity 1
net 309: (15 18)->(19 18) 4 5 0 0 #timing (990 936) ps polarity 1
net 309: (19 18)->(19 18) 5 0 0 0 #timing (1108 1071) ps polarity 0
net 309: (19 18)->(27 18) 5 2 0 1 #timing (1503 1448) ps  polarity 1
net 309: (27 18)->(25 16) 1 3 0 1 #timing (1740 1733) ps  polarity 0
net 309: (25 16)->(25 16) 0 0 0 1 #timing (1874 1916) ps  polarity 1
net 310: (9 5)->(8 4) 0 3 0 0 #timing (222 222) ps polarity 1
net 310: (8 4)->(10 6) 1 3 0 0 #timing (386 360) ps polarity 0
net 310: (10 6)->(8 6) 1 2 0 1 #timing (638 586) ps  polarity 1
net 310: (8 6)->(9 6) 0 2 0 1 #timing (688 748) ps  polarity 0
net 310: (10 6)->(10 2) 3 1 0 0 #timing (667 676) ps polarity 0
net 310: (10 2)->(8 2) 1 2 0 1 #timing (903 869) ps  polarity 1
net 310: (8 2)->(8 2) 0 0 0 1 #timing (975 1012) ps  polarity 0
net 310: (10 2)->(6 2) 4 5 0 0 #timing (1040 988) ps polarity 0
net 310: (6 2)->(6 2) 1 0 0 1 #timing (1193 1218) ps  polarity 1
net 310: (6 2)->(7 2) 0 2 0 1 #timing (1328 1300) ps  polarity 0
net 312: (19 7)->(18 6) 0 3 0 0 #timing (202 202) ps polarity 0
net 312: (18 6)->(16 4) 1 3 0 0 #timing (402 365) ps polarity 1
net 312: (16 4)->(16 8) 3 4 0 0 #timing (691 692) ps polarity 1
net 312: (16 8)->(18 10) 1 3 0 1 #timing (974 917) ps  polarity 0
net 312: (18 10)->(18 11) 0 1 0 1 #timing (1065 1154) ps  polarity 1
net 312: (16 8)->(20 8) 4 2 0 1 #timing (1069 1001) ps  polarity 1
net 312: (20 8)->(20 12) 3 1 0 1 #timing (1339 1224) ps  polarity 1
net 312: (20 12)->(20 12) 1 0 1 1 #timing (1434 1324) ps  polarity 0
net 312: (20 12)->(20 12) 0 0 0 1 #timing (1451 1551) ps  polarity 1
net 312: (16 4)->(12 4) 4 5 0 0 #timing (680 702) ps polarity 1
net 312: (12 4)->(14 6) 1 3 0 1 #timing (975 904) ps  polarity 0
net 312: (14 6)->(14 7) 0 1 0 1 #timing (1023 1122) ps  polarity 1
net 313: (17 8)->(17 9) 0 1 0 0 #timing (192 192) ps polarity 1
net 313: (17 9)->(19 9) 1 2 0 0 #timing (333 313) ps polarity 0
net 313: (19 9)->(19 5) 3 4 0 0 #timing (636 619) ps polarity 0
net 313: (19 5)->(15 5) 4 5 0 0 #timing (937 885) ps polarity 0
net 313: (15 5)->(15 7) 1 1 0 1 #timing (1136 1147) ps  polarity 1
net 313: (15 7)->(14 7) 0 2 0 1 #timing (1293 1289) ps  polarity 0
net 314: (20 20)->(21 21) 0 3 0 0 #timing (191 191) ps polarity 1
net 314: (21 21)->(23 23) 1 3 0 0 #timing (358 325) ps polarity 0
net 314: (23 23)->(19 23) 4 2 0 0 #timing (601 643) ps polarity 0
net 314: (19 23)->(15 23) 4 5 0 1 #timing (932 941) ps  polarity 0
net 314: (15 23)->(15 19) 3 1 0 1 #timing (1260 1196) ps  polarity 0
net 314: (15 19)->(15 17) 1 1 0 1 #timing (1405 1331) ps  polarity 1
net 314: (15 17)->(15 16) 0 1 0 1 #timing (1461 1542) ps  polarity 0
net 315: (18 7)->(18 7) 0 0 0 0 #timing (680 680) ps polarity 1
net 315: (18 7)->(16 5) 1 3 0 0 #timing (846 815) ps polarity 0
net 315: (16 5)->(16 9) 3 4 0 0 #timing (1149 1151) ps polarity 0
net 315: (16 9)->(20 9) 4 2 0 0 #timing (1425 1419) ps polarity 0
net 315: (20 9)->(20 11) 1 1 0 1 #timing (1669 1632) ps  polarity 1
net 315: (20 11)->(20 11) 0 0 0 1 #timing (1764 1820) ps  polarity 0
net 315: (20 9)->(20 9) 5 0 0 0 #timing (1548 1556) ps polarity 1
net 315: (20 9)->(20 25) 13 1 0 0 #timing (2212 2074) ps polarity 0
net 315: (20 25)->(20 25) 5 0 0 1 #timing (2436 2309) ps  polarity 0
net 315: (20 25)->(20 21) 3 4 0 1 #timing (2840 2617) ps  polarity 1
net 315: (20 21)->(22 21) 1 2 0 1 #timing (2973 2744) ps  polarity 0
net 315: (22 21)->(23 20) 0 3 0 1 #timing (2918 3149) ps  polarity 1
net 315: (20 9)->(20 24) 13 1 1 0 #timing (2145 2022) ps polarity 0
net 315: (20 24)->(20 24) 5 0 1 1 #timing (2375 2265) ps  polarity 0
net 315: (20 24)->(20 24) 1 0 1 1 #timing (2518 2404) ps  polarity 0
net 315: (20 24)->(20 24) 0 0 0 1 #timing (2533 2635) ps  polarity 1
net 315: (20 24)->(20 20) 3 4 0 1 #timing (2761 2565) ps  polarity 1
net 315: (20 20)->(20 22) 1 1 0 1 #timing (2902 2699) ps  polarity 0
net 315: (20 22)->(21 22) 0 2 0 1 #timing (2855 3067) ps  polarity 1
net 315: (20 24)->(16 24) 4 2 0 1 #timing (2692 2540) ps  polarity 1
net 315: (16 24)->(16 24) 1 0 1 1 #timing (2877 2702) ps  polarity 0
net 315: (16 24)->(16 24) 0 0 0 1 #timing (2831 2994) ps  polarity 1
net 315: (16 24)->(16 20) 3 4 0 1 #timing (2991 2772) ps  polarity 1
net 315: (16 20)->(16 22) 1 1 0 1 #timing (3137 2910) ps  polarity 0
net 315: (16 22)->(17 22) 0 2 0 1 #timing (3065 3298) ps  polarity 1
net 315: (20 24)->(20 16) 5 1 0 1 #timing (2592 2454) ps  polarity 1
net 315: (20 16)->(22 18) 1 3 0 1 #timing (2721 2805) ps  polarity 0
net 315: (22 18)->(22 19) 0 1 0 1 #timing (2931 2880) ps  polarity 1
net 315: (20 9)->(5 9) 13 2 1 0 #timing (2154 2037) ps polarity 0
net 315: (5 9)->(13 9) 5 2 0 1 #timing (2646 2499) ps  polarity 1
net 315: (13 9)->(15 11) 1 3 0 1 #timing (2774 2864) ps  polarity 0
net 315: (15 11)->(15 10) 0 1 0 1 #timing (3006 2943) ps  polarity 1
net 317: (4 23)->(5 22) 0 3 0 0 #timing (174 174) ps polarity 1
net 317: (5 22)->(7 22) 1 2 0 0 #timing (322 304) ps polarity 0
net 317: (7 22)->(7 18) 3 1 0 0 #timing (639 614) ps polarity 0
net 317: (7 18)->(3 18) 4 2 0 0 #timing (926 880) ps polarity 0
net 317: (3 18)->(3 14) 3 4 0 1 #timing (1377 1293) ps  polarity 0
net 317: (3 14)->(3 14) 1 0 1 1 #timing (1476 1395) ps  polarity 1
net 317: (3 14)->(3 15) 0 1 0 1 #timing (1539 1600) ps  polarity 0
net 318: (4 20)->(4 20) 0 0 0 0 #timing (166 166) ps polarity 1
net 318: (4 20)->(4 20) 1 0 0 0 #timing (243 245) ps polarity 0
net 318: (4 20)->(4 16) 3 1 0 1 #timing (690 576) ps  polarity 0
net 318: (4 16)->(6 16) 1 2 0 1 #timing (829 708) ps  polarity 1
net 318: (6 16)->(6 16) 0 0 0 1 #timing (850 982) ps  polarity 0
net 319: (26 21)->(26 21) 0 0 0 0 #timing (726 726) ps polarity 1
net 319: (26 21)->(26 21) 1 0 0 0 #timing (797 803) ps polarity 0
net 319: (26 21)->(26 25) 3 4 0 0 #timing (1125 1053) ps polarity 0
net 319: (26 25)->(24 27) 1 3 0 1 #timing (1382 1262) ps  polarity 1
net 319: (24 27)->(24 27) 0 0 0 1 #timing (1415 1542) ps  polarity 0
net 319: (26 21)->(22 21) 4 5 0 0 #timing (1130 1066) ps polarity 0
net 319: (22 21)->(22 23) 1 1 0 1 #timing (1309 1336) ps  polarity 1
net 319: (22 23)->(22 23) 0 0 0 1 #timing (1455 1442) ps  polarity 0
net 319: (26 21)->(27 21) 0 2 0 0 #timing (738 738) ps polarity 1
net 319: (27 21)->(27 21) 1 0 0 0 #timing (817 820) ps polarity 0
net 319: (27 21)->(27 21) 1 0 1 1 #timing (1020 990) ps  polarity 1
net 319: (27 21)->(26 21) 0 2 0 1 #timing (1112 1134) ps  polarity 0
net 319: (27 21)->(27 17) 3 1 0 0 #timing (1092 1043) ps polarity 0
net 319: (27 17)->(27 17) 5 0 0 0 #timing (1214 1179) ps polarity 1
net 319: (27 17)->(27 1) 13 1 0 0 #timing (1776 1699) ps polarity 0
net 319: (27 1)->(27 1) 5 0 0 1 #timing (2016 1952) ps  polarity 0
net 319: (27 1)->(27 3) 1 1 0 1 #timing (2204 2125) ps  polarity 0
net 319: (27 3)->(26 3) 0 2 0 1 #timing (2266 2348) ps  polarity 1
net 319: (27 1)->(25 3) 1 3 0 1 #timing (2266 2160) ps  polarity 0
net 319: (25 3)->(25 3) 0 0 0 1 #timing (2310 2454) ps  polarity 1
net 319: (27 21)->(27 25) 3 4 0 1 #timing (1215 1126) ps  polarity 0
net 319: (27 25)->(25 25) 1 2 0 1 #timing (1403 1285) ps  polarity 1
net 319: (25 25)->(24 25) 0 2 0 1 #timing (1443 1578) ps  polarity 0
net 319: (26 21)->(27 20) 0 3 0 0 #timing (743 743) ps polarity 1
net 319: (27 20)->(25 20) 1 2 0 0 #timing (869 860) ps polarity 0
net 319: (25 20)->(21 20) 4 5 0 0 #timing (1183 1172) ps polarity 0
net 319: (21 20)->(21 20) 5 0 0 0 #timing (1323 1331) ps polarity 1
net 319: (21 20)->(21 4) 13 1 0 0 #timing (2000 1859) ps polarity 0
net 319: (21 4)->(21 4) 5 0 0 1 #timing (2289 2161) ps  polarity 0
net 319: (21 4)->(21 4) 1 0 0 1 #timing (2431 2300) ps  polarity 0
net 319: (21 4)->(21 5) 0 1 0 1 #timing (2463 2566) ps  polarity 1
net 320: (22 23)->(22 22) 0 1 0 0 #timing (200 200) ps polarity 1
net 320: (22 22)->(22 20) 1 1 0 0 #timing (335 319) ps polarity 0
net 320: (22 20)->(22 20) 5 0 1 0 #timing (432 479) ps polarity 1
net 320: (22 20)->(22 4) 13 1 0 0 #timing (1086 924) ps polarity 0
net 320: (22 4)->(22 4) 5 0 1 1 #timing (1345 1195) ps  polarity 0
net 320: (22 4)->(26 4) 4 5 0 1 #timing (1734 1518) ps  polarity 1
net 320: (26 4)->(26 0) 3 1 0 1 #timing (2110 1788) ps  polarity 1
net 320: (26 0)->(26 2) 1 1 0 1 #timing (2243 1916) ps  polarity 0
net 320: (26 2)->(26 3) 0 1 0 1 #timing (2081 2400) ps  polarity 1
net 320: (26 0)->(24 2) 1 3 0 1 #timing (2247 1919) ps  polarity 0
net 320: (24 2)->(25 3) 0 3 0 1 #timing (2051 2392) ps  polarity 1
net 321: (24 26)->(25 27) 0 3 0 0 #timing (229 229) ps polarity 1
net 321: (25 27)->(27 25) 1 3 0 0 #timing (426 396) ps polarity 0
net 321: (27 25)->(31 25) 4 2 0 1 #timing (853 759) ps  polarity 0
net 321: (31 25)->(29 25) 1 2 0 1 #timing (1106 962) ps  polarity 1
net 321: (29 25)->(28 24) 0 3 0 1 #timing (1107 1271) ps  polarity 0
net 322: (21 29)->(20 29) 0 2 0 0 #timing (235 235) ps polarity 1
net 322: (20 29)->(20 31) 1 1 0 0 #timing (351 341) ps polarity 0
net 322: (20 31)->(20 27) 3 1 0 0 #timing (652 623) ps polarity 0
net 322: (20 27)->(20 27) 5 0 0 0 #timing (776 760) ps polarity 1
net 322: (20 27)->(5 27) 13 2 1 0 #timing (1399 1295) ps polarity 0
net 322: (5 27)->(13 19) 5 3 0 1 #timing (2126 2011) ps  polarity 0
net 322: (13 19)->(15 17) 1 3 0 1 #timing (2406 2249) ps  polarity 0
net 322: (15 17)->(14 16) 0 3 0 1 #timing (2405 2578) ps  polarity 1
net 323: (18 21)->(18 21) 0 0 0 0 #timing (191 191) ps polarity 0
net 323: (18 21)->(16 23) 1 3 0 0 #timing (335 314) ps polarity 1
net 323: (16 23)->(12 23) 4 5 0 1 #timing (775 690) ps  polarity 1
net 323: (12 23)->(14 21) 1 3 0 1 #timing (1043 907) ps  polarity 0
net 323: (14 21)->(15 21) 0 2 0 1 #timing (1071 1226) ps  polarity 1
net 324: (9 23)->(9 23) 0 0 0 0 #timing (211 211) ps polarity 1
net 324: (9 23)->(11 21) 1 3 0 0 #timing (400 360) ps polarity 0
net 324: (11 21)->(11 25) 3 4 0 0 #timing (716 721) ps polarity 0
net 324: (11 25)->(15 25) 4 2 0 0 #timing (1022 1003) ps polarity 0
net 324: (15 25)->(15 25) 5 0 0 0 #timing (1138 1136) ps polarity 1
net 324: (15 25)->(15 9) 13 1 0 0 #timing (1783 1661) ps polarity 0
net 324: (15 9)->(15 9) 5 0 1 1 #timing (2013 1902) ps  polarity 0
net 324: (15 9)->(15 9) 1 0 0 1 #timing (2154 2041) ps  polarity 0
net 324: (15 9)->(14 9) 0 2 0 1 #timing (2163 2268) ps  polarity 1
net 324: (9 23)->(9 22) 0 1 0 0 #timing (222 222) ps polarity 1
net 324: (9 22)->(9 22) 1 0 0 0 #timing (304 305) ps polarity 0
net 324: (9 22)->(9 22) 5 0 0 0 #timing (407 423) ps polarity 1
net 324: (9 22)->(9 6) 13 1 0 0 #timing (1056 919) ps polarity 0
net 324: (9 6)->(9 6) 5 0 1 1 #timing (1352 1228) ps  polarity 0
net 324: (9 6)->(9 6) 1 0 0 1 #timing (1495 1371) ps  polarity 0
net 324: (9 6)->(8 7) 0 3 0 1 #timing (1532 1628) ps  polarity 1
net 325: (8 23)->(9 22) 0 3 0 0 #timing (204 204) ps polarity 1
net 325: (9 22)->(9 20) 1 1 0 0 #timing (342 325) ps polarity 0
net 325: (9 20)->(9 16) 3 1 0 0 #timing (644 616) ps polarity 0
net 325: (9 16)->(13 16) 4 2 0 0 #timing (972 913) ps polarity 0
net 325: (13 16)->(13 16) 5 0 0 0 #timing (1102 1062) ps polarity 1
net 325: (13 16)->(13 1) 13 1 1 0 #timing (1675 1600) ps polarity 0
net 325: (13 1)->(13 1) 5 0 1 1 #timing (1877 1816) ps  polarity 0
net 325: (13 1)->(13 1) 1 0 0 1 #timing (2019 1955) ps  polarity 0
net 325: (13 1)->(13 1) 0 0 0 1 #timing (2067 2128) ps  polarity 1
net 325: (9 22)->(11 22) 1 2 0 0 #timing (335 324) ps polarity 0
net 325: (11 22)->(15 22) 4 2 0 0 #timing (643 663) ps polarity 0
net 325: (15 22)->(15 22) 5 0 0 0 #timing (760 797) ps polarity 1
net 325: (15 22)->(15 6) 13 1 0 0 #timing (1398 1251) ps polarity 0
net 325: (15 6)->(15 6) 5 0 0 1 #timing (1640 1502) ps  polarity 0
net 325: (15 6)->(15 6) 1 0 0 1 #timing (1783 1641) ps  polarity 0
net 325: (15 6)->(14 7) 0 3 0 1 #timing (1796 1913) ps  polarity 1
net 325: (11 22)->(11 22) 5 0 1 0 #timing (454 511) ps polarity 1
net 325: (11 22)->(11 7) 13 1 1 0 #timing (1145 969) ps polarity 0
net 325: (11 7)->(11 7) 5 0 0 1 #timing (1357 1194) ps  polarity 0
net 325: (11 7)->(11 11) 3 4 0 1 #timing (1734 1488) ps  polarity 1
net 325: (11 11)->(9 11) 1 2 0 1 #timing (1907 1639) ps  polarity 0
net 325: (9 11)->(8 11) 0 2 0 1 #timing (1796 2083) ps  polarity 1
net 327: (5 26)->(4 26) 0 2 0 0 #timing (194 193) ps polarity 1
net 327: (4 26)->(4 26) 1 0 0 0 #timing (276 278) ps polarity 0
net 327: (4 26)->(4 22) 3 4 0 0 #timing (559 505) ps polarity 0
net 327: (4 22)->(4 22) 5 0 0 0 #timing (686 644) ps polarity 1
net 327: (4 22)->(4 7) 13 1 1 0 #timing (1275 1198) ps polarity 0
net 327: (4 7)->(4 7) 5 0 0 1 #timing (1481 1417) ps  polarity 0
net 327: (4 7)->(6 5) 1 3 0 1 #timing (1729 1625) ps  polarity 0
net 327: (6 5)->(6 5) 0 0 0 1 #timing (1789 1912) ps  polarity 1
net 328: (21 26)->(21 27) 0 1 0 0 #timing (174 174) ps polarity 1
net 328: (21 27)->(23 25) 1 3 0 0 #timing (349 317) ps polarity 0
net 328: (23 25)->(23 21) 3 4 0 0 #timing (634 639) ps polarity 0
net 328: (23 21)->(19 21) 4 2 0 0 #timing (898 890) ps polarity 0
net 328: (19 21)->(19 17) 3 1 0 1 #timing (1328 1230) ps  polarity 0
net 328: (19 17)->(19 17) 1 0 1 1 #timing (1424 1330) ps  polarity 1
net 328: (19 17)->(18 17) 0 2 0 1 #timing (1461 1542) ps  polarity 0
net 331: (20 26)->(20 26) 0 0 0 0 #timing (166 166) ps polarity 1
net 331: (20 26)->(22 24) 1 3 0 0 #timing (338 304) ps polarity 0
net 331: (22 24)->(22 20) 3 4 0 0 #timing (636 658) ps polarity 0
net 331: (22 20)->(18 20) 4 2 0 0 #timing (992 968) ps polarity 0
net 331: (18 20)->(18 16) 3 1 0 1 #timing (1428 1329) ps  polarity 0
net 331: (18 16)->(18 16) 1 0 1 1 #timing (1527 1434) ps  polarity 1
net 331: (18 16)->(18 17) 0 1 0 1 #timing (1531 1624) ps  polarity 0
net 332: (12 11)->(13 11) 0 2 0 0 #timing (174 174) ps polarity 1
net 332: (13 11)->(15 9) 1 3 0 0 #timing (366 325) ps polarity 0
net 332: (15 9)->(15 5) 3 4 0 0 #timing (636 661) ps polarity 0
net 332: (15 5)->(11 5) 4 2 0 0 #timing (916 916) ps polarity 0
net 332: (11 5)->(11 7) 1 1 0 1 #timing (1174 1132) ps  polarity 1
net 332: (11 7)->(10 7) 0 2 0 1 #timing (1276 1323) ps  polarity 0
net 333: (5 23)->(5 22) 0 1 0 0 #timing (201 201) ps polarity 1
net 333: (5 22)->(7 20) 1 3 0 0 #timing (359 333) ps polarity 0
net 333: (7 20)->(3 20) 4 2 0 0 #timing (596 634) ps polarity 0
net 333: (3 20)->(3 20) 5 0 1 0 #timing (728 786) ps polarity 1
net 333: (3 20)->(3 4) 13 1 0 0 #timing (1421 1242) ps polarity 0
net 333: (3 4)->(3 12) 5 1 0 1 #timing (1887 1688) ps  polarity 1
net 333: (3 12)->(3 14) 1 1 0 1 #timing (1934 2088) ps  polarity 0
net 333: (3 14)->(2 14) 0 2 0 1 #timing (2229 2082) ps  polarity 1
net 334: (25 23)->(24 22) 0 3 0 0 #timing (225 225) ps polarity 1
net 334: (24 22)->(26 22) 1 2 0 0 #timing (373 353) ps polarity 0
net 334: (26 22)->(26 18) 3 1 0 0 #timing (654 636) ps polarity 0
net 334: (26 18)->(30 18) 4 2 0 0 #timing (942 903) ps polarity 0
net 334: (30 18)->(30 14) 3 4 0 1 #timing (1348 1276) ps  polarity 0
net 334: (30 14)->(28 12) 1 3 0 1 #timing (1539 1439) ps  polarity 1
net 334: (28 12)->(29 13) 0 3 0 1 #timing (1578 1692) ps  polarity 0
net 335: (23 20)->(22 21) 0 3 0 0 #timing (236 236) ps polarity 1
net 335: (22 21)->(22 23) 1 1 0 0 #timing (359 349) ps polarity 0
net 335: (22 23)->(22 23) 5 0 1 0 #timing (466 512) ps polarity 1
net 335: (22 23)->(22 6) 13 1 1 0 #timing (1216 1029) ps polarity 0
net 335: (22 6)->(30 6) 5 2 0 1 #timing (1745 1524) ps  polarity 1
net 335: (30 6)->(26 6) 4 2 0 1 #timing (2029 1767) ps  polarity 1
net 335: (26 6)->(26 10) 3 4 0 1 #timing (2300 1988) ps  polarity 1
net 335: (26 10)->(24 8) 1 3 0 1 #timing (2450 2126) ps  polarity 0
net 335: (24 8)->(25 9) 0 3 0 1 #timing (2280 2605) ps  polarity 1
net 335: (22 6)->(30 14) 5 3 0 1 #timing (1954 1747) ps  polarity 0
net 335: (30 14)->(28 14) 1 2 0 1 #timing (2180 1945) ps  polarity 0
net 335: (28 14)->(29 15) 0 3 0 1 #timing (2083 2330) ps  polarity 1
net 335: (30 14)->(30 10) 3 1 0 1 #timing (2402 2080) ps  polarity 1
net 335: (30 10)->(28 8) 1 3 0 1 #timing (2599 2246) ps  polarity 0
net 335: (28 8)->(28 9) 0 1 0 1 #timing (2377 2753) ps  polarity 1
net 338: (22 20)->(22 21) 0 1 0 0 #timing (209 209) ps polarity 1
net 338: (22 21)->(20 23) 1 3 0 0 #timing (382 345) ps polarity 0
net 338: (20 23)->(20 23) 5 0 1 0 #timing (474 561) ps polarity 1
net 338: (20 23)->(20 6) 13 1 1 0 #timing (1222 1009) ps polarity 0
net 338: (20 6)->(28 6) 5 2 0 1 #timing (1690 1447) ps  polarity 1
net 338: (28 6)->(28 6) 1 0 0 1 #timing (1653 1863) ps  polarity 0
net 338: (28 6)->(28 7) 0 1 0 1 #timing (2027 1786) ps  polarity 1
net 338: (28 6)->(24 6) 4 2 0 1 #timing (1956 1690) ps  polarity 1
net 338: (24 6)->(24 10) 3 4 0 1 #timing (2269 1942) ps  polarity 1
net 338: (24 10)->(24 8) 1 1 0 1 #timing (2419 2082) ps  polarity 0
net 338: (24 8)->(25 8) 0 2 0 1 #timing (2192 2546) ps  polarity 1
net 339: (4 23)->(5 23) 0 2 0 0 #timing (176 176) ps polarity 1
net 339: (5 23)->(7 21) 1 3 0 0 #timing (361 321) ps polarity 0
net 339: (7 21)->(3 21) 4 2 0 1 #timing (774 674) ps  polarity 0
net 339: (3 21)->(3 17) 3 1 0 1 #timing (1113 930) ps  polarity 0
net 339: (3 17)->(3 17) 1 0 1 1 #timing (1208 1030) ps  polarity 1
net 339: (3 17)->(2 17) 0 2 0 1 #timing (1163 1327) ps  polarity 0
net 340: (21 23)->(21 23) 0 0 0 0 #timing (156 156) ps polarity 1
net 340: (21 23)->(21 21) 1 1 0 0 #timing (284 269) ps polarity 0
net 340: (21 21)->(21 17) 3 1 0 0 #timing (550 533) ps polarity 0
net 340: (21 17)->(21 17) 5 0 0 0 #timing (673 668) ps polarity 1
net 340: (21 17)->(4 17) 13 2 1 0 #timing (1357 1230) ps polarity 0
net 340: (4 17)->(4 17) 5 0 0 1 #timing (1626 1510) ps  polarity 0
net 340: (4 17)->(8 17) 4 5 0 1 #timing (2049 1852) ps  polarity 1
net 340: (8 17)->(8 13) 3 4 0 1 #timing (2421 2148) ps  polarity 1
net 340: (8 13)->(10 15) 1 3 0 1 #timing (2566 2284) ps  polarity 0
net 340: (10 15)->(11 14) 0 3 0 1 #timing (2439 2727) ps  polarity 1
net 343: (25 23)->(24 23) 0 2 0 0 #timing (219 219) ps polarity 1
net 343: (24 23)->(26 21) 1 3 0 0 #timing (408 365) ps polarity 0
net 343: (26 21)->(26 21) 5 0 1 0 #timing (486 567) ps polarity 1
net 343: (26 21)->(26 4) 13 1 1 0 #timing (1250 1033) ps polarity 0
net 343: (26 4)->(26 4) 5 0 1 1 #timing (1489 1283) ps  polarity 0
net 343: (26 4)->(26 6) 1 1 0 1 #timing (1670 1451) ps  polarity 0
net 343: (26 6)->(27 6) 0 2 0 1 #timing (1583 1810) ps  polarity 1
net 344: (18 2)->(18 2) 0 0 0 0 #timing (163 163) ps polarity 1
net 344: (18 2)->(16 2) 1 2 0 0 #timing (290 275) ps polarity 0
net 344: (16 2)->(16 2) 5 0 0 0 #timing (393 444) ps polarity 1
net 344: (16 2)->(16 10) 5 1 0 1 #timing (725 783) ps  polarity 0
net 344: (16 10)->(12 10) 4 5 0 1 #timing (1019 1031) ps  polarity 0
net 344: (12 10)->(12 14) 3 1 0 1 #timing (1318 1275) ps  polarity 0
net 344: (12 14)->(12 12) 1 1 0 1 #timing (1456 1406) ps  polarity 1
net 344: (12 12)->(13 12) 0 2 0 1 #timing (1560 1614) ps  polarity 0
net 344: (18 2)->(19 2) 0 2 0 0 #timing (180 180) ps polarity 1
net 344: (19 2)->(19 0) 1 1 0 0 #timing (308 294) ps polarity 0
net 344: (19 0)->(19 2) 1 1 0 1 #timing (564 512) ps  polarity 1
net 344: (19 2)->(18 3) 0 3 0 1 #timing (666 714) ps  polarity 0
net 346: (20 23)->(20 23) 0 0 0 0 #timing (161 161) ps polarity 1
net 346: (20 23)->(22 21) 1 3 0 0 #timing (325 294) ps polarity 0
net 346: (22 21)->(22 17) 3 1 0 0 #timing (622 625) ps polarity 0
net 346: (22 17)->(18 17) 4 2 0 0 #timing (941 901) ps polarity 0
net 346: (18 17)->(18 17) 1 0 1 1 #timing (1113 1126) ps  polarity 1
net 346: (18 17)->(18 16) 0 1 0 1 #timing (1236 1218) ps  polarity 0
net 348: (25 20)->(25 20) 0 0 0 0 #timing (210 210) ps polarity 1
net 348: (25 20)->(27 22) 1 3 0 0 #timing (380 350) ps polarity 0
net 348: (27 22)->(27 18) 3 1 0 0 #timing (675 686) ps polarity 0
net 348: (27 18)->(31 18) 4 2 0 0 #timing (1010 977) ps polarity 0
net 348: (31 18)->(29 18) 1 2 0 1 #timing (1241 1224) ps  polarity 1
net 348: (29 18)->(28 19) 0 3 0 1 #timing (1363 1396) ps  polarity 0
net 349: (24 20)->(25 21) 0 3 0 0 #timing (193 193) ps polarity 1
net 349: (25 21)->(25 21) 1 0 0 0 #timing (302 299) ps polarity 0
net 349: (25 21)->(25 25) 3 4 0 0 #timing (657 576) ps polarity 0
net 349: (25 25)->(29 25) 4 2 0 0 #timing (1025 894) ps polarity 0
net 349: (29 25)->(29 25) 1 0 1 1 #timing (1109 1212) ps  polarity 1
net 349: (29 25)->(28 25) 0 2 0 1 #timing (1345 1229) ps  polarity 0
net 351: (5 20)->(5 21) 0 1 0 0 #timing (174 174) ps polarity 1
net 351: (5 21)->(5 21) 1 0 0 0 #timing (255 257) ps polarity 0
net 351: (5 21)->(7 21) 1 2 0 1 #timing (506 460) ps  polarity 1
net 351: (7 21)->(6 21) 0 2 0 1 #timing (594 644) ps  polarity 0
net 352: (21 23)->(20 22) 0 3 0 0 #timing (202 202) ps polarity 1
net 352: (20 22)->(22 22) 1 2 0 0 #timing (329 319) ps polarity 0
net 352: (22 22)->(22 22) 5 0 1 0 #timing (442 490) ps polarity 1
net 352: (22 22)->(7 22) 13 2 1 0 #timing (1142 974) ps polarity 0
net 352: (7 22)->(7 7) 13 1 1 0 #timing (1668 1734) ps polarity 1
net 352: (7 7)->(15 15) 5 3 0 1 #timing (2473 2517) ps  polarity 1
net 352: (15 15)->(11 15) 4 2 0 1 #timing (2832 2786) ps  polarity 0
net 352: (11 15)->(11 15) 1 0 1 1 #timing (3021 2951) ps  polarity 1
net 352: (11 15)->(11 14) 0 1 0 1 #timing (3067 3130) ps  polarity 0
net 353: (8 11)->(9 11) 0 2 0 0 #timing (201 201) ps polarity 1
net 353: (9 11)->(9 11) 1 0 0 0 #timing (289 288) ps polarity 0
net 353: (9 11)->(9 11) 5 0 0 0 #timing (390 408) ps polarity 1
net 353: (9 11)->(9 3) 5 1 0 1 #timing (771 799) ps  polarity 0
net 353: (9 3)->(9 3) 1 0 0 1 #timing (1018 954) ps  polarity 1
net 353: (9 3)->(8 3) 0 2 0 1 #timing (1034 1106) ps  polarity 0
net 355: (2 21)->(2 20) 0 1 0 0 #timing (198 198) ps polarity 0
net 355: (2 20)->(0 22) 1 3 0 0 #timing (361 334) ps polarity 1
net 355: (0 22)->(4 22) 4 2 0 0 #timing (626 679) ps polarity 1
net 355: (4 22)->(8 22) 4 5 0 1 #timing (885 919) ps  polarity 1
net 355: (8 22)->(10 20) 1 3 0 1 #timing (1165 1142) ps  polarity 0
net 355: (10 20)->(11 21) 0 3 0 1 #timing (1282 1312) ps  polarity 1
net 356: (8 17)->(8 17) 0 0 0 0 #timing (198 198) ps polarity 1
net 356: (8 17)->(8 17) 1 0 0 0 #timing (281 283) ps polarity 0
net 356: (8 17)->(8 13) 3 4 0 0 #timing (599 528) ps polarity 0
net 356: (8 13)->(4 13) 4 5 0 0 #timing (970 836) ps polarity 0
net 356: (4 13)->(4 9) 3 1 0 1 #timing (1315 1325) ps  polarity 0
net 356: (4 9)->(4 11) 1 1 0 1 #timing (1449 1455) ps  polarity 1
net 356: (4 11)->(5 11) 0 2 0 1 #timing (1578 1587) ps  polarity 0
net 356: (4 13)->(4 13) 5 0 0 0 #timing (1106 987) ps polarity 1
net 356: (4 13)->(4 5) 5 1 0 1 #timing (1466 1348) ps  polarity 0
net 356: (4 5)->(4 7) 1 1 0 1 #timing (1594 1666) ps  polarity 1
net 356: (4 7)->(5 6) 0 3 0 1 #timing (1808 1739) ps  polarity 0
net 356: (8 13)->(8 13) 5 0 0 0 #timing (732 672) ps polarity 1
net 356: (8 13)->(8 5) 5 1 0 1 #timing (1094 1034) ps  polarity 0
net 356: (8 5)->(10 7) 1 3 0 1 #timing (1297 1302) ps  polarity 1
net 356: (10 7)->(10 6) 0 1 0 1 #timing (1416 1431) ps  polarity 0
net 357: (9 17)->(8 16) 0 3 0 0 #timing (225 225) ps polarity 1
net 357: (8 16)->(8 16) 1 0 0 0 #timing (306 311) ps polarity 0
net 357: (8 16)->(8 12) 3 4 0 0 #timing (605 545) ps polarity 0
net 357: (8 12)->(8 12) 5 0 0 0 #timing (753 703) ps polarity 1
net 357: (8 12)->(8 4) 5 1 0 1 #timing (1096 1054) ps  polarity 0
net 357: (8 4)->(8 6) 1 1 0 1 #timing (1311 1300) ps  polarity 1
net 357: (8 6)->(8 6) 0 0 0 1 #timing (1422 1448) ps  polarity 0
net 357: (8 16)->(10 18) 1 3 0 0 #timing (386 357) ps polarity 0
net 357: (10 18)->(10 14) 3 4 0 0 #timing (666 677) ps polarity 0
net 357: (10 14)->(10 10) 3 1 0 1 #timing (1123 1024) ps  polarity 0
net 357: (10 10)->(10 10) 1 0 1 1 #timing (1218 1124) ps  polarity 1
net 357: (10 10)->(10 11) 0 1 0 1 #timing (1222 1315) ps  polarity 0
net 359: (14 18)->(15 19) 0 3 0 0 #timing (202 202) ps polarity 0
net 359: (15 19)->(15 17) 1 1 0 0 #timing (343 328) ps polarity 1
net 359: (15 17)->(15 21) 3 1 0 1 #timing (754 649) ps  polarity 1
net 359: (15 21)->(15 21) 1 0 0 1 #timing (855 755) ps  polarity 0
net 359: (15 21)->(14 21) 0 2 0 1 #timing (878 970) ps  polarity 1
net 360: (5 26)->(5 26) 0 0 0 0 #timing (162 162) ps polarity 1
net 360: (5 26)->(7 24) 1 3 0 0 #timing (347 306) ps polarity 0
net 360: (7 24)->(7 20) 3 4 0 0 #timing (640 656) ps polarity 0
net 360: (7 20)->(7 16) 3 1 0 1 #timing (1128 1027) ps  polarity 0
net 360: (7 16)->(7 16) 1 0 1 1 #timing (1236 1142) ps  polarity 1
net 360: (7 16)->(6 17) 0 3 0 1 #timing (1252 1342) ps  polarity 0
net 361: (24 20)->(24 20) 0 0 0 0 #timing (196 196) ps polarity 1
net 361: (24 20)->(24 20) 1 0 0 0 #timing (279 281) ps polarity 0
net 361: (24 20)->(24 16) 3 1 0 0 #timing (605 533) ps polarity 0
net 361: (24 16)->(24 12) 3 4 0 1 #timing (1117 904) ps  polarity 0
net 361: (24 12)->(24 12) 1 0 1 1 #timing (1215 1005) ps  polarity 1
net 361: (24 12)->(25 12) 0 2 0 1 #timing (1117 1324) ps  polarity 0
net 363: (16 13)->(16 12) 0 1 0 0 #timing (700 700) ps polarity 1
net 363: (16 12)->(16 12) 1 0 0 0 #timing (789 792) ps polarity 0
net 363: (16 12)->(16 16) 3 4 0 0 #timing (1083 1026) ps polarity 0
net 363: (16 16)->(16 16) 5 0 0 0 #timing (1202 1160) ps polarity 1
net 363: (16 16)->(16 24) 5 1 0 1 #timing (1526 1490) ps  polarity 0
net 363: (16 24)->(12 24) 4 5 0 1 #timing (1809 1730) ps  polarity 0
net 363: (12 24)->(12 24) 1 0 1 1 #timing (1997 1893) ps  polarity 1
net 363: (12 24)->(12 25) 0 1 0 1 #timing (2038 2122) ps  polarity 0
net 363: (12 24)->(12 26) 1 1 0 1 #timing (2047 1929) ps  polarity 1
net 363: (12 26)->(12 27) 0 1 0 1 #timing (2086 2204) ps  polarity 0
net 363: (16 13)->(17 13) 0 2 0 0 #timing (688 688) ps polarity 1
net 363: (17 13)->(17 15) 1 1 0 0 #timing (800 786) ps polarity 0
net 363: (17 15)->(13 15) 4 5 0 1 #timing (1236 1153) ps  polarity 0
net 363: (13 15)->(13 19) 3 4 0 1 #timing (1505 1371) ps  polarity 0
net 363: (13 19)->(13 17) 1 1 0 1 #timing (1651 1508) ps  polarity 1
net 363: (13 17)->(12 17) 0 2 0 1 #timing (1651 1798) ps  polarity 0
net 364: (21 20)->(21 20) 0 0 0 0 #timing (162 162) ps polarity 1
net 364: (21 20)->(21 20) 1 0 0 0 #timing (237 240) ps polarity 0
net 364: (21 20)->(21 16) 3 1 0 0 #timing (508 460) ps polarity 0
net 364: (21 16)->(17 16) 4 2 0 0 #timing (801 727) ps polarity 0
net 364: (17 16)->(19 16) 1 2 0 1 #timing (984 1017) ps  polarity 1
net 364: (19 16)->(18 16) 0 2 0 1 #timing (1160 1135) ps  polarity 0
net 366: (25 20)->(25 21) 0 1 0 0 #timing (230 230) ps polarity 1
net 366: (25 21)->(25 23) 1 1 0 0 #timing (383 367) ps polarity 0
net 366: (25 23)->(25 27) 3 4 0 1 #timing (838 733) ps  polarity 0
net 366: (25 27)->(27 25) 1 3 0 1 #timing (1075 933) ps  polarity 1
net 366: (27 25)->(26 25) 0 2 0 1 #timing (1041 1222) ps  polarity 0
net 368: (21 3)->(21 3) 0 0 0 0 #timing (686 686) ps polarity 1
net 368: (21 3)->(23 1) 1 3 0 0 #timing (845 817) ps polarity 0
net 368: (23 1)->(19 1) 4 2 0 1 #timing (1278 1182) ps  polarity 0
net 368: (19 1)->(19 3) 1 1 0 1 #timing (1514 1383) ps  polarity 1
net 368: (19 3)->(19 3) 0 0 0 1 #timing (1507 1649) ps  polarity 0
net 369: (23 6)->(22 6) 0 2 0 0 #timing (739 739) ps polarity 1
net 369: (22 6)->(22 6) 1 0 0 0 #timing (816 818) ps polarity 0
net 369: (22 6)->(22 2) 3 1 0 0 #timing (1096 1046) ps polarity 0
net 369: (22 2)->(18 2) 4 2 0 0 #timing (1453 1357) ps polarity 0
net 369: (18 2)->(18 2) 1 0 1 1 #timing (1569 1637) ps  polarity 1
net 369: (18 2)->(19 3) 0 3 0 1 #timing (1753 1678) ps  polarity 0
net 371: (9 14)->(9 14) 0 0 0 0 #timing (210 210) ps polarity 1
net 371: (9 14)->(11 14) 1 2 0 0 #timing (353 335) ps polarity 0
net 371: (11 14)->(11 14) 5 0 1 0 #timing (459 516) ps polarity 1
net 371: (11 14)->(3 6) 5 3 0 1 #timing (1055 1102) ps  polarity 1
net 371: (3 6)->(3 6) 1 0 1 1 #timing (1242 1277) ps  polarity 1
net 371: (3 6)->(2 6) 0 2 0 1 #timing (1410 1361) ps  polarity 0
net 371: (9 14)->(11 12) 1 3 0 0 #timing (386 354) ps polarity 0
net 371: (11 12)->(11 8) 3 1 0 0 #timing (699 703) ps polarity 0
net 371: (11 8)->(11 8) 5 0 0 0 #timing (823 839) ps polarity 1
net 371: (11 8)->(11 0) 5 1 0 1 #timing (1170 1192) ps  polarity 0
net 371: (11 0)->(11 0) 1 0 0 1 #timing (1399 1342) ps  polarity 1
net 371: (11 0)->(10 1) 0 3 0 1 #timing (1479 1520) ps  polarity 0
net 371: (11 8)->(3 0) 5 3 0 1 #timing (1409 1430) ps  polarity 1
net 371: (3 0)->(3 0) 1 0 1 1 #timing (1599 1608) ps  polarity 1
net 371: (3 0)->(3 1) 0 1 0 1 #timing (1736 1715) ps  polarity 0
net 373: (20 20)->(20 21) 0 1 0 0 #timing (183 183) ps polarity 1
net 373: (20 21)->(22 23) 1 3 0 0 #timing (348 316) ps polarity 0
net 373: (22 23)->(22 19) 3 1 0 0 #timing (634 664) ps polarity 0
net 373: (22 19)->(18 19) 4 2 0 0 #timing (962 943) ps polarity 0
net 373: (18 19)->(18 17) 1 1 0 1 #timing (1202 1180) ps  polarity 1
net 373: (18 17)->(19 16) 0 3 0 1 #timing (1304 1337) ps  polarity 0
net 376: (21 20)->(20 20) 0 2 0 0 #timing (193 193) ps polarity 1
net 376: (20 20)->(20 20) 1 0 0 0 #timing (276 277) ps polarity 0
net 376: (20 20)->(20 20) 5 0 0 0 #timing (379 394) ps polarity 1
net 376: (20 20)->(5 20) 13 2 1 0 #timing (1015 884) ps polarity 0
net 376: (5 20)->(5 5) 13 1 1 0 #timing (1557 1589) ps polarity 1
net 376: (5 5)->(13 13) 5 3 0 1 #timing (2248 2259) ps  polarity 1
net 376: (13 13)->(15 15) 1 3 0 1 #timing (2495 2472) ps  polarity 1
net 376: (15 15)->(15 14) 0 1 0 1 #timing (2618 2652) ps  polarity 0
net 377: (25 17)->(25 16) 0 1 0 0 #timing (227 227) ps polarity 1
net 377: (25 16)->(25 16) 1 0 0 0 #timing (310 308) ps polarity 0
net 377: (25 16)->(25 12) 3 4 0 0 #timing (586 544) ps polarity 0
net 377: (25 12)->(25 12) 5 0 1 0 #timing (727 692) ps polarity 1
net 377: (25 12)->(25 4) 5 1 0 1 #timing (1103 1077) ps  polarity 0
net 377: (25 4)->(27 6) 1 3 0 1 #timing (1401 1355) ps  polarity 1
net 377: (27 6)->(27 7) 0 1 0 1 #timing (1485 1568) ps  polarity 0
net 378: (14 12)->(15 12) 0 2 0 0 #timing (204 204) ps polarity 0
net 378: (15 12)->(15 12) 1 0 0 0 #timing (284 287) ps polarity 1
net 378: (15 12)->(15 8) 3 1 0 0 #timing (570 513) ps polarity 1
net 378: (15 8)->(13 8) 1 2 0 1 #timing (817 715) ps  polarity 0
net 378: (13 8)->(12 9) 0 3 0 1 #timing (874 984) ps  polarity 1
net 379: (6 1)->(7 1) 0 2 0 0 #timing (409 409) ps polarity 0
net 379: (7 1)->(7 3) 1 1 0 0 #timing (528 519) ps polarity 1
net 379: (7 3)->(11 3) 4 5 0 0 #timing (864 844) ps polarity 1
net 379: (11 3)->(11 3) 1 0 0 1 #timing (1056 1045) ps  polarity 0
net 379: (11 3)->(11 2) 0 1 0 1 #timing (1159 1164) ps  polarity 1
net 383: (15 5)->(15 4) 0 1 0 0 #timing (157 157) ps polarity 1
net 383: (15 4)->(15 4) 1 0 0 0 #timing (236 237) ps polarity 0
net 383: (15 4)->(15 6) 1 1 0 1 #timing (487 439) ps  polarity 1
net 383: (15 6)->(14 6) 0 2 0 1 #timing (580 635) ps  polarity 0
net 383: (15 4)->(15 8) 3 4 0 0 #timing (492 457) ps polarity 0
net 383: (15 8)->(19 8) 4 5 0 0 #timing (839 757) ps polarity 0
net 383: (19 8)->(19 8) 1 0 1 1 #timing (951 1008) ps  polarity 1
net 383: (19 8)->(19 9) 0 1 0 1 #timing (1157 1078) ps  polarity 0
net 383: (19 8)->(17 8) 1 2 0 1 #timing (991 1037) ps  polarity 1
net 383: (17 8)->(16 9) 0 3 0 1 #timing (1199 1161) ps  polarity 0
net 384: (17 9)->(17 9) 0 0 0 0 #timing (178 178) ps polarity 0
net 384: (17 9)->(17 9) 1 0 0 0 #timing (252 257) ps polarity 1
net 384: (17 9)->(17 9) 1 0 0 1 #timing (456 429) ps  polarity 0
net 384: (17 9)->(16 9) 0 2 0 1 #timing (552 571) ps  polarity 1
net 384: (17 9)->(17 11) 1 1 0 1 #timing (498 459) ps  polarity 0
net 384: (17 11)->(16 11) 0 2 0 1 #timing (593 639) ps  polarity 1
net 384: (17 9)->(17 8) 0 1 0 0 #timing (190 190) ps polarity 0
net 384: (17 8)->(17 10) 1 1 0 0 #timing (314 300) ps polarity 1
net 384: (17 10)->(17 14) 3 1 0 1 #timing (719 625) ps  polarity 1
net 384: (17 14)->(17 14) 1 0 1 1 #timing (816 727) ps  polarity 0
net 384: (17 14)->(17 15) 0 1 0 1 #timing (875 942) ps  polarity 1
net 388: (23 17)->(22 17) 0 2 0 0 #timing (227 227) ps polarity 1
net 388: (22 17)->(22 17) 1 0 0 0 #timing (310 311) ps polarity 0
net 388: (22 17)->(22 13) 3 4 0 0 #timing (605 549) ps polarity 0
net 388: (22 13)->(22 13) 5 0 1 0 #timing (746 699) ps polarity 1
net 388: (22 13)->(30 5) 5 3 0 1 #timing (1351 1309) ps  polarity 1
net 388: (30 5)->(28 5) 1 2 0 1 #timing (1588 1510) ps  polarity 1
net 388: (28 5)->(28 5) 0 0 0 1 #timing (1623 1724) ps  polarity 0
net 388: (22 17)->(22 17) 5 0 1 0 #timing (417 432) ps polarity 1
net 388: (22 17)->(22 0) 13 1 1 0 #timing (1117 968) ps polarity 0
net 388: (22 0)->(22 0) 5 0 0 1 #timing (1345 1211) ps  polarity 0
net 388: (22 0)->(26 0) 4 5 0 1 #timing (1852 1602) ps  polarity 1
net 388: (26 0)->(26 4) 3 1 0 1 #timing (2166 1854) ps  polarity 1
net 388: (26 4)->(24 4) 1 2 0 1 #timing (2286 1971) ps  polarity 0
net 388: (24 4)->(25 5) 0 3 0 1 #timing (2116 2421) ps  polarity 1
net 389: (26 24)->(26 25) 0 1 0 0 #timing (679 679) ps polarity 1
net 389: (26 25)->(24 27) 1 3 0 0 #timing (823 805) ps polarity 0
net 389: (24 27)->(24 23) 3 4 0 0 #timing (1122 1125) ps polarity 0
net 389: (24 23)->(26 23) 1 2 0 1 #timing (1363 1323) ps  polarity 1
net 389: (26 23)->(26 23) 0 0 0 1 #timing (1456 1488) ps  polarity 0
net 389: (24 23)->(24 19) 3 1 0 1 #timing (1607 1488) ps  polarity 0
net 389: (24 19)->(24 19) 1 0 0 1 #timing (1709 1594) ps  polarity 1
net 389: (24 19)->(24 18) 0 1 0 1 #timing (1782 1850) ps  polarity 0
net 389: (24 23)->(24 23) 5 0 1 0 #timing (1266 1279) ps polarity 1
net 389: (24 23)->(24 7) 13 1 0 0 #timing (1934 1799) ps polarity 0
net 389: (24 7)->(24 15) 5 1 0 1 #timing (2426 2268) ps  polarity 1
net 389: (24 15)->(20 15) 4 5 0 1 #timing (2782 2548) ps  polarity 1
net 389: (20 15)->(22 15) 1 2 0 1 #timing (2990 2727) ps  polarity 0
net 389: (22 15)->(22 14) 0 1 0 1 #timing (2872 3150) ps  polarity 1
net 389: (24 23)->(24 6) 13 1 1 0 #timing (2010 1860) ps polarity 0
net 389: (24 6)->(24 6) 5 0 0 1 #timing (2249 2109) ps  polarity 0
net 389: (24 6)->(20 6) 4 5 0 1 #timing (2647 2433) ps  polarity 1
net 389: (20 6)->(20 10) 3 4 0 1 #timing (2993 2700) ps  polarity 1
net 389: (20 10)->(22 10) 1 2 0 1 #timing (3133 2829) ps  polarity 0
net 389: (22 10)->(22 11) 0 1 0 1 #timing (2945 3276) ps  polarity 1
net 389: (24 6)->(24 14) 5 1 0 1 #timing (2493 2316) ps  polarity 1
net 389: (24 14)->(24 10) 3 1 0 1 #timing (2808 2846) ps  polarity 1
net 389: (24 10)->(26 10) 1 2 0 1 #timing (2932 2967) ps  polarity 0
net 389: (26 10)->(27 10) 0 2 0 1 #timing (3072 3044) ps  polarity 1
net 389: (24 10)->(26 8) 1 3 0 1 #timing (2971 2993) ps  polarity 0
net 389: (26 8)->(27 9) 0 3 0 1 #timing (3134 3122) ps  polarity 1
net 389: (24 14)->(24 18) 3 4 0 1 #timing (2786 2837) ps  polarity 1
net 389: (24 18)->(24 16) 1 1 0 1 #timing (2938 2975) ps  polarity 0
net 389: (24 16)->(24 16) 0 0 0 1 #timing (3128 3090) ps  polarity 1
net 391: (28 9)->(28 9) 0 0 0 0 #timing (191 191) ps polarity 0
net 391: (28 9)->(30 11) 1 3 0 0 #timing (345 320) ps polarity 1
net 391: (30 11)->(26 11) 4 2 0 1 #timing (742 672) ps  polarity 1
net 391: (26 11)->(26 11) 1 0 1 1 #timing (928 835) ps  polarity 0
net 391: (26 11)->(26 11) 0 0 0 1 #timing (964 1046) ps  polarity 1
net 392: (14 4)->(15 4) 0 2 0 0 #timing (201 201) ps polarity 0
net 392: (15 4)->(13 4) 1 2 0 0 #timing (346 327) ps polarity 1
net 392: (13 4)->(13 0) 3 1 0 0 #timing (645 632) ps polarity 1
net 392: (13 0)->(9 0) 4 2 0 0 #timing (959 925) ps polarity 1
net 392: (9 0)->(9 2) 1 1 0 1 #timing (1188 1179) ps  polarity 0
net 392: (9 2)->(9 2) 0 0 0 1 #timing (1271 1300) ps  polarity 1
net 392: (13 0)->(13 0) 5 0 0 0 #timing (770 771) ps polarity 0
net 392: (13 0)->(28 0) 13 2 1 0 #timing (1447 1313) ps polarity 1
net 392: (28 0)->(20 0) 5 2 0 1 #timing (2028 1851) ps  polarity 0
net 392: (20 0)->(22 0) 1 2 0 1 #timing (2120 2241) ps  polarity 1
net 392: (22 0)->(23 0) 0 2 0 1 #timing (2388 2297) ps  polarity 0
net 392: (13 4)->(9 4) 4 2 0 1 #timing (765 693) ps  polarity 1
net 392: (9 4)->(11 6) 1 3 0 1 #timing (1052 925) ps  polarity 0
net 392: (11 6)->(10 6) 0 2 0 1 #timing (1037 1207) ps  polarity 1
net 392: (13 4)->(17 4) 4 5 0 0 #timing (673 668) ps polarity 1
net 392: (17 4)->(17 0) 3 1 0 1 #timing (1141 1025) ps  polarity 1
net 392: (17 0)->(19 0) 1 2 0 1 #timing (1304 1172) ps  polarity 0
net 392: (19 0)->(18 1) 0 3 0 1 #timing (1324 1457) ps  polarity 1
net 392: (17 4)->(21 4) 4 2 0 1 #timing (947 918) ps  polarity 1
net 392: (21 4)->(21 0) 3 1 0 1 #timing (1283 1173) ps  polarity 1
net 392: (21 0)->(21 0) 1 0 0 1 #timing (1381 1277) ps  polarity 0
net 392: (21 0)->(20 1) 0 3 0 1 #timing (1419 1504) ps  polarity 1
net 393: (9 9)->(8 9) 0 2 0 0 #timing (151 151) ps polarity 0
net 393: (8 9)->(10 11) 1 3 0 0 #timing (314 284) ps polarity 1
net 393: (10 11)->(10 9) 1 1 0 1 #timing (590 526) ps  polarity 0
net 393: (10 9)->(11 9) 0 2 0 1 #timing (675 744) ps  polarity 1
net 393: (10 11)->(6 11) 4 5 0 0 #timing (627 634) ps polarity 1
net 393: (6 11)->(6 11) 1 0 1 1 #timing (835 803) ps  polarity 0
net 393: (6 11)->(7 10) 0 3 0 1 #timing (936 953) ps  polarity 1
net 394: (14 10)->(14 10) 0 0 0 0 #timing (190 190) ps polarity 0
net 394: (14 10)->(14 8) 1 1 0 0 #timing (304 297) ps polarity 1
net 394: (14 8)->(10 8) 4 2 0 1 #timing (721 646) ps  polarity 1
net 394: (10 8)->(10 8) 1 0 1 1 #timing (913 812) ps  polarity 0
net 394: (10 8)->(11 9) 0 3 0 1 #timing (930 1023) ps  polarity 1
net 394: (14 8)->(14 8) 5 0 0 0 #timing (406 442) ps polarity 0
net 394: (14 8)->(6 8) 5 2 0 1 #timing (769 801) ps  polarity 1
net 394: (6 8)->(6 8) 1 0 1 1 #timing (1003 937) ps  polarity 0
net 394: (6 8)->(6 9) 0 1 0 1 #timing (1050 1111) ps  polarity 1
net 395: (10 10)->(11 10) 0 2 0 0 #timing (201 201) ps polarity 0
net 395: (11 10)->(9 8) 1 3 0 0 #timing (368 341) ps polarity 1
net 395: (9 8)->(11 8) 1 2 0 1 #timing (679 609) ps  polarity 0
net 395: (11 8)->(11 9) 0 1 0 1 #timing (739 833) ps  polarity 1
net 395: (9 8)->(5 8) 4 5 0 0 #timing (724 729) ps polarity 1
net 395: (5 8)->(7 8) 1 2 0 1 #timing (1017 955) ps  polarity 0
net 395: (7 8)->(7 9) 0 1 0 1 #timing (1112 1166) ps  polarity 1
net 396: (10 7)->(11 7) 0 2 0 0 #timing (198 198) ps polarity 0
net 396: (11 7)->(9 5) 1 3 0 0 #timing (377 337) ps polarity 1
net 396: (9 5)->(9 9) 3 4 0 1 #timing (887 751) ps  polarity 1
net 396: (9 9)->(11 9) 1 2 0 1 #timing (1094 929) ps  polarity 0
net 396: (11 9)->(11 9) 0 0 0 1 #timing (1037 1238) ps  polarity 1
net 399: (15 12)->(15 12) 0 0 0 0 #timing (184 184) ps polarity 0
net 399: (15 12)->(15 14) 1 1 0 0 #timing (291 286) ps polarity 1
net 399: (15 14)->(15 14) 5 0 1 0 #timing (403 444) ps polarity 0
net 399: (15 14)->(7 6) 5 3 0 1 #timing (1075 1122) ps  polarity 0
net 399: (7 6)->(7 6) 1 0 1 1 #timing (1258 1292) ps  polarity 0
net 399: (7 6)->(6 7) 0 3 0 1 #timing (1453 1392) ps  polarity 1
net 400: (12 23)->(13 23) 0 2 0 0 #timing (174 174) ps polarity 1
net 400: (13 23)->(15 21) 1 3 0 0 #timing (376 333) ps polarity 0
net 400: (15 21)->(15 21) 1 0 1 1 #timing (609 545) ps  polarity 1
net 400: (15 21)->(15 21) 0 0 0 1 #timing (646 711) ps  polarity 0
net 400: (15 21)->(15 21) 5 0 0 0 #timing (455 543) ps polarity 1
net 400: (15 21)->(15 4) 13 1 1 0 #timing (1212 994) ps polarity 0
net 400: (15 4)->(15 12) 5 1 0 1 #timing (1671 1432) ps  polarity 1
net 400: (15 12)->(13 14) 1 3 0 1 #timing (1715 1895) ps  polarity 0
net 400: (13 14)->(12 14) 0 2 0 1 #timing (2053 1895) ps  polarity 1
net 404: (11 4)->(11 5) 0 1 0 0 #timing (642 642) ps polarity 1
net 404: (11 5)->(11 7) 1 1 0 0 #timing (757 746) ps polarity 0
net 404: (11 7)->(11 5) 1 1 0 1 #timing (1026 978) ps  polarity 1
net 404: (11 5)->(10 4) 0 3 0 1 #timing (1130 1179) ps  polarity 0
net 405: (23 4)->(23 4) 0 0 0 0 #timing (679 679) ps polarity 1
net 405: (23 4)->(23 4) 1 0 0 0 #timing (761 765) ps polarity 0
net 405: (23 4)->(23 4) 5 0 1 0 #timing (870 883) ps polarity 1
net 405: (23 4)->(6 4) 13 2 1 0 #timing (1561 1420) ps polarity 0
net 405: (6 4)->(6 4) 5 0 0 1 #timing (1890 1764) ps  polarity 0
net 405: (6 4)->(10 4) 4 5 0 1 #timing (2242 2066) ps  polarity 1
net 405: (10 4)->(10 4) 1 0 1 1 #timing (2436 2235) ps  polarity 0
net 405: (10 4)->(10 4) 0 0 0 1 #timing (2362 2552) ps  polarity 1
net 406: (15 2)->(15 2) 0 0 0 0 #timing (162 162) ps polarity 1
net 406: (15 2)->(13 0) 1 3 0 0 #timing (318 291) ps polarity 0
net 406: (13 0)->(15 2) 1 3 0 1 #timing (619 549) ps  polarity 1
net 406: (15 2)->(15 3) 0 1 0 1 #timing (702 785) ps  polarity 0
net 406: (13 0)->(17 0) 4 5 0 0 #timing (676 677) ps polarity 0
net 406: (17 0)->(17 2) 1 1 0 1 #timing (916 876) ps  polarity 1
net 406: (17 2)->(17 2) 0 0 0 1 #timing (984 1041) ps  polarity 0
net 406: (17 0)->(17 4) 3 1 0 1 #timing (1097 998) ps  polarity 0
net 406: (17 4)->(19 4) 1 2 0 1 #timing (1275 1152) ps  polarity 1
net 406: (19 4)->(19 5) 0 1 0 1 #timing (1325 1436) ps  polarity 0
net 406: (17 0)->(21 0) 4 2 0 1 #timing (991 947) ps  polarity 0
net 406: (21 0)->(23 0) 1 2 0 1 #timing (1260 1163) ps  polarity 1
net 406: (23 0)->(23 1) 0 1 0 1 #timing (1305 1396) ps  polarity 0
net 406: (21 0)->(21 4) 3 1 0 1 #timing (1297 1194) ps  polarity 0
net 406: (21 4)->(23 6) 1 3 0 1 #timing (1468 1343) ps  polarity 1
net 406: (23 6)->(23 6) 0 0 0 1 #timing (1511 1643) ps  polarity 0
net 407: (14 1)->(14 1) 0 0 0 0 #timing (680 680) ps polarity 0
net 407: (14 1)->(14 1) 1 0 0 0 #timing (752 758) ps polarity 1
net 407: (14 1)->(14 1) 1 0 1 1 #timing (955 928) ps  polarity 0
net 407: (14 1)->(15 1) 0 2 0 1 #timing (1025 1053) ps  polarity 1
net 407: (14 1)->(18 1) 4 5 0 0 #timing (1050 1007) ps polarity 1
net 407: (18 1)->(18 5) 3 1 0 1 #timing (1422 1362) ps  polarity 1
net 407: (18 5)->(18 5) 1 0 1 1 #timing (1521 1464) ps  polarity 0
net 407: (18 5)->(19 5) 0 2 0 1 #timing (1601 1642) ps  polarity 1
net 407: (14 1)->(15 1) 0 2 0 0 #timing (688 688) ps polarity 0
net 407: (15 1)->(15 3) 1 1 0 0 #timing (797 784) ps polarity 1
net 407: (15 3)->(19 3) 4 5 0 0 #timing (1160 1115) ps polarity 1
net 407: (19 3)->(17 3) 1 2 0 1 #timing (1349 1358) ps  polarity 0
net 407: (17 3)->(17 2) 0 1 0 1 #timing (1490 1500) ps  polarity 1
net 407: (19 3)->(23 3) 4 2 0 1 #timing (1427 1366) ps  polarity 1
net 407: (23 3)->(23 3) 1 0 1 1 #timing (1617 1533) ps  polarity 0
net 407: (23 3)->(23 3) 0 0 0 1 #timing (1616 1707) ps  polarity 1
net 407: (23 3)->(23 2) 0 1 0 1 #timing (1639 1720) ps  polarity 1
net 407: (23 3)->(22 3) 0 2 0 1 #timing (1613 1705) ps  polarity 1
net 407: (23 3)->(23 7) 3 1 0 1 #timing (1755 1628) ps  polarity 1
net 407: (23 7)->(23 5) 1 1 0 1 #timing (1917 1779) ps  polarity 0
net 407: (23 5)->(23 5) 0 0 0 1 #timing (1885 2041) ps  polarity 1
net 407: (23 5)->(23 4) 0 1 0 1 #timing (1899 2049) ps  polarity 1
net 407: (23 5)->(22 5) 0 2 0 1 #timing (1935 2070) ps  polarity 1
net 407: (23 5)->(22 4) 0 3 0 1 #timing (1926 2064) ps  polarity 1
net 408: (17 1)->(17 1) 0 0 0 0 #timing (762 762) ps polarity 1
net 408: (17 1)->(19 3) 1 3 0 0 #timing (910 882) ps polarity 0
net 408: (19 3)->(19 3) 1 0 0 1 #timing (1146 1099) ps  polarity 1
net 408: (19 3)->(18 3) 0 2 0 1 #timing (1221 1261) ps  polarity 0
net 408: (19 3)->(17 1) 1 3 0 1 #timing (1224 1150) ps  polarity 1
net 408: (17 1)->(17 1) 0 0 0 1 #timing (1273 1377) ps  polarity 0
net 408: (19 3)->(19 7) 3 1 0 0 #timing (1210 1212) ps polarity 0
net 408: (19 7)->(15 7) 4 5 0 0 #timing (1493 1469) ps polarity 0
net 408: (15 7)->(15 7) 5 0 0 0 #timing (1623 1614) ps polarity 1
net 408: (15 7)->(30 7) 13 2 1 0 #timing (2254 2136) ps polarity 0
net 408: (30 7)->(22 7) 5 2 0 1 #timing (2792 2634) ps  polarity 1
net 408: (22 7)->(20 5) 1 3 0 1 #timing (2941 3027) ps  polarity 0
net 408: (20 5)->(21 4) 0 3 0 1 #timing (3178 3111) ps  polarity 1
net 409: (17 5)->(17 5) 0 0 0 0 #timing (156 156) ps polarity 1
net 409: (17 5)->(17 5) 1 0 0 0 #timing (233 235) ps polarity 0
net 409: (17 5)->(17 5) 1 0 1 1 #timing (437 405) ps  polarity 1
net 409: (17 5)->(17 4) 0 1 0 1 #timing (525 548) ps  polarity 0
net 409: (17 5)->(17 4) 0 1 0 0 #timing (157 157) ps polarity 1
net 409: (17 4)->(19 6) 1 3 0 0 #timing (322 288) ps polarity 0
net 409: (19 6)->(19 4) 1 1 0 1 #timing (606 541) ps  polarity 1
net 409: (19 4)->(18 4) 0 2 0 1 #timing (685 753) ps  polarity 0
net 409: (19 6)->(19 10) 3 4 0 0 #timing (646 648) ps polarity 0
net 409: (19 10)->(15 10) 4 5 0 0 #timing (921 900) ps polarity 0
net 409: (15 10)->(15 10) 5 0 0 0 #timing (1055 1048) ps polarity 1
net 409: (15 10)->(30 10) 13 2 1 0 #timing (1677 1562) ps polarity 0
net 409: (30 10)->(22 2) 5 3 0 1 #timing (2459 2321) ps  polarity 0
net 409: (22 2)->(18 2) 4 2 0 1 #timing (2626 2746) ps  polarity 1
net 409: (18 2)->(16 2) 1 2 0 1 #timing (2889 2957) ps  polarity 0
net 409: (16 2)->(17 2) 0 2 0 1 #timing (3107 3040) ps  polarity 1
net 409: (17 5)->(16 5) 0 2 0 0 #timing (172 172) ps polarity 1
net 409: (16 5)->(18 7) 1 3 0 0 #timing (337 303) ps polarity 0
net 409: (18 7)->(18 3) 3 1 0 0 #timing (607 636) ps polarity 0
net 409: (18 3)->(18 3) 1 0 1 1 #timing (824 816) ps  polarity 1
net 409: (18 3)->(18 3) 0 0 0 1 #timing (930 933) ps  polarity 0
net 410: (16 23)->(17 22) 0 3 0 0 #timing (182 182) ps polarity 1
net 410: (17 22)->(19 20) 1 3 0 0 #timing (366 336) ps polarity 0
net 410: (19 20)->(19 20) 1 0 1 1 #timing (600 551) ps  polarity 1
net 410: (19 20)->(18 21) 0 3 0 1 #timing (693 722) ps  polarity 0
net 412: (13 29)->(13 29) 0 0 0 0 #timing (182 182) ps polarity 1
net 412: (13 29)->(13 29) 1 0 0 0 #timing (259 261) ps polarity 0
net 412: (13 29)->(13 29) 5 0 1 0 #timing (367 381) ps polarity 1
net 412: (13 29)->(13 12) 13 1 1 0 #timing (1058 912) ps polarity 0
net 412: (13 12)->(13 12) 5 0 0 1 #timing (1294 1157) ps  polarity 0
net 412: (13 12)->(13 14) 1 1 0 1 #timing (1493 1336) ps  polarity 0
net 412: (13 14)->(13 14) 0 0 0 1 #timing (1452 1624) ps  polarity 1
net 412: (13 29)->(15 31) 1 3 0 0 #timing (331 307) ps polarity 0
net 412: (15 31)->(15 31) 5 0 1 0 #timing (445 524) ps polarity 1
net 412: (15 31)->(15 14) 13 1 1 0 #timing (1155 956) ps polarity 0
net 412: (15 14)->(15 14) 5 0 0 1 #timing (1381 1193) ps  polarity 0
net 412: (15 14)->(15 10) 3 1 0 1 #timing (1768 1494) ps  polarity 1
net 412: (15 10)->(13 10) 1 2 0 1 #timing (1905 1624) ps  polarity 0
net 412: (13 10)->(13 11) 0 1 0 1 #timing (1807 2089) ps  polarity 1
net 413: (20 14)->(20 15) 0 1 0 0 #timing (180 180) ps polarity 1
net 413: (20 15)->(22 13) 1 3 0 0 #timing (359 324) ps polarity 0
net 413: (22 13)->(18 13) 4 2 0 0 #timing (635 667) ps polarity 0
net 413: (18 13)->(14 13) 4 5 0 1 #timing (947 951) ps  polarity 0
net 413: (14 13)->(14 15) 1 1 0 1 #timing (1177 1145) ps  polarity 1
net 413: (14 15)->(14 15) 0 0 0 1 #timing (1291 1323) ps  polarity 0
net 414: (20 26)->(20 27) 0 1 0 0 #timing (180 180) ps polarity 1
net 414: (20 27)->(22 25) 1 3 0 0 #timing (352 316) ps polarity 0
net 414: (22 25)->(22 21) 3 4 0 0 #timing (635 660) ps polarity 0
net 414: (22 21)->(18 21) 4 2 0 0 #timing (956 941) ps polarity 0
net 414: (18 21)->(18 17) 3 1 0 1 #timing (1386 1293) ps  polarity 0
net 414: (18 17)->(18 17) 1 0 0 1 #timing (1479 1392) ps  polarity 1
net 414: (18 17)->(19 17) 0 2 0 1 #timing (1528 1600) ps  polarity 0
net 416: (15 1)->(14 0) 0 3 0 0 #timing (724 724) ps polarity 1
net 416: (14 0)->(12 2) 1 3 0 0 #timing (894 865) ps polarity 0
net 416: (12 2)->(14 2) 1 2 0 1 #timing (1187 1124) ps  polarity 1
net 416: (14 2)->(15 2) 0 2 0 1 #timing (1279 1349) ps  polarity 0
net 416: (12 2)->(12 2) 5 0 0 0 #timing (994 1073) ps polarity 1
net 416: (12 2)->(12 19) 13 1 1 0 #timing (1692 1496) ps polarity 0
net 416: (12 19)->(12 19) 5 0 0 1 #timing (1940 1760) ps  polarity 0
net 416: (12 19)->(14 17) 1 3 0 1 #timing (2170 1956) ps  polarity 0
net 416: (14 17)->(15 17) 0 2 0 1 #timing (2078 2324) ps  polarity 1
net 416: (12 19)->(4 19) 5 2 0 1 #timing (2204 1977) ps  polarity 1
net 416: (4 19)->(4 17) 1 1 0 1 #timing (2219 2404) ps  polarity 0
net 416: (4 17)->(5 16) 0 3 0 1 #timing (2538 2360) ps  polarity 1
net 417: (15 15)->(15 14) 0 1 0 0 #timing (190 190) ps polarity 0
net 417: (15 14)->(15 12) 1 1 0 0 #timing (307 296) ps polarity 1
net 417: (15 12)->(19 12) 4 5 0 1 #timing (726 643) ps  polarity 1
net 417: (19 12)->(17 14) 1 3 0 1 #timing (991 858) ps  polarity 0
net 417: (17 14)->(17 14) 0 0 0 1 #timing (986 1147) ps  polarity 1
net 418: (13 23)->(13 22) 0 1 0 0 #timing (157 157) ps polarity 1
net 418: (13 22)->(15 20) 1 3 0 0 #timing (334 293) ps polarity 0
net 418: (15 20)->(15 22) 1 1 0 1 #timing (621 545) ps  polarity 1
net 418: (15 22)->(15 23) 0 1 0 1 #timing (705 779) ps  polarity 0
net 418: (15 20)->(15 20) 5 0 0 0 #timing (418 506) ps polarity 1
net 418: (15 20)->(15 5) 13 1 1 0 #timing (1137 931) ps polarity 0
net 418: (15 5)->(15 5) 5 0 0 1 #timing (1374 1183) ps  polarity 0
net 418: (15 5)->(19 5) 4 5 0 1 #timing (1748 1496) ps  polarity 1
net 418: (19 5)->(19 9) 3 4 0 1 #timing (2038 1726) ps  polarity 1
net 418: (19 9)->(17 11) 1 3 0 1 #timing (2214 1879) ps  polarity 0
net 418: (17 11)->(17 11) 0 0 0 1 #timing (2009 2380) ps  polarity 1
net 419: (14 2)->(15 3) 0 3 0 0 #timing (191 191) ps polarity 0
net 419: (15 3)->(15 1) 1 1 0 0 #timing (326 309) ps polarity 1
net 419: (15 1)->(15 5) 3 1 0 1 #timing (748 642) ps  polarity 1
net 419: (15 5)->(15 5) 1 0 1 1 #timing (848 746) ps  polarity 0
net 419: (15 5)->(14 4) 0 3 0 1 #timing (869 961) ps  polarity 1
net 419: (15 1)->(11 1) 4 2 0 0 #timing (571 583) ps polarity 1
net 419: (11 1)->(9 3) 1 3 0 1 #timing (900 828) ps  polarity 0
net 419: (9 3)->(9 2) 0 1 0 1 #timing (966 1072) ps  polarity 1
net 419: (11 1)->(11 1) 5 0 0 0 #timing (710 734) ps polarity 0
net 419: (11 1)->(11 16) 13 1 1 0 #timing (1343 1198) ps polarity 1
net 419: (11 16)->(11 16) 5 0 0 1 #timing (1560 1428) ps  polarity 1
net 419: (11 16)->(11 20) 3 1 0 1 #timing (1943 1729) ps  polarity 0
net 419: (11 20)->(11 20) 1 0 1 1 #timing (2043 1833) ps  polarity 1
net 419: (11 20)->(10 21) 0 3 0 1 #timing (1980 2168) ps  polarity 0
net 423: (12 26)->(12 26) 0 0 0 0 #timing (163 163) ps polarity 1
net 423: (12 26)->(12 24) 1 1 0 0 #timing (277 268) ps polarity 0
net 423: (12 24)->(12 20) 3 4 0 0 #timing (541 524) ps polarity 0
net 423: (12 20)->(8 20) 4 2 0 1 #timing (892 817) ps  polarity 0
net 423: (8 20)->(10 20) 1 2 0 1 #timing (1127 1014) ps  polarity 1
net 423: (10 20)->(10 20) 0 0 0 1 #timing (1120 1239) ps  polarity 0
net 423: (12 26)->(13 27) 0 3 0 0 #timing (191 191) ps polarity 1
net 423: (13 27)->(15 27) 1 2 0 0 #timing (335 316) ps polarity 0
net 423: (15 27)->(19 27) 4 5 0 0 #timing (670 659) ps polarity 0
net 423: (19 27)->(19 27) 5 0 0 0 #timing (788 792) ps polarity 1
net 423: (19 27)->(19 19) 5 1 0 1 #timing (1145 1148) ps  polarity 0
net 423: (19 19)->(19 15) 3 4 0 1 #timing (1552 1449) ps  polarity 0
net 423: (19 15)->(17 15) 1 2 0 1 #timing (1690 1579) ps  polarity 1
net 423: (17 15)->(16 14) 0 3 0 1 #timing (1730 1851) ps  polarity 0
net 424: (17 26)->(17 26) 0 0 0 0 #timing (162 162) ps polarity 1
net 424: (17 26)->(17 24) 1 1 0 0 #timing (289 274) ps polarity 0
net 424: (17 24)->(13 24) 4 5 0 0 #timing (546 554) ps polarity 0
net 424: (13 24)->(13 24) 5 0 1 0 #timing (677 701) ps polarity 1
net 424: (13 24)->(13 8) 13 1 0 0 #timing (1320 1182) ps polarity 0
net 424: (13 8)->(13 8) 5 0 1 1 #timing (1555 1429) ps  polarity 0
net 424: (13 8)->(13 12) 3 1 0 1 #timing (1900 1709) ps  polarity 1
net 424: (13 12)->(15 14) 1 3 0 1 #timing (2079 1866) ps  polarity 0
net 424: (15 14)->(14 14) 0 2 0 1 #timing (2016 2242) ps  polarity 1
net 425: (20 29)->(21 28) 0 3 0 0 #timing (182 182) ps polarity 1
net 425: (21 28)->(23 28) 1 2 0 0 #timing (317 301) ps polarity 0
net 425: (23 28)->(23 24) 3 1 0 0 #timing (621 606) ps polarity 0
net 425: (23 24)->(23 24) 5 0 1 0 #timing (762 758) ps polarity 1
net 425: (23 24)->(7 24) 13 2 0 0 #timing (1450 1324) ps polarity 0
net 425: (7 24)->(15 16) 5 3 0 1 #timing (2222 2078) ps  polarity 0
net 425: (15 16)->(15 16) 1 0 1 1 #timing (2437 2280) ps  polarity 0
net 425: (15 16)->(15 16) 0 0 0 1 #timing (2427 2564) ps  polarity 1
net 431: (17 7)->(17 7) 0 0 0 0 #timing (204 204) ps polarity 0
net 431: (17 7)->(17 7) 1 0 0 0 #timing (280 279) ps polarity 1
net 431: (17 7)->(17 11) 3 4 0 0 #timing (560 511) ps polarity 1
net 431: (17 11)->(17 15) 3 1 0 1 #timing (1029 853) ps  polarity 1
net 431: (17 15)->(17 13) 1 1 0 1 #timing (1166 985) ps  polarity 0
net 431: (17 13)->(16 12) 0 3 0 1 #timing (1133 1315) ps  polarity 1
net 431: (17 11)->(13 11) 4 5 0 0 #timing (845 771) ps polarity 1
net 431: (13 11)->(13 11) 5 0 1 0 #timing (975 918) ps polarity 0
net 431: (13 11)->(28 11) 13 2 1 0 #timing (1631 1551) ps polarity 1
net 431: (28 11)->(20 11) 5 2 0 1 #timing (2145 2037) ps  polarity 0
net 431: (20 11)->(20 15) 3 1 0 1 #timing (2457 2464) ps  polarity 0
net 431: (20 15)->(20 13) 1 1 0 1 #timing (2611 2604) ps  polarity 1
net 431: (20 13)->(20 12) 0 1 0 1 #timing (2742 2755) ps  polarity 0
net 432: (5 15)->(5 15) 0 0 0 0 #timing (178 178) ps polarity 0
net 432: (5 15)->(7 13) 1 3 0 0 #timing (331 308) ps polarity 1
net 432: (7 13)->(7 9) 3 1 0 0 #timing (653 632) ps polarity 1
net 432: (7 9)->(7 11) 1 1 0 1 #timing (918 846) ps  polarity 0
net 432: (7 11)->(6 10) 0 3 0 1 #timing (957 1047) ps  polarity 1
net 432: (7 9)->(11 9) 4 5 0 0 #timing (1020 944) ps polarity 1
net 432: (11 9)->(11 9) 1 0 1 1 #timing (1155 1202) ps  polarity 0
net 432: (11 9)->(11 8) 0 1 0 1 #timing (1317 1263) ps  polarity 1
net 433: (11 16)->(10 16) 0 2 0 0 #timing (190 190) ps polarity 0
net 433: (10 16)->(8 18) 1 3 0 0 #timing (355 319) ps polarity 1
net 433: (8 18)->(8 14) 3 4 0 0 #timing (623 649) ps polarity 1
net 433: (8 14)->(8 10) 3 1 0 1 #timing (1098 1005) ps  polarity 1
net 433: (8 10)->(10 8) 1 3 0 1 #timing (1253 1146) ps  polarity 0
net 433: (10 8)->(11 8) 0 2 0 1 #timing (1259 1385) ps  polarity 1
net 434: (7 16)->(7 16) 0 0 0 0 #timing (199 199) ps polarity 0
net 434: (7 16)->(7 16) 1 0 0 0 #timing (280 285) ps polarity 1
net 434: (7 16)->(7 12) 3 4 0 0 #timing (560 511) ps polarity 1
net 434: (7 12)->(11 12) 4 5 0 0 #timing (967 849) ps polarity 1
net 434: (11 12)->(11 8) 3 1 0 1 #timing (1318 1310) ps  polarity 1
net 434: (11 8)->(11 8) 1 0 1 1 #timing (1412 1410) ps  polarity 0
net 434: (11 8)->(11 8) 0 0 0 1 #timing (1543 1531) ps  polarity 1
net 435: (10 13)->(10 13) 0 0 0 0 #timing (186 186) ps polarity 0
net 435: (10 13)->(10 13) 1 0 0 0 #timing (258 264) ps polarity 1
net 435: (10 13)->(10 9) 3 1 0 1 #timing (741 616) ps  polarity 1
net 435: (10 9)->(10 9) 1 0 1 1 #timing (834 715) ps  polarity 0
net 435: (10 9)->(11 8) 0 3 0 1 #timing (874 966) ps  polarity 1
net 439: (16 23)->(17 23) 0 2 0 0 #timing (174 174) ps polarity 1
net 439: (17 23)->(17 23) 1 0 0 0 #timing (262 263) ps polarity 0
net 439: (17 23)->(17 27) 3 4 0 0 #timing (589 517) ps polarity 0
net 439: (17 27)->(13 27) 4 5 0 0 #timing (887 784) ps polarity 0
net 439: (13 27)->(13 31) 3 1 0 1 #timing (1182 1195) ps  polarity 0
net 439: (13 31)->(15 29) 1 3 0 1 #timing (1388 1367) ps  polarity 1
net 439: (15 29)->(14 29) 0 2 0 1 #timing (1500 1541) ps  polarity 0
net 440: (21 1)->(21 1) 0 0 0 0 #timing (762 762) ps polarity 1
net 440: (21 1)->(23 3) 1 3 0 0 #timing (890 871) ps polarity 0
net 440: (23 3)->(21 3) 1 2 0 1 #timing (1163 1112) ps  polarity 1
net 440: (21 3)->(20 2) 0 3 0 1 #timing (1225 1295) ps  polarity 0
net 441: (23 3)->(22 3) 0 2 0 0 #timing (771 771) ps polarity 1
net 441: (22 3)->(20 1) 1 3 0 0 #timing (938 913) ps polarity 0
net 441: (20 1)->(20 3) 1 1 0 1 #timing (1222 1163) ps  polarity 1
net 441: (20 3)->(20 2) 0 1 0 1 #timing (1279 1351) ps  polarity 0
net 442: (12 19)->(13 19) 0 2 0 0 #timing (389 389) ps polarity 0
net 442: (13 19)->(15 17) 1 3 0 0 #timing (557 519) ps polarity 1
net 442: (15 17)->(15 21) 3 1 0 0 #timing (826 848) ps polarity 1
net 442: (15 21)->(11 21) 4 2 0 0 #timing (1091 1096) ps polarity 1
net 442: (11 21)->(11 21) 1 0 0 1 #timing (1309 1275) ps  polarity 0
net 442: (11 21)->(11 20) 0 1 0 1 #timing (1389 1417) ps  polarity 1
net 442: (11 21)->(11 23) 1 1 0 1 #timing (1351 1304) ps  polarity 0
net 442: (11 23)->(11 23) 0 0 0 1 #timing (1417 1482) ps  polarity 1
net 443: (16 17)->(16 17) 0 0 0 0 #timing (155 155) ps polarity 1
net 443: (16 17)->(18 19) 1 3 0 0 #timing (310 283) ps polarity 0
net 443: (18 19)->(18 19) 5 0 1 0 #timing (419 499) ps polarity 1
net 443: (18 19)->(3 19) 13 2 1 0 #timing (1078 894) ps polarity 0
net 443: (3 19)->(11 27) 5 3 0 1 #timing (1773 1574) ps  polarity 0
net 443: (11 27)->(11 27) 1 0 1 1 #timing (1942 1731) ps  polarity 0
net 443: (11 27)->(10 27) 0 2 0 1 #timing (1853 2056) ps  polarity 1
net 445: (16 1)->(17 0) 0 3 0 0 #timing (184 184) ps polarity 0
net 445: (17 0)->(17 0) 1 0 0 0 #timing (272 273) ps polarity 1
net 445: (17 0)->(17 0) 1 0 1 1 #timing (477 444) ps  polarity 0
net 445: (17 0)->(16 1) 0 3 0 1 #timing (586 600) ps  polarity 1
net 446: (14 7)->(15 6) 0 3 0 0 #timing (184 184) ps polarity 0
net 446: (15 6)->(15 4) 1 1 0 0 #timing (314 302) ps polarity 1
net 446: (15 4)->(19 4) 4 5 0 0 #timing (624 608) ps polarity 1
net 446: (19 4)->(23 4) 4 2 0 1 #timing (878 849) ps  polarity 1
net 446: (23 4)->(23 0) 3 1 0 1 #timing (1287 1168) ps  polarity 1
net 446: (23 0)->(23 0) 1 0 1 1 #timing (1393 1279) ps  polarity 0
net 446: (23 0)->(23 0) 0 0 0 1 #timing (1362 1482) ps  polarity 1
net 455: (20 1)->(20 1) 0 0 0 0 #timing (680 680) ps polarity 1
net 455: (20 1)->(22 3) 1 3 0 0 #timing (839 812) ps polarity 0
net 455: (22 3)->(22 7) 3 1 0 0 #timing (1175 1173) ps polarity 0
net 455: (22 7)->(18 7) 4 2 0 0 #timing (1500 1452) ps polarity 0
net 455: (18 7)->(14 7) 4 5 0 1 #timing (1819 1736) ps  polarity 0
net 455: (14 7)->(14 11) 3 4 0 1 #timing (2094 1965) ps  polarity 0
net 455: (14 11)->(14 9) 1 1 0 1 #timing (2233 2098) ps  polarity 1
net 455: (14 9)->(14 8) 0 1 0 1 #timing (2218 2366) ps  polarity 0
net 456: (22 3)->(23 2) 0 3 0 0 #timing (696 696) ps polarity 1
net 456: (23 2)->(21 0) 1 3 0 0 #timing (889 849) ps polarity 0
net 456: (21 0)->(21 4) 3 1 0 0 #timing (1190 1184) ps polarity 0
net 456: (21 4)->(17 4) 4 2 0 0 #timing (1473 1440) ps polarity 0
net 456: (17 4)->(13 4) 4 5 0 1 #timing (1818 1743) ps  polarity 0
net 456: (13 4)->(13 8) 3 4 0 1 #timing (2089 1964) ps  polarity 0
net 456: (13 8)->(15 8) 1 2 0 1 #timing (2251 2110) ps  polarity 1
net 456: (15 8)->(14 8) 0 2 0 1 #timing (2241 2387) ps  polarity 0
net 457: (5 17)->(5 17) 0 0 0 0 #timing (156 156) ps polarity 1
net 457: (5 17)->(5 17) 1 0 0 0 #timing (233 235) ps polarity 0
net 457: (5 17)->(1 17) 4 2 0 1 #timing (628 557) ps  polarity 0
net 457: (1 17)->(3 17) 1 2 0 1 #timing (866 757) ps  polarity 1
net 457: (3 17)->(2 16) 0 3 0 1 #timing (898 1017) ps  polarity 0
net 458: (8 2)->(9 2) 0 2 0 0 #timing (183 183) ps polarity 1
net 458: (9 2)->(9 2) 1 0 0 0 #timing (268 269) ps polarity 0
net 458: (9 2)->(9 2) 1 0 0 1 #timing (475 443) ps  polarity 1
net 458: (9 2)->(9 3) 0 1 0 1 #timing (553 582) ps  polarity 0
net 461: (6 24)->(7 25) 0 3 0 0 #timing (199 199) ps polarity 0
net 461: (7 25)->(5 27) 1 3 0 0 #timing (354 328) ps polarity 1
net 461: (5 27)->(5 23) 3 4 0 0 #timing (650 657) ps polarity 1
net 461: (5 23)->(9 23) 4 5 0 0 #timing (1021 974) ps polarity 1
net 461: (9 23)->(11 23) 1 2 0 1 #timing (1224 1229) ps  polarity 0
net 461: (11 23)->(10 23) 0 2 0 1 #timing (1347 1372) ps  polarity 1
net 463: (10 22)->(11 23) 0 3 0 0 #timing (667 667) ps polarity 1
net 463: (11 23)->(11 23) 1 0 0 0 #timing (758 756) ps polarity 0
net 463: (11 23)->(11 19) 3 1 0 0 #timing (1035 985) ps polarity 0
net 463: (11 19)->(11 19) 1 0 1 1 #timing (1250 1163) ps  polarity 1
net 463: (11 19)->(10 18) 0 3 0 1 #timing (1301 1371) ps  polarity 0
net 463: (11 23)->(9 21) 1 3 0 0 #timing (860 820) ps polarity 0
net 463: (9 21)->(13 21) 4 2 0 0 #timing (1145 1189) ps polarity 0
net 463: (13 21)->(13 21) 1 0 0 1 #timing (1407 1333) ps  polarity 1
net 463: (13 21)->(12 21) 0 2 0 1 #timing (1455 1522) ps  polarity 0
net 463: (13 21)->(13 17) 3 1 0 1 #timing (1685 1511) ps  polarity 0
net 463: (13 17)->(13 19) 1 1 0 1 #timing (1818 1640) ps  polarity 1
net 463: (13 19)->(12 19) 0 2 0 1 #timing (1784 1968) ps  polarity 0
net 467: (24 4)->(24 4) 0 0 0 0 #timing (671 671) ps polarity 1
net 467: (24 4)->(26 6) 1 3 0 0 #timing (820 800) ps polarity 0
net 467: (26 6)->(26 2) 3 1 0 0 #timing (1118 1113) ps polarity 0
net 467: (26 2)->(22 2) 4 5 0 0 #timing (1480 1419) ps polarity 0
net 467: (22 2)->(22 2) 1 0 0 1 #timing (1621 1658) ps  polarity 1
net 467: (22 2)->(23 3) 0 3 0 1 #timing (1772 1730) ps  polarity 0
net 468: (25 6)->(24 7) 0 3 0 0 #timing (733 733) ps polarity 1
net 468: (24 7)->(24 7) 1 0 0 0 #timing (824 825) ps polarity 0
net 468: (24 7)->(24 3) 3 1 0 0 #timing (1162 1085) ps polarity 0
net 468: (24 3)->(20 3) 4 5 0 0 #timing (1547 1403) ps polarity 0
net 468: (20 3)->(22 3) 1 2 0 1 #timing (1631 1741) ps  polarity 1
net 468: (22 3)->(23 3) 0 2 0 1 #timing (1870 1781) ps  polarity 0
net 469: (11 9)->(11 9) 0 0 0 0 #timing (178 178) ps polarity 0
net 469: (11 9)->(11 9) 1 0 0 0 #timing (251 257) ps polarity 1
net 469: (11 9)->(11 9) 5 0 0 0 #timing (359 369) ps polarity 0
net 469: (11 9)->(27 9) 13 2 0 0 #timing (999 867) ps polarity 1
net 469: (27 9)->(27 1) 5 1 0 1 #timing (1443 1297) ps  polarity 0
net 469: (27 1)->(23 1) 4 5 0 1 #timing (1856 1629) ps  polarity 0
net 469: (23 1)->(23 1) 1 0 0 1 #timing (2047 1794) ps  polarity 1
net 469: (23 1)->(22 1) 0 2 0 1 #timing (1942 2175) ps  polarity 0
net 469: (11 9)->(11 8) 0 1 0 0 #timing (190 190) ps polarity 0
net 469: (11 8)->(11 8) 1 0 0 0 #timing (272 270) ps polarity 1
net 469: (11 8)->(11 8) 1 0 0 1 #timing (477 442) ps  polarity 0
net 469: (11 8)->(10 9) 0 3 0 1 #timing (587 601) ps  polarity 1
net 469: (11 8)->(9 10) 1 3 0 0 #timing (361 326) ps polarity 1
net 469: (9 10)->(5 10) 4 5 0 0 #timing (673 705) ps polarity 1
net 469: (5 10)->(5 10) 5 0 0 0 #timing (819 866) ps polarity 0
net 469: (5 10)->(21 10) 13 2 0 0 #timing (1560 1376) ps polarity 1
net 469: (21 10)->(21 2) 5 1 0 1 #timing (2019 1815) ps  polarity 0
net 469: (21 2)->(21 2) 1 0 0 1 #timing (2019 2188) ps  polarity 1
net 469: (21 2)->(20 2) 0 2 0 1 #timing (2309 2132) ps  polarity 0
net 470: (28 6)->(28 6) 0 0 0 0 #timing (191 191) ps polarity 0
net 470: (28 6)->(30 4) 1 3 0 0 #timing (366 329) ps polarity 1
net 470: (30 4)->(30 8) 3 4 0 0 #timing (690 689) ps polarity 1
net 470: (30 8)->(26 8) 4 2 0 0 #timing (1039 986) ps polarity 1
net 470: (26 8)->(26 10) 1 1 0 1 #timing (1237 1252) ps  polarity 0
net 470: (26 10)->(27 11) 0 3 0 1 #timing (1381 1375) ps  polarity 1
net 474: (17 20)->(17 21) 0 1 0 0 #timing (192 192) ps polarity 1
net 474: (17 21)->(19 23) 1 3 0 0 #timing (347 324) ps polarity 0
net 474: (19 23)->(19 23) 1 0 1 1 #timing (585 542) ps  polarity 1
net 474: (19 23)->(18 23) 0 2 0 1 #timing (675 704) ps  polarity 0
net 475: (15 6)->(14 6) 0 2 0 0 #timing (665 665) ps polarity 1
net 475: (14 6)->(14 4) 1 1 0 0 #timing (788 774) ps polarity 0
net 475: (14 4)->(14 8) 3 4 0 0 #timing (1091 1053) ps polarity 0
net 475: (14 8)->(18 8) 4 5 0 0 #timing (1384 1325) ps polarity 0
net 475: (18 8)->(18 8) 1 0 1 1 #timing (1526 1557) ps  polarity 1
net 475: (18 8)->(18 8) 0 0 0 1 #timing (1660 1627) ps  polarity 0
net 475: (14 4)->(14 4) 5 0 0 0 #timing (882 926) ps polarity 1
net 475: (14 4)->(14 12) 5 1 0 1 #timing (1202 1256) ps  polarity 0
net 475: (14 12)->(14 16) 3 4 0 1 #timing (1682 1530) ps  polarity 0
net 475: (14 16)->(12 16) 1 2 0 1 #timing (1834 1668) ps  polarity 1
net 475: (12 16)->(13 16) 0 2 0 1 #timing (1800 1977) ps  polarity 0
net 476: (16 9)->(16 8) 0 1 0 0 #timing (198 198) ps polarity 0
net 476: (16 8)->(18 8) 1 2 0 0 #timing (338 317) ps polarity 1
net 476: (18 8)->(18 12) 3 1 0 0 #timing (620 607) ps polarity 1
net 476: (18 12)->(18 12) 5 0 1 0 #timing (743 745) ps polarity 0
net 476: (18 12)->(3 12) 13 2 1 0 #timing (1329 1222) ps polarity 1
net 476: (3 12)->(11 12) 5 2 0 1 #timing (1820 1688) ps  polarity 0
net 476: (11 12)->(15 12) 4 2 0 1 #timing (2064 1917) ps  polarity 0
net 476: (15 12)->(15 16) 3 4 0 1 #timing (2340 2138) ps  polarity 0
net 476: (15 16)->(13 16) 1 2 0 1 #timing (2478 2268) ps  polarity 1
net 476: (13 16)->(13 16) 0 0 0 1 #timing (2435 2651) ps  polarity 0
net 476: (16 9)->(17 9) 0 2 0 0 #timing (203 203) ps polarity 0
net 476: (17 9)->(17 11) 1 1 0 0 #timing (316 311) ps polarity 1
net 476: (17 11)->(17 15) 3 1 0 0 #timing (595 571) ps polarity 1
net 476: (17 15)->(21 15) 4 2 0 0 #timing (914 855) ps polarity 1
net 476: (21 15)->(21 15) 5 0 1 0 #timing (1037 993) ps polarity 0
net 476: (21 15)->(4 15) 13 2 1 0 #timing (1677 1589) ps polarity 1
net 476: (4 15)->(12 15) 5 2 0 1 #timing (2181 2061) ps  polarity 0
net 476: (12 15)->(12 15) 1 0 0 1 #timing (2266 2351) ps  polarity 1
net 476: (12 15)->(12 15) 0 0 0 1 #timing (2465 2376) ps  polarity 0
net 476: (12 15)->(13 15) 0 2 0 1 #timing (2462 2373) ps  polarity 0
net 477: (2 6)->(3 7) 0 3 0 0 #timing (201 201) ps polarity 0
net 477: (3 7)->(3 7) 1 0 0 0 #timing (290 293) ps polarity 1
net 477: (3 7)->(3 7) 5 0 0 0 #timing (394 407) ps polarity 0
net 477: (3 7)->(11 7) 5 2 0 1 #timing (791 789) ps  polarity 1
net 477: (11 7)->(15 7) 4 2 0 1 #timing (1054 1029) ps  polarity 1
net 477: (15 7)->(15 11) 3 4 0 1 #timing (1335 1251) ps  polarity 1
net 477: (15 11)->(13 9) 1 3 0 1 #timing (1513 1409) ps  polarity 0
net 477: (13 9)->(13 8) 0 1 0 1 #timing (1552 1679) ps  polarity 1
net 478: (6 27)->(7 27) 0 2 0 0 #timing (207 207) ps polarity 0
net 478: (7 27)->(5 25) 1 3 0 0 #timing (379 342) ps polarity 1
net 478: (5 25)->(9 25) 4 5 0 0 #timing (714 723) ps polarity 1
net 478: (9 25)->(13 25) 4 2 0 1 #timing (1000 975) ps  polarity 1
net 478: (13 25)->(13 21) 3 4 0 1 #timing (1394 1282) ps  polarity 1
net 478: (13 21)->(15 23) 1 3 0 1 #timing (1576 1440) ps  polarity 0
net 478: (15 23)->(15 22) 0 1 0 1 #timing (1576 1734) ps  polarity 1
net 479: (8 14)->(8 15) 0 1 0 0 #timing (189 189) ps polarity 1
net 479: (8 15)->(10 13) 1 3 0 0 #timing (359 323) ps polarity 0
net 479: (10 13)->(10 9) 3 1 0 0 #timing (648 650) ps polarity 0
net 479: (10 9)->(6 9) 4 5 0 0 #timing (989 940) ps polarity 0
net 479: (6 9)->(4 9) 1 2 0 1 #timing (1167 1185) ps  polarity 1
net 479: (4 9)->(4 9) 0 0 0 1 #timing (1305 1302) ps  polarity 0
net 479: (10 13)->(10 13) 5 0 0 0 #timing (442 520) ps polarity 1
net 479: (10 13)->(10 5) 5 1 0 1 #timing (801 878) ps  polarity 0
net 479: (10 5)->(10 5) 1 0 0 1 #timing (1081 971) ps  polarity 1
net 479: (10 5)->(10 5) 0 0 0 1 #timing (1102 1200) ps  polarity 0
net 480: (22 1)->(23 0) 0 3 0 0 #timing (762 762) ps polarity 1
net 480: (23 0)->(21 0) 1 2 0 0 #timing (912 895) ps polarity 0
net 480: (21 0)->(21 2) 1 1 0 1 #timing (1172 1117) ps  polarity 1
net 480: (21 2)->(20 3) 0 3 0 1 #timing (1270 1322) ps  polarity 0
net 482: (21 10)->(20 10) 0 2 0 0 #timing (643 643) ps polarity 1
net 482: (20 10)->(22 10) 1 2 0 0 #timing (764 755) ps polarity 0
net 482: (22 10)->(26 10) 4 5 0 0 #timing (1124 1107) ps polarity 0
net 482: (26 10)->(26 10) 5 0 0 0 #timing (1252 1250) ps polarity 1
net 482: (26 10)->(10 10) 13 2 0 0 #timing (1884 1765) ps polarity 0
net 482: (10 10)->(10 10) 5 0 0 1 #timing (2128 2020) ps  polarity 0
net 482: (10 10)->(10 10) 1 0 0 1 #timing (2269 2159) ps  polarity 0
net 482: (10 10)->(11 10) 0 2 0 1 #timing (2280 2381) ps  polarity 1
net 482: (26 10)->(11 10) 13 2 1 0 #timing (1871 1756) ps polarity 0
net 482: (11 10)->(11 26) 13 1 0 0 #timing (2397 2421) ps polarity 1
net 482: (11 26)->(11 18) 5 1 0 1 #timing (2848 2854) ps  polarity 0
net 482: (11 18)->(11 16) 1 1 0 1 #timing (3104 3050) ps  polarity 1
net 482: (11 16)->(11 17) 0 1 0 1 #timing (3196 3253) ps  polarity 0
net 482: (21 10)->(20 11) 0 3 0 0 #timing (653 653) ps polarity 1
net 482: (20 11)->(20 11) 1 0 0 0 #timing (740 740) ps polarity 0
net 482: (20 11)->(20 11) 5 0 0 0 #timing (842 859) ps polarity 1
net 482: (20 11)->(20 26) 13 1 1 0 #timing (1441 1312) ps polarity 0
net 482: (20 26)->(20 26) 5 0 0 1 #timing (1693 1579) ps  polarity 0
net 482: (20 26)->(20 26) 1 0 0 1 #timing (1837 1719) ps  polarity 0
net 482: (20 26)->(21 27) 0 3 0 1 #timing (1834 1946) ps  polarity 1
net 482: (20 26)->(20 24) 1 1 0 1 #timing (1895 1758) ps  polarity 0
net 482: (20 24)->(20 25) 0 1 0 1 #timing (1889 2035) ps  polarity 1
net 482: (20 26)->(22 24) 1 3 0 1 #timing (1922 1775) ps  polarity 0
net 482: (22 24)->(22 24) 0 0 0 1 #timing (1907 2083) ps  polarity 1
net 482: (20 26)->(20 22) 3 4 0 1 #timing (2069 1873) ps  polarity 1
net 482: (20 22)->(22 22) 1 2 0 1 #timing (2215 2009) ps  polarity 0
net 482: (22 22)->(23 23) 0 3 0 1 #timing (2169 2383) ps  polarity 1
net 482: (20 26)->(16 26) 4 2 0 1 #timing (2013 1858) ps  polarity 1
net 482: (16 26)->(16 26) 1 0 1 1 #timing (2199 2021) ps  polarity 0
net 482: (16 26)->(17 27) 0 3 0 1 #timing (2138 2308) ps  polarity 1
net 482: (16 26)->(16 24) 1 1 0 1 #timing (2257 2061) ps  polarity 0
net 482: (16 24)->(16 25) 0 1 0 1 #timing (2194 2399) ps  polarity 1
net 483: (6 2)->(6 2) 0 0 0 0 #timing (196 196) ps polarity 1
net 483: (6 2)->(4 0) 1 3 0 0 #timing (371 337) ps polarity 0
net 483: (4 0)->(4 4) 3 1 0 1 #timing (815 693) ps  polarity 0
net 483: (4 4)->(6 6) 1 3 0 1 #timing (994 851) ps  polarity 1
net 483: (6 6)->(7 6) 0 2 0 1 #timing (1006 1177) ps  polarity 0
net 483: (4 0)->(8 0) 4 5 0 0 #timing (788 787) ps polarity 0
net 483: (8 0)->(8 2) 1 1 0 1 #timing (1036 994) ps  polarity 1
net 483: (8 2)->(9 3) 0 3 0 1 #timing (1142 1182) ps  polarity 0
net 485: (16 12)->(16 13) 0 1 0 0 #timing (199 199) ps polarity 0
net 485: (16 13)->(18 15) 1 3 0 0 #timing (351 327) ps polarity 1
net 485: (18 15)->(22 15) 4 2 0 0 #timing (611 660) ps polarity 1
net 485: (22 15)->(26 15) 4 5 0 1 #timing (903 917) ps  polarity 1
net 485: (26 15)->(26 19) 3 4 0 1 #timing (1209 1159) ps  polarity 1
net 485: (26 19)->(24 17) 1 3 0 1 #timing (1355 1294) ps  polarity 0
net 485: (24 17)->(24 16) 0 1 0 1 #timing (1449 1509) ps  polarity 1
net 485: (24 17)->(25 16) 0 3 0 1 #timing (1421 1494) ps  polarity 1
net 486: (13 17)->(13 17) 0 0 0 0 #timing (182 182) ps polarity 1
net 486: (13 17)->(15 19) 1 3 0 0 #timing (340 313) ps polarity 0
net 486: (15 19)->(19 19) 4 5 0 0 #timing (652 668) ps polarity 0
net 486: (19 19)->(19 19) 5 0 1 0 #timing (773 806) ps polarity 1
net 486: (19 19)->(27 19) 5 2 0 1 #timing (1157 1174) ps  polarity 0
net 486: (27 19)->(25 17) 1 3 0 1 #timing (1465 1385) ps  polarity 1
net 486: (25 17)->(25 16) 0 1 0 1 #timing (1546 1653) ps  polarity 0
net 486: (25 17)->(24 16) 0 3 0 1 #timing (1560 1662) ps  polarity 0
net 487: (25 7)->(25 7) 0 0 0 0 #timing (637 637) ps polarity 1
net 487: (25 7)->(25 7) 1 0 0 0 #timing (720 724) ps polarity 0
net 487: (25 7)->(21 7) 4 5 0 0 #timing (1009 967) ps polarity 0
net 487: (21 7)->(17 7) 4 2 0 1 #timing (1338 1253) ps  polarity 0
net 487: (17 7)->(19 5) 1 3 0 1 #timing (1605 1470) ps  polarity 1
net 487: (19 5)->(19 5) 0 0 0 1 #timing (1603 1763) ps  polarity 0
net 488: (22 12)->(22 12) 0 0 0 0 #timing (706 706) ps polarity 1
net 488: (22 12)->(20 14) 1 3 0 0 #timing (864 839) ps polarity 0
net 488: (20 14)->(20 10) 3 1 0 0 #timing (1128 1149) ps polarity 0
net 488: (20 10)->(16 10) 4 2 0 0 #timing (1434 1418) ps polarity 0
net 488: (16 10)->(16 6) 3 4 0 1 #timing (1844 1762) ps  polarity 0
net 488: (16 6)->(18 4) 1 3 0 1 #timing (2020 1916) ps  polarity 1
net 488: (18 4)->(19 5) 0 3 0 1 #timing (2059 2184) ps  polarity 0
net 489: (20 4)->(21 4) 0 2 0 0 #timing (201 201) ps polarity 0
net 489: (21 4)->(23 6) 1 3 0 0 #timing (361 332) ps polarity 1
net 489: (23 6)->(23 2) 3 1 0 1 #timing (940 794) ps  polarity 1
net 489: (23 2)->(21 2) 1 2 0 1 #timing (1080 930) ps  polarity 0
net 489: (21 2)->(21 3) 0 1 0 1 #timing (1048 1208) ps  polarity 1
net 489: (23 6)->(19 6) 4 2 0 0 #timing (600 650) ps polarity 1
net 489: (19 6)->(19 6) 1 0 1 1 #timing (866 789) ps  polarity 0
net 489: (19 6)->(19 6) 0 0 0 1 #timing (896 970) ps  polarity 1
net 490: (18 3)->(18 2) 0 1 0 0 #timing (198 198) ps polarity 0
net 490: (18 2)->(18 2) 1 0 0 0 #timing (283 281) ps polarity 1
net 490: (18 2)->(18 6) 3 1 0 1 #timing (678 584) ps  polarity 1
net 490: (18 6)->(18 6) 1 0 1 1 #timing (773 684) ps  polarity 0
net 490: (18 6)->(18 6) 0 0 0 1 #timing (812 889) ps  polarity 1
net 490: (18 2)->(22 2) 4 2 0 0 #timing (551 528) ps polarity 1
net 490: (22 2)->(22 6) 3 1 0 1 #timing (961 883) ps  polarity 1
net 490: (22 6)->(22 4) 1 1 0 1 #timing (1114 1025) ps  polarity 0
net 490: (22 4)->(22 4) 0 0 0 1 #timing (1179 1263) ps  polarity 1
net 490: (22 4)->(22 5) 0 1 0 1 #timing (1224 1281) ps  polarity 1
net 490: (22 4)->(23 4) 0 2 0 1 #timing (1147 1246) ps  polarity 1
net 490: (22 4)->(23 5) 0 3 0 1 #timing (1171 1257) ps  polarity 1
net 490: (18 3)->(19 2) 0 3 0 0 #timing (209 209) ps polarity 0
net 490: (19 2)->(19 2) 1 0 0 0 #timing (297 297) ps polarity 1
net 490: (19 2)->(23 2) 4 2 0 1 #timing (660 616) ps  polarity 1
net 490: (23 2)->(23 2) 1 0 1 1 #timing (850 782) ps  polarity 0
net 490: (23 2)->(23 2) 0 0 0 1 #timing (877 947) ps  polarity 1
net 490: (23 2)->(23 3) 0 1 0 1 #timing (893 956) ps  polarity 1
net 490: (23 2)->(22 3) 0 3 0 1 #timing (866 939) ps  polarity 1
net 491: (24 23)->(25 23) 0 2 0 0 #timing (201 201) ps polarity 1
net 491: (25 23)->(27 21) 1 3 0 0 #timing (385 350) ps polarity 0
net 491: (27 21)->(27 25) 3 4 0 0 #timing (694 699) ps polarity 0
net 491: (27 25)->(27 29) 3 1 0 1 #timing (1136 1022) ps  polarity 0
net 491: (27 29)->(27 31) 1 1 0 1 #timing (1275 1155) ps  polarity 1
net 491: (27 31)->(26 30) 0 3 0 1 #timing (1286 1413) ps  polarity 0
net 494: (14 16)->(15 17) 0 3 0 0 #timing (667 667) ps polarity 1
net 494: (15 17)->(15 17) 1 0 0 0 #timing (755 755) ps polarity 0
net 494: (15 17)->(15 17) 1 0 1 1 #timing (958 926) ps  polarity 1
net 494: (15 17)->(15 17) 0 0 0 1 #timing (1051 1074) ps  polarity 0
net 495: (14 17)->(15 16) 0 3 0 0 #timing (174 174) ps polarity 1
net 495: (15 16)->(13 18) 1 3 0 0 #timing (334 306) ps polarity 0
net 495: (13 18)->(15 16) 1 3 0 1 #timing (668 588) ps  polarity 1
net 495: (15 16)->(15 17) 0 1 0 1 #timing (753 853) ps  polarity 0
net 496: (6 18)->(6 18) 0 0 0 0 #timing (706 706) ps polarity 1
net 496: (6 18)->(6 16) 1 1 0 0 #timing (839 826) ps polarity 0
net 496: (6 16)->(6 16) 1 0 1 1 #timing (1060 1020) ps  polarity 1
net 496: (6 16)->(6 17) 0 1 0 1 #timing (1148 1176) ps  polarity 0
net 496: (6 16)->(6 20) 3 1 0 0 #timing (1203 1143) ps polarity 0
net 496: (6 20)->(6 24) 3 4 0 1 #timing (1672 1492) ps  polarity 0
net 496: (6 24)->(4 26) 1 3 0 1 #timing (1873 1664) ps  polarity 1
net 496: (4 26)->(5 27) 0 3 0 1 #timing (1836 2051) ps  polarity 0
net 496: (6 20)->(10 20) 4 5 0 0 #timing (1516 1429) ps polarity 0
net 496: (10 20)->(14 20) 4 2 0 1 #timing (1814 1693) ps  polarity 0
net 496: (14 20)->(14 16) 3 1 0 1 #timing (2108 1926) ps  polarity 0
net 496: (14 16)->(14 16) 1 0 1 1 #timing (2200 2025) ps  polarity 1
net 496: (14 16)->(15 17) 0 3 0 1 #timing (2166 2323) ps  polarity 0
net 499: (22 9)->(22 9) 0 0 0 0 #timing (797 797) ps polarity 1
net 499: (22 9)->(20 11) 1 3 0 0 #timing (963 932) ps polarity 0
net 499: (20 11)->(20 7) 3 4 0 0 #timing (1252 1267) ps polarity 0
net 499: (20 7)->(20 7) 5 0 1 0 #timing (1382 1409) ps polarity 1
net 499: (20 7)->(20 22) 13 1 1 0 #timing (2023 1875) ps polarity 0
net 499: (20 22)->(20 22) 5 0 1 1 #timing (2243 2107) ps  polarity 0
net 499: (20 22)->(20 20) 1 1 0 1 #timing (2449 2289) ps  polarity 0
net 499: (20 20)->(20 20) 0 0 0 1 #timing (2428 2597) ps  polarity 1
net 499: (20 22)->(20 18) 3 1 0 1 #timing (2639 2413) ps  polarity 1
net 499: (20 18)->(20 18) 1 0 1 1 #timing (2732 2512) ps  polarity 0
net 499: (20 18)->(20 19) 0 1 0 1 #timing (2673 2864) ps  polarity 1
net 499: (20 18)->(22 18) 1 2 0 1 #timing (2782 2546) ps  polarity 0
net 499: (22 18)->(22 18) 0 0 0 1 #timing (2694 2947) ps  polarity 1
net 499: (20 18)->(22 16) 1 3 0 1 #timing (2810 2565) ps  polarity 0
net 499: (22 16)->(22 16) 0 0 0 1 #timing (2730 3004) ps  polarity 1
net 499: (20 22)->(16 22) 4 2 0 1 #timing (2556 2379) ps  polarity 1
net 499: (16 22)->(16 20) 1 1 0 1 #timing (2809 2586) ps  polarity 0
net 499: (16 20)->(16 20) 0 0 0 1 #timing (2727 2961) ps  polarity 1
net 499: (16 22)->(16 18) 3 1 0 1 #timing (2885 2633) ps  polarity 1
net 499: (16 18)->(16 18) 1 0 0 1 #timing (2979 2735) ps  polarity 0
net 499: (16 18)->(16 19) 0 1 0 1 #timing (2901 3111) ps  polarity 1
net 499: (20 11)->(16 11) 4 2 0 1 #timing (1387 1297) ps  polarity 0
net 499: (16 11)->(18 11) 1 2 0 1 #timing (1626 1497) ps  polarity 1
net 499: (18 11)->(18 11) 0 0 0 1 #timing (1641 1779) ps  polarity 0
net 500: (15 15)->(15 15) 0 0 0 0 #timing (686 686) ps polarity 1
net 500: (15 15)->(15 15) 1 0 0 0 #timing (759 765) ps polarity 0
net 500: (15 15)->(15 11) 3 1 0 0 #timing (1042 985) ps polarity 0
net 500: (15 11)->(15 11) 5 0 1 0 #timing (1168 1124) ps polarity 1
net 500: (15 11)->(15 3) 5 1 0 1 #timing (1509 1474) ps  polarity 0
net 500: (15 3)->(13 3) 1 2 0 1 #timing (1722 1709) ps  polarity 1
net 500: (13 3)->(12 3) 0 2 0 1 #timing (1846 1873) ps  polarity 0
net 500: (15 15)->(14 15) 0 2 0 0 #timing (692 692) ps polarity 1
net 500: (14 15)->(14 13) 1 1 0 0 #timing (806 800) ps polarity 0
net 500: (14 13)->(14 9) 3 1 0 0 #timing (1092 1059) ps polarity 0
net 500: (14 9)->(14 9) 1 0 1 1 #timing (1303 1236) ps  polarity 1
net 500: (14 9)->(14 9) 0 0 0 1 #timing (1351 1413) ps  polarity 0
net 500: (15 15)->(14 14) 0 3 0 0 #timing (702 703) ps polarity 1
net 500: (14 14)->(12 14) 1 2 0 0 #timing (848 829) ps polarity 0
net 500: (12 14)->(12 14) 5 0 0 0 #timing (945 1000) ps polarity 1
net 500: (12 14)->(12 6) 5 1 0 1 #timing (1288 1348) ps  polarity 0
net 500: (12 6)->(8 6) 4 2 0 1 #timing (1517 1563) ps  polarity 0
net 500: (8 6)->(8 6) 1 0 1 1 #timing (1705 1728) ps  polarity 1
net 500: (8 6)->(8 7) 0 1 0 1 #timing (1915 1845) ps  polarity 0
net 501: (14 15)->(14 15) 0 0 0 0 #timing (726 726) ps polarity 1
net 501: (14 15)->(12 15) 1 2 0 0 #timing (856 842) ps polarity 0
net 501: (12 15)->(12 15) 5 0 1 0 #timing (963 1016) ps polarity 1
net 501: (12 15)->(12 7) 5 1 0 1 #timing (1329 1380) ps  polarity 0
net 501: (12 7)->(12 3) 3 1 0 1 #timing (1819 1660) ps  polarity 0
net 501: (12 3)->(12 3) 1 0 1 1 #timing (1914 1760) ps  polarity 1
net 501: (12 3)->(12 3) 0 0 0 1 #timing (1874 2023) ps  polarity 0
net 501: (12 7)->(8 7) 4 2 0 1 #timing (1553 1589) ps  polarity 0
net 501: (8 7)->(8 7) 1 0 1 1 #timing (1739 1753) ps  polarity 1
net 501: (8 7)->(9 7) 0 2 0 1 #timing (1872 1851) ps  polarity 0
net 501: (14 15)->(14 14) 0 1 0 0 #timing (736 736) ps polarity 1
net 501: (14 14)->(14 12) 1 1 0 0 #timing (863 847) ps polarity 0
net 501: (14 12)->(14 8) 3 1 0 0 #timing (1124 1104) ps polarity 0
net 501: (14 8)->(14 8) 1 0 0 1 #timing (1335 1281) ps  polarity 1
net 501: (14 8)->(14 9) 0 1 0 1 #timing (1400 1446) ps  polarity 0
net 502: (14 13)->(14 12) 0 1 0 0 #timing (701 700) ps polarity 1
net 502: (14 12)->(12 12) 1 2 0 0 #timing (850 833) ps polarity 0
net 502: (12 12)->(12 8) 3 1 0 0 #timing (1112 1112) ps polarity 0
net 502: (12 8)->(8 8) 4 2 0 0 #timing (1366 1353) ps polarity 0
net 502: (8 8)->(8 8) 1 0 1 1 #timing (1559 1547) ps  polarity 1
net 502: (8 8)->(8 8) 0 0 0 1 #timing (1650 1662) ps  polarity 0
net 502: (8 8)->(9 9) 0 3 0 1 #timing (1662 1668) ps  polarity 0
net 502: (14 13)->(15 13) 0 2 0 0 #timing (688 688) ps polarity 1
net 502: (15 13)->(15 13) 1 0 0 0 #timing (767 763) ps polarity 0
net 502: (15 13)->(15 17) 3 4 0 0 #timing (1038 996) ps polarity 0
net 502: (15 17)->(15 17) 5 0 0 0 #timing (1163 1133) ps polarity 1
net 502: (15 17)->(15 0) 13 1 1 0 #timing (1812 1710) ps polarity 0
net 502: (15 0)->(15 8) 5 1 0 1 #timing (2259 2140) ps  polarity 1
net 502: (15 8)->(15 8) 1 0 1 1 #timing (2347 2430) ps  polarity 0
net 502: (15 8)->(14 9) 0 3 0 1 #timing (2572 2469) ps  polarity 1
net 502: (14 13)->(15 12) 0 3 0 0 #timing (705 705) ps polarity 1
net 502: (15 12)->(13 12) 1 2 0 0 #timing (856 833) ps polarity 0
net 502: (13 12)->(13 8) 3 1 0 0 #timing (1154 1144) ps polarity 0
net 502: (13 8)->(13 8) 5 0 0 0 #timing (1277 1279) ps polarity 1
net 502: (13 8)->(13 0) 5 1 0 1 #timing (1619 1625) ps  polarity 0
net 502: (13 0)->(13 2) 1 1 0 1 #timing (1872 1819) ps  polarity 1
net 502: (13 2)->(12 3) 0 3 0 1 #timing (1970 2020) ps  polarity 0
net 503: (8 12)->(8 13) 0 1 0 0 #timing (696 696) ps polarity 1
net 503: (8 13)->(10 15) 1 3 0 0 #timing (849 831) ps polarity 0
net 503: (10 15)->(10 11) 3 1 0 1 #timing (1367 1234) ps  polarity 0
net 503: (10 11)->(8 11) 1 2 0 1 #timing (1477 1345) ps  polarity 1
net 503: (8 11)->(8 11) 0 0 0 1 #timing (1481 1608) ps  polarity 0
net 503: (10 11)->(8 9) 1 3 0 1 #timing (1523 1377) ps  polarity 1
net 503: (8 9)->(8 8) 0 1 0 1 #timing (1499 1659) ps  polarity 0
net 503: (8 9)->(9 9) 0 2 0 1 #timing (1524 1673) ps  polarity 0
net 503: (8 12)->(9 12) 0 2 0 0 #timing (708 708) ps polarity 1
net 503: (9 12)->(9 14) 1 1 0 0 #timing (824 817) ps polarity 0
net 503: (9 14)->(9 18) 3 4 0 0 #timing (1218 1162) ps polarity 0
net 503: (9 18)->(9 22) 3 1 0 1 #timing (1701 1525) ps  polarity 0
net 503: (9 22)->(9 22) 1 0 0 1 #timing (1826 1650) ps  polarity 1
net 503: (9 22)->(8 22) 0 2 0 1 #timing (1723 1908) ps  polarity 0
net 504: (8 9)->(9 9) 0 2 0 0 #timing (800 800) ps polarity 1
net 504: (9 9)->(11 11) 1 3 0 0 #timing (939 923) ps polarity 0
net 504: (11 11)->(9 9) 1 3 0 1 #timing (1293 1226) ps  polarity 1
net 504: (9 9)->(9 9) 0 0 0 1 #timing (1379 1471) ps  polarity 0
net 504: (8 9)->(9 8) 0 3 0 0 #timing (695 695) ps polarity 1
net 504: (9 8)->(9 8) 1 0 0 0 #timing (791 790) ps polarity 0
net 504: (9 8)->(9 8) 1 0 0 1 #timing (998 963) ps  polarity 1
net 504: (9 8)->(8 9) 0 3 0 1 #timing (1047 1087) ps  polarity 0
net 504: (9 8)->(9 4) 3 4 0 0 #timing (1073 1033) ps polarity 0
net 504: (9 4)->(9 4) 5 0 0 0 #timing (1201 1177) ps polarity 1
net 504: (9 4)->(9 21) 13 1 1 0 #timing (1907 1785) ps polarity 0
net 504: (9 21)->(9 21) 5 0 0 1 #timing (2202 2091) ps  polarity 0
net 504: (9 21)->(9 23) 1 1 0 1 #timing (2386 2263) ps  polarity 0
net 504: (9 23)->(9 22) 0 1 0 1 #timing (2380 2516) ps  polarity 1
net 505: (14 3)->(14 3) 0 0 0 0 #timing (726 726) ps polarity 1
net 505: (14 3)->(14 3) 1 0 0 0 #timing (798 804) ps polarity 0
net 505: (14 3)->(14 3) 1 0 0 1 #timing (1003 975) ps  polarity 1
net 505: (14 3)->(14 3) 0 0 0 1 #timing (1088 1112) ps  polarity 0
net 505: (14 3)->(14 7) 3 1 0 0 #timing (1094 1030) ps polarity 0
net 505: (14 7)->(14 7) 5 0 0 0 #timing (1217 1168) ps polarity 1
net 505: (14 7)->(14 22) 13 1 1 0 #timing (1713 1661) ps polarity 0
net 505: (14 22)->(14 22) 5 0 1 1 #timing (1933 1894) ps  polarity 0
net 505: (14 22)->(10 22) 4 2 0 1 #timing (2263 2179) ps  polarity 1
net 505: (10 22)->(8 22) 1 2 0 1 #timing (2508 2379) ps  polarity 0
net 505: (8 22)->(9 23) 0 3 0 1 #timing (2526 2645) ps  polarity 1
net 505: (14 3)->(14 2) 0 1 0 0 #timing (736 736) ps polarity 1
net 505: (14 2)->(12 0) 1 3 0 0 #timing (924 882) ps polarity 0
net 505: (12 0)->(16 0) 4 5 0 0 #timing (1217 1250) ps polarity 0
net 505: (16 0)->(16 0) 5 0 1 0 #timing (1348 1393) ps polarity 1
net 505: (16 0)->(1 0) 13 2 1 0 #timing (2015 1853) ps polarity 0
net 505: (1 0)->(9 8) 5 3 0 1 #timing (2832 2638) ps  polarity 0
net 505: (9 8)->(9 8) 1 0 1 1 #timing (2999 2793) ps  polarity 0
net 505: (9 8)->(9 9) 0 1 0 1 #timing (2904 3105) ps  polarity 1
net 505: (9 8)->(8 8) 0 2 0 1 #timing (2880 3092) ps  polarity 1
net 506: (14 24)->(14 25) 0 1 0 0 #timing (679 679) ps polarity 1
net 506: (14 25)->(14 25) 1 0 0 0 #timing (761 759) ps polarity 0
net 506: (14 25)->(12 25) 1 2 0 1 #timing (1022 968) ps  polarity 1
net 506: (12 25)->(12 24) 0 1 0 1 #timing (1128 1176) ps  polarity 0
net 506: (14 25)->(14 25) 5 0 0 0 #timing (861 880) ps polarity 1
net 506: (14 25)->(14 17) 5 1 0 1 #timing (1232 1250) ps  polarity 0
net 506: (14 17)->(10 17) 4 2 0 1 #timing (1508 1487) ps  polarity 0
net 506: (10 17)->(10 17) 1 0 0 1 #timing (1698 1652) ps  polarity 1
net 506: (10 17)->(10 17) 0 0 0 1 #timing (1780 1816) ps  polarity 0
net 506: (14 24)->(15 25) 0 3 0 0 #timing (675 675) ps polarity 1
net 506: (15 25)->(15 27) 1 1 0 0 #timing (801 795) ps polarity 0
net 506: (15 27)->(15 23) 3 4 0 0 #timing (1086 1064) ps polarity 0
net 506: (15 23)->(13 23) 1 2 0 1 #timing (1335 1266) ps  polarity 1
net 506: (13 23)->(13 22) 0 1 0 1 #timing (1398 1481) ps  polarity 0
net 508: (16 8)->(16 9) 0 1 0 0 #timing (183 183) ps polarity 1
net 508: (16 9)->(18 11) 1 3 0 0 #timing (346 317) ps polarity 0
net 508: (18 11)->(22 11) 4 2 0 0 #timing (619 674) ps polarity 0
net 508: (22 11)->(20 9) 1 3 0 1 #timing (970 856) ps  polarity 1
net 508: (20 9)->(21 8) 0 3 0 1 #timing (1011 1145) ps  polarity 0
net 510: (10 30)->(11 31) 0 3 0 0 #timing (201 202) ps polarity 0
net 510: (11 31)->(9 29) 1 3 0 0 #timing (377 349) ps polarity 1
net 510: (9 29)->(9 25) 3 1 0 0 #timing (691 700) ps polarity 1
net 510: (9 25)->(9 21) 3 4 0 1 #timing (1144 1064) ps  polarity 1
net 510: (9 21)->(11 23) 1 3 0 1 #timing (1364 1250) ps  polarity 0
net 510: (11 23)->(10 22) 0 3 0 1 #timing (1386 1537) ps  polarity 1
net 511: (26 16)->(26 16) 0 0 0 0 #timing (190 190) ps polarity 0
net 511: (26 16)->(26 16) 1 0 0 0 #timing (261 267) ps polarity 1
net 511: (26 16)->(26 12) 3 4 0 0 #timing (529 479) ps polarity 1
net 511: (26 12)->(26 12) 1 0 0 1 #timing (743 658) ps  polarity 0
net 511: (26 12)->(26 13) 0 1 0 1 #timing (807 870) ps  polarity 1
net 511: (26 12)->(24 12) 1 2 0 1 #timing (755 667) ps  polarity 0
net 511: (24 12)->(24 12) 0 0 0 1 #timing (799 882) ps  polarity 1
net 511: (26 12)->(30 12) 4 2 0 0 #timing (845 768) ps polarity 1
net 511: (30 12)->(28 12) 1 2 0 1 #timing (1002 1044) ps  polarity 0
net 511: (28 12)->(28 13) 0 1 0 1 #timing (1175 1143) ps  polarity 1
net 511: (26 12)->(22 12) 4 5 0 0 #timing (878 779) ps polarity 1
net 511: (22 12)->(22 12) 1 0 1 1 #timing (979 1053) ps  polarity 0
net 511: (22 12)->(22 12) 0 0 0 1 #timing (1197 1105) ps  polarity 1
net 511: (26 12)->(26 12) 5 0 1 0 #timing (658 621) ps polarity 0
net 511: (26 12)->(26 4) 5 1 0 1 #timing (966 943) ps  polarity 1
net 511: (26 4)->(24 6) 1 3 0 1 #timing (1194 1167) ps  polarity 0
net 511: (24 6)->(24 6) 0 0 0 1 #timing (1310 1348) ps  polarity 1
net 511: (24 6)->(24 7) 0 1 0 1 #timing (1279 1329) ps  polarity 1
net 511: (26 4)->(30 4) 4 2 0 1 #timing (1227 1170) ps  polarity 1
net 511: (30 4)->(30 0) 3 1 0 1 #timing (1562 1425) ps  polarity 1
net 511: (30 0)->(28 0) 1 2 0 1 #timing (1729 1574) ps  polarity 0
net 511: (28 0)->(28 1) 0 1 0 1 #timing (1710 1881) ps  polarity 1
net 511: (26 4)->(22 4) 4 5 0 1 #timing (1276 1202) ps  polarity 1
net 511: (22 4)->(22 6) 1 1 0 1 #timing (1507 1397) ps  polarity 0
net 511: (22 6)->(22 6) 0 0 0 1 #timing (1515 1639) ps  polarity 1
net 511: (22 6)->(22 7) 0 1 0 1 #timing (1536 1651) ps  polarity 1
net 511: (22 4)->(20 6) 1 3 0 1 #timing (1521 1409) ps  polarity 0
net 511: (20 6)->(20 6) 0 0 0 1 #timing (1542 1684) ps  polarity 1
net 511: (20 6)->(20 7) 0 1 0 1 #timing (1563 1697) ps  polarity 1
net 511: (26 12)->(18 12) 5 2 0 1 #timing (1064 1010) ps  polarity 1
net 511: (18 12)->(16 12) 1 2 0 1 #timing (1232 1249) ps  polarity 0
net 511: (16 12)->(16 12) 0 0 0 1 #timing (1387 1372) ps  polarity 1
net 511: (18 12)->(14 12) 4 5 0 1 #timing (1360 1265) ps  polarity 1
net 511: (14 12)->(14 12) 1 0 1 1 #timing (1544 1426) ps  polarity 0
net 511: (14 12)->(14 13) 0 1 0 1 #timing (1585 1675) ps  polarity 1
net 511: (26 12)->(18 4) 5 3 0 1 #timing (1273 1242) ps  polarity 0
net 511: (18 4)->(18 6) 1 1 0 1 #timing (1513 1454) ps  polarity 0
net 511: (18 6)->(18 7) 0 1 0 1 #timing (1561 1639) ps  polarity 1
net 511: (18 4)->(16 6) 1 3 0 1 #timing (1508 1453) ps  polarity 0
net 511: (16 6)->(16 7) 0 1 0 1 #timing (1577 1664) ps  polarity 1
net 511: (18 4)->(14 4) 4 5 0 1 #timing (1579 1586) ps  polarity 1
net 511: (14 4)->(14 6) 1 1 0 1 #timing (1811 1781) ps  polarity 0
net 511: (14 6)->(14 6) 0 0 0 1 #timing (1918 1951) ps  polarity 1
net 511: (26 12)->(10 12) 13 2 0 0 #timing (1282 1195) ps polarity 1
net 511: (10 12)->(10 12) 5 0 1 1 #timing (1537 1463) ps  polarity 1
net 511: (10 12)->(10 12) 1 0 0 1 #timing (1677 1602) ps  polarity 1
net 511: (10 12)->(10 13) 0 1 0 1 #timing (1750 1804) ps  polarity 0
net 511: (10 12)->(6 12) 4 5 0 1 #timing (1950 1801) ps  polarity 0
net 511: (6 12)->(4 12) 1 2 0 1 #timing (2164 1985) ps  polarity 1
net 511: (4 12)->(4 12) 0 0 0 1 #timing (2142 2322) ps  polarity 0
net 511: (4 12)->(4 13) 0 1 0 1 #timing (2176 2338) ps  polarity 0
net 511: (10 12)->(10 4) 5 1 0 1 #timing (1740 1644) ps  polarity 0
net 511: (10 4)->(10 6) 1 1 0 1 #timing (1909 1950) ps  polarity 1
net 511: (10 6)->(10 6) 0 0 0 1 #timing (2088 2054) ps  polarity 0
net 511: (10 6)->(10 7) 0 1 0 1 #timing (2057 2035) ps  polarity 0
net 511: (10 4)->(6 4) 4 5 0 1 #timing (2076 1916) ps  polarity 0
net 511: (6 4)->(6 6) 1 1 0 1 #timing (2313 2115) ps  polarity 1
net 511: (6 6)->(6 6) 0 0 0 1 #timing (2236 2449) ps  polarity 0
net 511: (6 4)->(4 6) 1 3 0 1 #timing (2317 2120) ps  polarity 1
net 511: (4 6)->(4 7) 0 1 0 1 #timing (2271 2489) ps  polarity 0
net 511: (10 12)->(2 4) 5 3 0 1 #timing (2000 1900) ps  polarity 1
net 511: (2 4)->(2 6) 1 1 0 1 #timing (2231 2098) ps  polarity 1
net 511: (2 6)->(2 7) 0 1 0 1 #timing (2205 2356) ps  polarity 0
net 511: (26 16)->(30 16) 4 2 0 0 #timing (554 514) ps polarity 1
net 511: (30 16)->(28 18) 1 3 0 1 #timing (773 770) ps  polarity 0
net 511: (28 18)->(28 18) 0 0 0 1 #timing (898 936) ps  polarity 1
net 511: (28 18)->(28 19) 0 1 0 1 #timing (914 948) ps  polarity 1
net 511: (26 16)->(26 16) 5 0 0 0 #timing (369 380) ps polarity 0
net 511: (26 16)->(26 24) 5 1 0 1 #timing (696 711) ps  polarity 1
net 511: (26 24)->(26 24) 1 0 0 1 #timing (918 867) ps  polarity 0
net 511: (26 24)->(26 24) 0 0 0 1 #timing (997 1036) ps  polarity 1
net 511: (26 24)->(26 25) 0 1 0 1 #timing (1017 1046) ps  polarity 1
net 511: (26 24)->(26 28) 3 1 0 1 #timing (1158 1033) ps  polarity 1
net 511: (26 28)->(26 30) 1 1 0 1 #timing (1305 1171) ps  polarity 0
net 511: (26 30)->(26 30) 0 0 0 1 #timing (1310 1451) ps  polarity 1
net 511: (26 24)->(30 24) 4 2 0 1 #timing (961 939) ps  polarity 1
net 511: (30 24)->(28 24) 1 2 0 1 #timing (1171 1119) ps  polarity 0
net 511: (28 24)->(28 24) 0 0 0 1 #timing (1227 1296) ps  polarity 1
net 511: (28 24)->(28 25) 0 1 0 1 #timing (1248 1308) ps  polarity 1
net 511: (26 16)->(18 16) 5 2 0 1 #timing (745 746) ps  polarity 1
net 511: (18 16)->(18 18) 1 1 0 1 #timing (989 945) ps  polarity 0
net 511: (18 18)->(18 18) 0 0 0 1 #timing (1081 1131) ps  polarity 1
net 511: (18 18)->(18 19) 0 1 0 1 #timing (1052 1114) ps  polarity 1
net 511: (18 16)->(14 16) 4 5 0 1 #timing (1065 1015) ps  polarity 1
net 511: (14 16)->(14 18) 1 1 0 1 #timing (1312 1218) ps  polarity 0
net 511: (14 18)->(14 18) 0 0 0 1 #timing (1356 1456) ps  polarity 1
net 511: (26 16)->(18 24) 5 3 0 1 #timing (1011 1021) ps  polarity 0
net 511: (18 24)->(18 24) 1 0 1 1 #timing (1193 1190) ps  polarity 0
net 511: (18 24)->(18 24) 0 0 0 1 #timing (1320 1311) ps  polarity 1
net 511: (18 24)->(18 25) 0 1 0 1 #timing (1338 1319) ps  polarity 1
net 511: (18 24)->(14 24) 4 5 0 1 #timing (1348 1311) ps  polarity 1
net 511: (14 24)->(14 24) 1 0 1 1 #timing (1531 1472) ps  polarity 0
net 511: (14 24)->(14 24) 0 0 0 1 #timing (1602 1648) ps  polarity 1
net 511: (14 24)->(14 25) 0 1 0 1 #timing (1618 1656) ps  polarity 1
net 511: (26 16)->(26 0) 13 1 0 0 #timing (1040 903) ps polarity 1
net 511: (26 0)->(26 0) 5 0 0 1 #timing (1297 1170) ps  polarity 1
net 511: (26 0)->(24 0) 1 2 0 1 #timing (1459 1322) ps  polarity 1
net 511: (24 0)->(24 1) 0 1 0 1 #timing (1480 1599) ps  polarity 0
net 511: (26 0)->(22 0) 4 5 0 1 #timing (1728 1520) ps  polarity 0
net 511: (22 0)->(22 0) 1 0 1 1 #timing (1927 1689) ps  polarity 1
net 511: (22 0)->(22 0) 0 0 0 1 #timing (1796 2032) ps  polarity 0
net 511: (22 0)->(22 1) 0 1 0 1 #timing (1871 2067) ps  polarity 0
net 511: (22 0)->(20 0) 1 2 0 1 #timing (1961 1717) ps  polarity 1
net 511: (20 0)->(20 1) 0 1 0 1 #timing (1911 2133) ps  polarity 0
net 511: (26 0)->(18 0) 5 2 0 1 #timing (1613 1439) ps  polarity 0
net 511: (18 0)->(18 0) 1 0 0 1 #timing (1645 1786) ps  polarity 1
net 511: (18 0)->(18 1) 0 1 0 1 #timing (1941 1777) ps  polarity 0
net 511: (18 0)->(16 0) 1 2 0 1 #timing (1669 1803) ps  polarity 1
net 511: (16 0)->(16 1) 0 1 0 1 #timing (1969 1830) ps  polarity 0
net 511: (26 0)->(10 0) 13 2 0 0 #timing (1613 1649) ps polarity 0
net 511: (10 0)->(10 0) 5 0 1 1 #timing (1850 1898) ps  polarity 0
net 511: (10 0)->(10 0) 1 0 0 1 #timing (1992 2037) ps  polarity 0
net 511: (10 0)->(10 1) 0 1 0 1 #timing (2186 2119) ps  polarity 1
net 511: (26 16)->(26 1) 13 1 1 0 #timing (965 847) ps polarity 1
net 511: (26 1)->(26 1) 5 0 0 1 #timing (1204 1102) ps  polarity 1
net 511: (26 1)->(22 1) 4 5 0 1 #timing (1600 1428) ps  polarity 0
net 511: (22 1)->(22 1) 1 0 1 1 #timing (1791 1594) ps  polarity 1
net 511: (22 1)->(23 0) 0 3 0 1 #timing (1724 1907) ps  polarity 0
net 511: (26 1)->(10 1) 13 2 0 0 #timing (1580 1588) ps polarity 0
net 511: (10 1)->(10 1) 5 0 0 1 #timing (1820 1838) ps  polarity 0
net 511: (10 1)->(8 1) 1 2 0 1 #timing (1979 1989) ps  polarity 0
net 511: (8 1)->(8 1) 0 0 0 1 #timing (2130 2111) ps  polarity 1
net 511: (8 1)->(9 0) 0 3 0 1 #timing (2124 2107) ps  polarity 1
net 511: (10 1)->(10 5) 3 1 0 1 #timing (2197 2136) ps  polarity 1
net 511: (10 5)->(8 7) 1 3 0 1 #timing (2340 2271) ps  polarity 0
net 511: (8 7)->(8 7) 0 0 0 1 #timing (2419 2498) ps  polarity 1
net 511: (26 1)->(11 1) 13 2 1 0 #timing (1489 1512) ps polarity 0
net 511: (11 1)->(11 1) 5 0 1 1 #timing (1729 1764) ps  polarity 0
net 511: (11 1)->(11 1) 1 0 0 1 #timing (1871 1903) ps  polarity 0
net 511: (11 1)->(10 0) 0 3 0 1 #timing (2035 1988) ps  polarity 1
net 511: (11 1)->(15 1) 4 2 0 1 #timing (2076 2058) ps  polarity 1
net 511: (15 1)->(15 1) 1 0 1 1 #timing (2271 2226) ps  polarity 0
net 511: (15 1)->(14 1) 0 2 0 1 #timing (2356 2389) ps  polarity 1
net 511: (11 1)->(7 1) 4 5 0 1 #timing (2209 2149) ps  polarity 1
net 511: (7 1)->(5 1) 1 2 0 1 #timing (2470 2357) ps  polarity 0
net 511: (5 1)->(4 1) 0 2 0 1 #timing (2511 2617) ps  polarity 1
net 511: (26 16)->(11 16) 13 2 1 0 #timing (1015 885) ps polarity 1
net 511: (11 16)->(11 16) 5 0 1 1 #timing (1258 1138) ps  polarity 1
net 511: (11 16)->(11 18) 1 1 0 1 #timing (1447 1310) ps  polarity 1
net 511: (11 18)->(10 19) 0 3 0 1 #timing (1486 1609) ps  polarity 0
net 511: (11 16)->(7 16) 4 5 0 1 #timing (1724 1513) ps  polarity 0
net 511: (7 16)->(7 18) 1 1 0 1 #timing (1960 1709) ps  polarity 1
net 511: (7 18)->(6 18) 0 2 0 1 #timing (1794 2071) ps  polarity 0
net 511: (7 18)->(6 19) 0 3 0 1 #timing (1831 2097) ps  polarity 0
net 511: (11 16)->(11 24) 5 1 0 1 #timing (1472 1323) ps  polarity 0
net 511: (11 24)->(11 24) 1 0 1 1 #timing (1525 1640) ps  polarity 1
net 511: (11 24)->(10 24) 0 2 0 1 #timing (1773 1644) ps  polarity 0
net 511: (11 24)->(10 25) 0 3 0 1 #timing (1785 1650) ps  polarity 0
net 511: (11 24)->(11 28) 3 1 0 1 #timing (1762 1801) ps  polarity 0
net 511: (11 28)->(11 30) 1 1 0 1 #timing (1907 1936) ps  polarity 1
net 511: (11 30)->(10 30) 0 2 0 1 #timing (2074 2050) ps  polarity 0
net 511: (11 24)->(7 24) 4 5 0 1 #timing (1882 1647) ps  polarity 0
net 511: (7 24)->(7 24) 1 0 1 1 #timing (2071 1811) ps  polarity 1
net 511: (7 24)->(6 25) 0 3 0 1 #timing (1972 2205) ps  polarity 0
net 511: (11 16)->(3 16) 5 2 0 1 #timing (1512 1354) ps  polarity 0
net 511: (3 16)->(3 18) 1 1 0 1 #timing (1601 1712) ps  polarity 1
net 511: (3 18)->(2 18) 0 2 0 1 #timing (1850 1744) ps  polarity 0
net 511: (3 18)->(2 19) 0 3 0 1 #timing (1885 1761) ps  polarity 0
net 511: (3 16)->(3 12) 3 4 0 1 #timing (1791 1843) ps  polarity 0
net 511: (3 12)->(3 12) 1 0 1 1 #timing (1890 1946) ps  polarity 1
net 511: (3 12)->(2 12) 0 2 0 1 #timing (2074 2006) ps  polarity 0
net 511: (3 12)->(2 13) 0 3 0 1 #timing (2086 2012) ps  polarity 0
net 511: (11 16)->(3 24) 5 3 0 1 #timing (1723 1578) ps  polarity 1
net 511: (3 24)->(3 24) 1 0 1 1 #timing (1909 1752) ps  polarity 1
net 511: (3 24)->(2 24) 0 2 0 1 #timing (1883 2027) ps  polarity 0
net 511: (26 16)->(26 18) 1 1 0 0 #timing (299 293) ps polarity 1
net 511: (26 18)->(26 18) 1 0 0 1 #timing (523 492) ps  polarity 0
net 511: (26 18)->(26 18) 0 0 0 1 #timing (621 639) ps 
net 511: (26 18)->(26 19) 0 1 0 1 #timing (645 652) ps  polarity 1
net 511: (26 18)->(26 18) 1 0 1 1 #timing (522 492) ps  polarity 0
net 511: (26 18)->(26 18) 0 0 0 1 #timing (621 639) ps  polarity 1
net 511: (26 18)->(26 19) 0 1 0 1 #timing (525 532) ps 
net 511: (26 16)->(26 17) 0 1 0 0 #timing (195 195) ps polarity 0
net 511: (26 17)->(26 17) 1 0 0 0 #timing (277 275) ps polarity 1
net 511: (26 17)->(26 13) 3 4 0 0 #timing (561 508) ps polarity 1
net 511: (26 13)->(26 13) 5 0 0 0 #timing (691 650) ps polarity 0
net 511: (26 13)->(18 13) 5 2 0 1 #timing (1079 1025) ps  polarity 1
net 511: (18 13)->(18 13) 1 0 1 1 #timing (1224 1246) ps  polarity 0
net 511: (18 13)->(18 12) 0 1 0 1 #timing (1391 1349) ps  polarity 1
net 511: (18 13)->(16 13) 1 2 0 1 #timing (1246 1264) ps  polarity 0
net 511: (16 13)->(16 13) 0 0 0 1 #timing (1406 1386) ps  polarity 1
net 511: (26 13)->(18 5) 5 3 0 1 #timing (1262 1227) ps  polarity 0
net 511: (18 5)->(16 7) 1 3 0 1 #timing (1486 1427) ps  polarity 0
net 511: (16 7)->(16 6) 0 1 0 1 #timing (1560 1644) ps  polarity 1
net 511: (18 5)->(14 5) 4 5 0 1 #timing (1551 1562) ps  polarity 1
net 511: (14 5)->(14 7) 1 1 0 1 #timing (1781 1757) ps  polarity 0
net 511: (14 7)->(14 7) 0 0 0 1 #timing (1897 1926) ps  polarity 1
net 511: (26 13)->(10 13) 13 2 0 0 #timing (1288 1210) ps polarity 1
net 511: (10 13)->(10 13) 5 0 0 1 #timing (1528 1459) ps  polarity 1
net 511: (10 13)->(8 13) 1 2 0 1 #timing (1686 1608) ps  polarity 1
net 511: (8 13)->(8 12) 0 1 0 1 #timing (1754 1825) ps  polarity 0
net 511: (26 17)->(26 17) 5 0 0 0 #timing (377 396) ps polarity 0
net 511: (26 17)->(26 25) 5 1 0 1 #timing (717 739) ps  polarity 1
net 511: (26 25)->(22 25) 4 5 0 1 #timing (1047 1003) ps  polarity 1
net 511: (22 25)->(22 29) 3 1 0 1 #timing (1349 1245) ps  polarity 1
net 511: (22 29)->(22 31) 1 1 0 1 #timing (1492 1382) ps  polarity 0
net 511: (22 31)->(22 30) 0 1 0 1 #timing (1496 1627) ps  polarity 1
net 511: (26 17)->(10 17) 13 2 0 0 #timing (1092 939) ps polarity 1
net 511: (10 17)->(10 25) 5 1 0 1 #timing (1552 1383) ps  polarity 0
net 511: (10 25)->(10 29) 3 1 0 1 #timing (1815 1882) ps  polarity 0
net 511: (10 29)->(8 31) 1 3 0 1 #timing (1966 2021) ps  polarity 1
net 511: (8 31)->(8 30) 0 1 0 1 #timing (2148 2110) ps  polarity 0
net 511: (10 25)->(6 25) 4 5 0 1 #timing (1894 1665) ps  polarity 0
net 511: (6 25)->(6 25) 1 0 1 1 #timing (2085 1831) ps  polarity 1
net 511: (6 25)->(6 24) 0 1 0 1 #timing (2027 2231) ps  polarity 0
net 511: (26 16)->(27 16) 0 2 0 0 #timing (201 201) ps polarity 0
net 511: (27 16)->(27 16) 1 0 0 0 #timing (277 281) ps polarity 1
net 511: (27 16)->(27 12) 3 4 0 0 #timing (540 499) ps polarity 1
net 511: (27 12)->(27 12) 5 0 0 0 #timing (666 639) ps polarity 0
net 511: (27 12)->(11 12) 13 2 0 0 #timing (1296 1189) ps polarity 1
net 511: (11 12)->(11 4) 5 1 0 1 #timing (1786 1666) ps  polarity 0
net 511: (11 4)->(9 6) 1 3 0 1 #timing (1978 2021) ps  polarity 1
net 511: (9 6)->(8 6) 0 2 0 1 #timing (2179 2160) ps  polarity 0
net 511: (27 16)->(27 18) 1 1 0 0 #timing (314 307) ps polarity 1
net 511: (27 18)->(27 14) 3 4 0 0 #timing (569 555) ps polarity 1
net 511: (27 14)->(23 14) 4 5 0 0 #timing (965 886) ps polarity 1
net 511: (23 14)->(21 12) 1 3 0 1 #timing (1187 1202) ps  polarity 0
net 511: (21 12)->(20 12) 0 2 0 1 #timing (1308 1328) ps  polarity 1
net 511: (27 14)->(27 14) 5 0 0 0 #timing (702 699) ps polarity 0
net 511: (27 14)->(27 6) 5 1 0 1 #timing (1038 1041) ps  polarity 1
net 511: (27 6)->(27 6) 1 0 0 1 #timing (1245 1207) ps  polarity 0
net 511: (27 6)->(26 6) 0 2 0 1 #timing (1338 1363) ps  polarity 1
net 511: (27 6)->(26 7) 0 3 0 1 #timing (1343 1366) ps  polarity 1
net 511: (27 14)->(19 14) 5 2 0 1 #timing (1079 1069) ps  polarity 1
net 511: (19 14)->(15 14) 4 5 0 1 #timing (1427 1340) ps  polarity 1
net 511: (15 14)->(13 12) 1 3 0 1 #timing (1702 1560) ps  polarity 0
net 511: (13 12)->(12 12) 0 2 0 1 #timing (1705 1869) ps  polarity 1
net 511: (27 14)->(19 6) 5 3 0 1 #timing (1364 1354) ps  polarity 0
net 511: (19 6)->(19 6) 1 0 0 1 #timing (1546 1525) ps  polarity 0
net 511: (19 6)->(18 6) 0 2 0 1 #timing (1658 1665) ps  polarity 1
net 511: (26 16)->(27 17) 0 3 0 0 #timing (203 203) ps polarity 0
net 511: (27 17)->(27 19) 1 1 0 0 #timing (327 316) ps polarity 1
net 511: (27 19)->(27 19) 5 0 0 0 #timing (428 473) ps polarity 0
net 511: (27 19)->(19 19) 5 2 0 1 #timing (792 831) ps  polarity 1
net 511: (19 19)->(15 19) 4 5 0 1 #timing (1109 1084) ps  polarity 1
net 511: (15 19)->(15 19) 1 0 1 1 #timing (1295 1246) ps  polarity 0
net 511: (15 19)->(14 19) 0 2 0 1 #timing (1378 1414) ps  polarity 1
net 511: (27 19)->(19 27) 5 3 0 1 #timing (1037 1088) ps  polarity 0
net 511: (19 27)->(19 31) 3 1 0 1 #timing (1434 1407) ps  polarity 1
net 511: (19 31)->(19 31) 1 0 1 1 #timing (1536 1511) ps  polarity 0
net 511: (19 31)->(18 30) 0 3 0 1 #timing (1653 1659) ps  polarity 1
net 511: (19 27)->(15 27) 4 5 0 1 #timing (1438 1345) ps  polarity 1
net 511: (15 27)->(15 31) 3 1 0 1 #timing (1724 1573) ps  polarity 1
net 511: (15 31)->(15 31) 1 0 1 1 #timing (1821 1674) ps  polarity 0
net 511: (15 31)->(14 30) 0 3 0 1 #timing (1815 1943) ps  polarity 1
net 513: (17 13)->(16 13) 0 2 0 0 #timing (712 712) ps polarity 1
net 513: (16 13)->(16 13) 1 0 0 0 #timing (791 795) ps polarity 0
net 513: (16 13)->(12 13) 4 5 0 0 #timing (1096 1046) ps polarity 0
net 513: (12 13)->(12 17) 3 4 0 1 #timing (1434 1402) ps  polarity 0
net 513: (12 17)->(12 17) 1 0 0 1 #timing (1529 1503) ps  polarity 1
net 513: (12 17)->(12 17) 0 0 0 1 #timing (1628 1645) ps  polarity 0
net 513: (16 13)->(16 15) 1 1 0 0 #timing (822 817) ps polarity 0
net 513: (16 15)->(16 19) 3 4 0 0 #timing (1124 1089) ps polarity 0
net 513: (16 19)->(16 19) 5 0 0 0 #timing (1246 1224) ps polarity 1
net 513: (16 19)->(16 27) 5 1 0 1 #timing (1573 1555) ps  polarity 0
net 513: (16 27)->(12 27) 4 5 0 1 #timing (1855 1798) ps  polarity 0
net 513: (12 27)->(12 27) 1 0 1 1 #timing (2040 1960) ps  polarity 1
net 513: (12 27)->(13 27) 0 2 0 1 #timing (2068 2145) ps  polarity 0
net 513: (12 27)->(12 25) 1 1 0 1 #timing (2088 1992) ps  polarity 1
net 513: (12 25)->(12 25) 0 0 0 1 #timing (2117 2227) ps  polarity 0
net 514: (18 9)->(18 8) 0 1 0 0 #timing (198 198) ps polarity 0
net 514: (18 8)->(16 10) 1 3 0 0 #timing (356 327) ps polarity 1
net 514: (16 10)->(18 10) 1 2 0 1 #timing (647 581) ps  polarity 0
net 514: (18 10)->(18 10) 0 0 0 1 #timing (723 802) ps  polarity 1
net 514: (16 10)->(16 14) 3 1 0 0 #timing (624 642) ps polarity 1
net 514: (16 14)->(12 14) 4 5 0 0 #timing (963 932) ps polarity 1
net 514: (12 14)->(12 14) 5 0 1 0 #timing (1090 1077) ps polarity 0
net 514: (12 14)->(29 14) 13 2 1 0 #timing (1736 1626) ps polarity 1
net 514: (29 14)->(21 14) 5 2 0 1 #timing (2251 2115) ps  polarity 0
net 514: (21 14)->(17 14) 4 2 0 1 #timing (2548 2361) ps  polarity 0
net 514: (17 14)->(17 12) 1 1 0 1 #timing (2782 2557) ps  polarity 1
net 514: (17 12)->(16 12) 0 2 0 1 #timing (2692 2931) ps  polarity 0
net 514: (16 10)->(12 10) 4 5 0 0 #timing (662 676) ps polarity 1
net 514: (12 10)->(14 8) 1 3 0 1 #timing (955 888) ps  polarity 0
net 514: (14 8)->(14 8) 0 0 0 1 #timing (1040 1129) ps  polarity 1
net 517: (14 7)->(14 7) 0 0 0 0 #timing (680 680) ps polarity 1
net 517: (14 7)->(14 7) 1 0 0 0 #timing (751 757) ps polarity 0
net 517: (14 7)->(14 11) 3 4 0 0 #timing (1049 989) ps polarity 0
net 517: (14 11)->(10 11) 4 2 0 0 #timing (1355 1259) ps polarity 0
net 517: (10 11)->(10 11) 1 0 1 1 #timing (1471 1539) ps  polarity 1
net 517: (10 11)->(11 10) 0 3 0 1 #timing (1670 1588) ps  polarity 0
net 517: (14 11)->(14 11) 5 0 1 0 #timing (1173 1128) ps polarity 1
net 517: (14 11)->(14 27) 13 1 0 0 #timing (1764 1689) ps polarity 0
net 517: (14 27)->(31 27) 13 2 1 0 #timing (2405 2370) ps polarity 1
net 517: (31 27)->(23 27) 5 2 0 1 #timing (2965 2900) ps  polarity 0
net 517: (23 27)->(23 31) 3 1 0 1 #timing (3379 3327) ps  polarity 0
net 517: (23 31)->(21 31) 1 2 0 1 #timing (3534 3476) ps  polarity 1
net 517: (21 31)->(20 30) 0 3 0 1 #timing (3622 3679) ps  polarity 0
net 517: (23 31)->(21 29) 1 3 0 1 #timing (3580 3506) ps  polarity 1
net 517: (21 29)->(20 28) 0 3 0 1 #timing (3662 3749) ps  polarity 0
net 517: (14 11)->(14 26) 13 1 1 0 #timing (1748 1678) ps polarity 0
net 517: (14 26)->(6 18) 5 3 0 1 #timing (2493 2403) ps  polarity 0
net 517: (6 18)->(10 18) 4 5 0 1 #timing (2742 2798) ps  polarity 1
net 517: (10 18)->(10 16) 1 1 0 1 #timing (2982 2998) ps  polarity 0
net 517: (10 16)->(11 17) 0 3 0 1 #timing (3127 3120) ps  polarity 1
net 517: (14 26)->(31 26) 13 2 1 0 #timing (2413 2370) ps polarity 1
net 517: (31 26)->(23 26) 5 2 0 1 #timing (2990 2914) ps  polarity 0
net 517: (23 26)->(23 26) 1 0 0 1 #timing (3111 3155) ps  polarity 1
net 517: (23 26)->(22 26) 0 2 0 1 #timing (3241 3203) ps  polarity 0
net 517: (23 26)->(23 24) 1 1 0 1 #timing (3166 3193) ps  polarity 1
net 517: (23 24)->(22 25) 0 3 0 1 #timing (3287 3282) ps  polarity 0
net 517: (23 26)->(19 26) 4 2 0 1 #timing (3238 3140) ps  polarity 0
net 517: (19 26)->(19 30) 3 1 0 1 #timing (3551 3383) ps  polarity 0
net 517: (19 30)->(17 30) 1 2 0 1 #timing (3699 3518) ps  polarity 1
net 517: (17 30)->(16 30) 0 2 0 1 #timing (3668 3861) ps  polarity 0
net 517: (19 30)->(17 28) 1 3 0 1 #timing (3721 3533) ps  polarity 1
net 517: (17 28)->(16 28) 0 2 0 1 #timing (3691 3900) ps  polarity 0
net 518: (18 6)->(18 7) 0 1 0 0 #timing (199 199) ps polarity 0
net 518: (18 7)->(18 7) 1 0 0 0 #timing (281 279) ps polarity 1
net 518: (18 7)->(18 7) 1 0 1 1 #timing (484 450) ps  polarity 0
net 518: (18 7)->(18 6) 0 1 0 1 #timing (591 607) ps  polarity 1
net 518: (18 7)->(22 7) 4 2 0 0 #timing (551 528) ps polarity 1
net 518: (22 7)->(22 7) 1 0 1 1 #timing (734 727) ps  polarity 0
net 518: (22 7)->(22 6) 0 1 0 1 #timing (920 880) ps  polarity 1
net 518: (18 6)->(19 6) 0 2 0 0 #timing (204 204) ps polarity 0
net 518: (19 6)->(19 6) 1 0 0 0 #timing (284 286) ps polarity 1
net 518: (19 6)->(19 2) 3 1 0 0 #timing (592 526) ps polarity 1
net 518: (19 2)->(23 2) 4 2 0 0 #timing (872 798) ps polarity 1
net 518: (23 2)->(23 0) 1 1 0 1 #timing (1039 1074) ps  polarity 0
net 518: (23 0)->(22 1) 0 3 0 1 #timing (1168 1154) ps  polarity 1
net 519: (18 11)->(18 11) 0 0 0 0 #timing (155 155) ps polarity 1
net 519: (18 11)->(16 9) 1 3 0 0 #timing (342 300) ps polarity 0
net 519: (16 9)->(16 13) 3 1 0 0 #timing (618 646) ps polarity 0
net 519: (16 13)->(18 15) 1 3 0 1 #timing (897 867) ps  polarity 1
net 519: (18 15)->(19 14) 0 3 0 1 #timing (1012 1068) ps  polarity 0
net 519: (16 13)->(16 17) 3 4 0 1 #timing (1039 958) ps  polarity 0
net 519: (16 17)->(16 17) 1 0 0 1 #timing (1138 1062) ps  polarity 1
net 519: (16 17)->(16 16) 0 1 0 1 #timing (1171 1243) ps  polarity 0
net 519: (16 17)->(16 19) 1 1 0 1 #timing (1175 1089) ps  polarity 1
net 519: (16 19)->(16 18) 0 1 0 1 #timing (1212 1313) ps  polarity 0
net 519: (16 13)->(20 13) 4 2 0 0 #timing (889 909) ps polarity 0
net 519: (20 13)->(22 13) 1 2 0 1 #timing (1149 1090) ps  polarity 1
net 519: (22 13)->(22 13) 0 0 0 1 #timing (1248 1319) ps  polarity 0
net 519: (20 13)->(20 17) 3 4 0 1 #timing (1297 1193) ps  polarity 0
net 519: (20 17)->(20 17) 1 0 1 1 #timing (1397 1295) ps  polarity 1
net 519: (20 17)->(20 16) 0 1 0 1 #timing (1405 1502) ps  polarity 0
net 519: (16 9)->(12 9) 4 5 0 0 #timing (619 656) ps polarity 0
net 519: (12 9)->(12 9) 5 0 1 0 #timing (751 804) ps polarity 1
net 519: (12 9)->(12 24) 13 1 1 0 #timing (1440 1265) ps polarity 0
net 519: (12 24)->(29 24) 13 2 1 0 #timing (1937 2017) ps polarity 1
net 519: (29 24)->(21 16) 5 3 0 1 #timing (2688 2741) ps  polarity 1
net 519: (21 16)->(21 12) 3 4 0 1 #timing (3099 3067) ps  polarity 0
net 519: (21 12)->(23 14) 1 3 0 1 #timing (3269 3215) ps  polarity 1
net 519: (23 14)->(22 14) 0 2 0 1 #timing (3367 3434) ps  polarity 0
net 521: (19 7)->(19 7) 0 0 0 0 #timing (762 762) ps polarity 1
net 521: (19 7)->(17 5) 1 3 0 0 #timing (939 898) ps polarity 0
net 521: (17 5)->(17 9) 3 4 0 0 #timing (1216 1242) ps polarity 0
net 521: (17 9)->(21 9) 4 2 0 0 #timing (1554 1544) ps polarity 0
net 521: (21 9)->(21 13) 3 1 0 1 #timing (1961 1869) ps  polarity 0
net 521: (21 13)->(21 13) 1 0 1 1 #timing (2063 1974) ps  polarity 1
net 521: (21 13)->(20 12) 0 3 0 1 #timing (2119 2186) ps  polarity 0
net 521: (21 9)->(21 9) 5 0 0 0 #timing (1673 1678) ps polarity 1
net 521: (21 9)->(21 24) 13 1 1 0 #timing (2310 2185) ps polarity 0
net 521: (21 24)->(21 24) 5 0 1 1 #timing (2538 2425) ps  polarity 0
net 521: (21 24)->(21 20) 3 4 0 1 #timing (2947 2739) ps  polarity 1
net 521: (21 20)->(21 20) 1 0 1 1 #timing (3047 2842) ps  polarity 0
net 521: (21 20)->(21 21) 0 1 0 1 #timing (2990 3173) ps  polarity 1
net 521: (21 24)->(21 16) 5 1 0 1 #timing (2753 2611) ps  polarity 1
net 521: (21 16)->(21 18) 1 1 0 1 #timing (2855 2951) ps  polarity 0
net 521: (21 18)->(20 19) 0 3 0 1 #timing (3129 3025) ps  polarity 1
net 521: (21 16)->(23 16) 1 2 0 1 #timing (2856 2950) ps  polarity 0
net 521: (23 16)->(23 17) 0 1 0 1 #timing (3121 3009) ps  polarity 1
net 521: (21 16)->(23 18) 1 3 0 1 #timing (2896 2975) ps  polarity 0
net 521: (23 18)->(22 18) 0 2 0 1 #timing (3123 3060) ps  polarity 1
net 521: (21 16)->(17 16) 4 2 0 1 #timing (3017 2839) ps  polarity 1
net 521: (17 16)->(17 18) 1 1 0 1 #timing (3255 3038) ps  polarity 0
net 521: (17 18)->(16 19) 0 3 0 1 #timing (3213 3421) ps  polarity 1
net 521: (17 16)->(17 20) 3 1 0 1 #timing (3276 3056) ps  polarity 1
net 521: (17 20)->(17 20) 1 0 1 1 #timing (3371 3157) ps  polarity 0
net 521: (17 20)->(17 21) 0 1 0 1 #timing (3305 3497) ps  polarity 1
net 521: (17 9)->(13 9) 4 5 0 0 #timing (1521 1516) ps polarity 0
net 521: (13 9)->(13 13) 3 1 0 1 #timing (1925 1834) ps  polarity 0
net 521: (13 13)->(15 13) 1 2 0 1 #timing (2092 1981) ps  polarity 1
net 521: (15 13)->(14 12) 0 3 0 1 #timing (2139 2242) ps  polarity 0
net 523: (21 11)->(20 10) 0 3 0 0 #timing (180 180) ps polarity 1
net 523: (20 10)->(22 8) 1 3 0 0 #timing (355 324) ps polarity 0
net 523: (22 8)->(20 10) 1 3 0 1 #timing (686 602) ps  polarity 1
net 523: (20 10)->(20 11) 0 1 0 1 #timing (740 853) ps  polarity 0
net 523: (22 8)->(26 8) 4 5 0 0 #timing (728 731) ps polarity 0
net 523: (26 8)->(26 8) 5 0 1 0 #timing (864 881) ps polarity 1
net 523: (26 8)->(11 8) 13 2 1 0 #timing (1532 1392) ps polarity 0
net 523: (11 8)->(11 8) 5 0 1 1 #timing (1774 1647) ps  polarity 0
net 523: (11 8)->(15 8) 4 2 0 1 #timing (2133 1949) ps  polarity 1
net 523: (15 8)->(15 10) 1 1 0 1 #timing (2368 2146) ps  polarity 0
net 523: (15 10)->(15 10) 0 0 0 1 #timing (2289 2513) ps  polarity 1
net 523: (22 8)->(22 8) 5 0 0 0 #timing (454 536) ps polarity 1
net 523: (22 8)->(22 25) 13 1 1 0 #timing (1232 1008) ps polarity 0
net 523: (22 25)->(22 25) 5 0 0 1 #timing (1473 1262) ps  polarity 0
net 523: (22 25)->(20 25) 1 2 0 1 #timing (1661 1433) ps  polarity 0
net 523: (20 25)->(20 24) 0 1 0 1 #timing (1638 1835) ps  polarity 1
net 523: (22 25)->(22 21) 3 4 0 1 #timing (1836 1553) ps  polarity 1
net 523: (22 21)->(22 21) 1 0 0 1 #timing (1933 1657) ps  polarity 0
net 523: (22 21)->(23 21) 0 2 0 1 #timing (1773 2044) ps  polarity 1
net 523: (22 21)->(20 23) 1 3 0 1 #timing (2033 1723) ps  polarity 0
net 523: (20 23)->(21 23) 0 2 0 1 #timing (1866 2205) ps  polarity 1
net 523: (22 25)->(18 25) 4 2 0 1 #timing (1821 1555) ps  polarity 1
net 523: (18 25)->(16 25) 1 2 0 1 #timing (2066 1761) ps  polarity 0
net 523: (16 25)->(16 24) 0 1 0 1 #timing (1915 2214) ps  polarity 1
net 523: (18 25)->(18 21) 3 4 0 1 #timing (2120 1797) ps  polarity 1
net 523: (18 21)->(16 23) 1 3 0 1 #timing (2290 1948) ps  polarity 0
net 523: (16 23)->(17 23) 0 2 0 1 #timing (2078 2445) ps  polarity 1
net 523: (22 25)->(22 17) 5 1 0 1 #timing (1708 1465) ps  polarity 1
net 523: (22 17)->(22 19) 1 1 0 1 #timing (1704 1904) ps  polarity 0
net 523: (22 19)->(22 19) 0 0 0 1 #timing (2045 1851) ps  polarity 1
net 524: (22 9)->(22 8) 0 1 0 0 #timing (219 219) ps polarity 0
net 524: (22 8)->(20 10) 1 3 0 0 #timing (403 371) ps polarity 1
net 524: (20 10)->(20 10) 1 0 0 1 #timing (651 602) ps  polarity 0
net 524: (20 10)->(21 11) 0 3 0 1 #timing (743 774) ps  polarity 1
net 524: (20 10)->(20 14) 3 1 0 0 #timing (705 725) ps polarity 1
net 524: (20 14)->(16 14) 4 2 0 0 #timing (1009 994) ps polarity 1
net 524: (16 14)->(18 12) 1 3 0 1 #timing (1281 1242) ps  polarity 0
net 524: (18 12)->(18 12) 0 0 0 1 #timing (1372 1437) ps  polarity 1
net 524: (20 10)->(20 10) 5 0 0 0 #timing (507 596) ps polarity 0
net 524: (20 10)->(5 10) 13 2 1 0 #timing (1214 1008) ps polarity 1
net 524: (5 10)->(13 10) 5 2 0 1 #timing (1674 1442) ps  polarity 0
net 524: (13 10)->(15 8) 1 3 0 1 #timing (1724 1899) ps  polarity 1
net 524: (15 8)->(15 9) 0 1 0 1 #timing (2084 1913) ps  polarity 0
net 525: (19 11)->(19 11) 0 0 0 0 #timing (156 156) ps polarity 1
net 525: (19 11)->(17 9) 1 3 0 0 #timing (335 299) ps polarity 0
net 525: (17 9)->(19 11) 1 3 0 1 #timing (655 565) ps  polarity 1
net 525: (19 11)->(18 11) 0 2 0 1 #timing (717 832) ps  polarity 0
net 525: (17 9)->(17 13) 3 1 0 0 #timing (596 618) ps polarity 0
net 525: (17 13)->(17 17) 3 4 0 1 #timing (1018 939) ps  polarity 0
net 525: (17 17)->(17 19) 1 1 0 1 #timing (1156 1070) ps  polarity 1
net 525: (17 19)->(16 19) 0 2 0 1 #timing (1213 1302) ps  polarity 0
net 525: (17 13)->(21 13) 4 2 0 0 #timing (914 902) ps polarity 0
net 525: (21 13)->(21 17) 3 4 0 1 #timing (1303 1225) ps  polarity 0
net 525: (21 17)->(21 19) 1 1 0 1 #timing (1448 1362) ps  polarity 1
net 525: (21 19)->(20 19) 0 2 0 1 #timing (1505 1594) ps  polarity 0
net 525: (21 17)->(23 17) 1 2 0 1 #timing (1449 1363) ps  polarity 1
net 525: (23 17)->(23 16) 0 1 0 1 #timing (1488 1576) ps  polarity 0
net 525: (21 17)->(23 19) 1 3 0 1 #timing (1479 1381) ps  polarity 1
net 525: (23 19)->(22 18) 0 3 0 1 #timing (1525 1645) ps  polarity 0
net 525: (21 13)->(21 13) 5 0 1 0 #timing (1037 1040) ps polarity 1
net 525: (21 13)->(21 28) 13 1 1 0 #timing (1692 1562) ps polarity 0
net 525: (21 28)->(21 20) 5 1 0 1 #timing (2210 2062) ps  polarity 1
net 525: (21 20)->(21 20) 1 0 0 1 #timing (2261 2376) ps  polarity 0
net 525: (21 20)->(21 20) 0 0 0 1 #timing (2507 2379) ps  polarity 1
net 525: (21 20)->(17 20) 4 2 0 1 #timing (2488 2298) ps  polarity 1
net 525: (17 20)->(17 20) 1 0 0 1 #timing (2680 2466) ps  polarity 0
net 525: (17 20)->(17 20) 0 0 0 1 #timing (2598 2799) ps  polarity 1
net 527: (15 13)->(15 13) 0 0 0 0 #timing (762 762) ps polarity 1
net 527: (15 13)->(15 15) 1 1 0 0 #timing (874 862) ps polarity 0
net 527: (15 15)->(15 19) 3 4 0 0 #timing (1173 1145) ps polarity 0
net 527: (15 19)->(15 19) 5 0 0 0 #timing (1294 1280) ps polarity 1
net 527: (15 19)->(15 27) 5 1 0 1 #timing (1617 1608) ps  polarity 0
net 527: (15 27)->(11 27) 4 2 0 1 #timing (1872 1829) ps  polarity 0
net 527: (11 27)->(9 27) 1 2 0 1 #timing (2111 2029) ps  polarity 1
net 527: (9 27)->(8 27) 0 2 0 1 #timing (2177 2286) ps  polarity 0
net 527: (15 15)->(15 15) 5 0 0 0 #timing (971 1010) ps polarity 1
net 527: (15 15)->(7 15) 5 2 0 1 #timing (1448 1466) ps  polarity 0
net 527: (7 15)->(7 15) 1 0 0 1 #timing (1669 1617) ps  polarity 1
net 527: (7 15)->(6 15) 0 2 0 1 #timing (1697 1757) ps  polarity 0
net 527: (15 13)->(15 12) 0 1 0 0 #timing (719 719) ps polarity 1
net 527: (15 12)->(13 14) 1 3 0 0 #timing (875 852) ps polarity 0
net 527: (13 14)->(15 14) 1 2 0 1 #timing (1155 1103) ps  polarity 1
net 527: (15 14)->(15 15) 0 1 0 1 #timing (1259 1309) ps  polarity 0
net 527: (13 14)->(13 14) 5 0 0 0 #timing (982 1057) ps polarity 1
net 527: (13 14)->(5 14) 5 2 0 1 #timing (1382 1444) ps  polarity 0
net 527: (5 14)->(5 14) 1 0 0 1 #timing (1646 1552) ps  polarity 1
net 527: (5 14)->(5 15) 0 1 0 1 #timing (1698 1771) ps  polarity 0
net 528: (9 12)->(8 12) 0 2 0 0 #timing (739 739) ps polarity 1
net 528: (8 12)->(8 12) 1 0 0 0 #timing (816 819) ps polarity 0
net 528: (8 12)->(12 12) 4 2 0 0 #timing (1054 1042) ps polarity 0
net 528: (12 12)->(14 14) 1 3 0 1 #timing (1291 1262) ps  polarity 1
net 528: (14 14)->(15 15) 0 3 0 1 #timing (1399 1455) ps  polarity 0
net 528: (9 12)->(8 13) 0 3 0 0 #timing (732 732) ps polarity 1
net 528: (8 13)->(8 15) 1 1 0 0 #timing (849 841) ps polarity 0
net 528: (8 15)->(8 11) 3 1 0 0 #timing (1173 1127) ps polarity 0
net 528: (8 11)->(8 11) 1 0 1 1 #timing (1393 1308) ps  polarity 1
net 528: (8 11)->(9 11) 0 2 0 1 #timing (1433 1508) ps  polarity 0
net 528: (8 15)->(8 19) 3 4 0 0 #timing (1198 1145) ps polarity 0
net 528: (8 19)->(8 23) 3 1 0 1 #timing (1686 1496) ps  polarity 0
net 528: (8 23)->(8 23) 1 0 1 1 #timing (1793 1605) ps  polarity 1
net 528: (8 23)->(8 23) 0 0 0 1 #timing (1736 1911) ps  polarity 0
net 530: (19 5)->(19 5) 0 0 0 0 #timing (182 182) ps polarity 1
net 530: (19 5)->(17 7) 1 3 0 0 #timing (335 309) ps polarity 0
net 530: (17 7)->(17 3) 3 1 0 0 #timing (627 637) ps polarity 0
net 530: (17 3)->(17 3) 5 0 1 0 #timing (759 780) ps polarity 1
net 530: (17 3)->(0 3) 13 2 1 0 #timing (1489 1330) ps polarity 0
net 530: (0 3)->(8 11) 5 3 0 1 #timing (2280 2089) ps  polarity 0
net 530: (8 11)->(10 9) 1 3 0 1 #timing (2534 2303) ps  polarity 0
net 530: (10 9)->(10 9) 0 0 0 1 #timing (2447 2685) ps  polarity 1
net 530: (17 7)->(17 11) 3 4 0 1 #timing (805 690) ps  polarity 0
net 530: (17 11)->(17 9) 1 1 0 1 #timing (951 827) ps  polarity 1
net 530: (17 9)->(17 9) 0 0 0 1 #timing (963 1093) ps  polarity 0
net 530: (17 9)->(17 8) 0 1 0 1 #timing (957 1089) ps  polarity 0
net 530: (17 9)->(16 8) 0 3 0 1 #timing (958 1090) ps  polarity 0
net 532: (20 10)->(20 10) 0 0 0 0 #timing (649 649) ps polarity 1
net 532: (20 10)->(20 10) 1 0 0 0 #timing (720 725) ps polarity 0
net 532: (20 10)->(20 10) 5 0 1 0 #timing (830 841) ps polarity 1
net 532: (20 10)->(20 26) 13 1 0 0 #timing (1448 1323) ps polarity 0
net 532: (20 26)->(20 26) 5 0 1 1 #timing (1679 1566) ps  polarity 0
net 532: (20 26)->(20 26) 1 0 1 1 #timing (1824 1705) ps  polarity 0
net 532: (20 26)->(20 26) 0 0 0 1 #timing (1809 1925) ps  polarity 1
net 532: (20 10)->(20 27) 13 1 1 0 #timing (1482 1349) ps polarity 0
net 532: (20 27)->(20 27) 5 0 1 1 #timing (1703 1582) ps  polarity 0
net 532: (20 27)->(20 25) 1 1 0 1 #timing (1893 1754) ps  polarity 0
net 532: (20 25)->(20 25) 0 0 0 1 #timing (1878 2029) ps  polarity 1
net 532: (20 27)->(22 25) 1 3 0 1 #timing (1931 1776) ps  polarity 0
net 532: (22 25)->(22 24) 0 1 0 1 #timing (1931 2109) ps  polarity 1
net 532: (20 27)->(20 23) 3 4 0 1 #timing (2083 1879) ps  polarity 1
net 532: (20 23)->(22 23) 1 2 0 1 #timing (2225 2012) ps  polarity 0
net 532: (22 23)->(22 22) 0 1 0 1 #timing (2145 2383) ps  polarity 1
net 532: (20 27)->(16 27) 4 2 0 1 #timing (2029 1861) ps  polarity 1
net 532: (16 27)->(16 27) 1 0 1 1 #timing (2215 2023) ps  polarity 0
net 532: (16 27)->(16 26) 0 1 0 1 #timing (2149 2331) ps  polarity 1
net 532: (16 27)->(16 25) 1 1 0 1 #timing (2265 2058) ps  polarity 0
net 532: (16 25)->(16 25) 0 0 0 1 #timing (2181 2399) ps  polarity 1
net 532: (20 10)->(20 11) 0 1 0 0 #timing (656 656) ps polarity 1
net 532: (20 11)->(22 11) 1 2 0 0 #timing (799 775) ps polarity 0
net 532: (22 11)->(22 15) 3 1 0 0 #timing (1115 1103) ps polarity 0
net 532: (22 15)->(22 15) 5 0 0 0 #timing (1246 1246) ps polarity 1
net 532: (22 15)->(6 15) 13 2 0 0 #timing (1875 1761) ps polarity 0
net 532: (6 15)->(6 15) 5 0 1 1 #timing (2117 2013) ps  polarity 0
net 532: (6 15)->(10 15) 4 5 0 1 #timing (2505 2333) ps  polarity 1
net 532: (10 15)->(10 19) 3 4 0 1 #timing (2777 2560) ps  polarity 1
net 532: (10 19)->(10 19) 1 0 1 1 #timing (2874 2661) ps  polarity 0
net 532: (10 19)->(11 18) 0 3 0 1 #timing (2777 2984) ps  polarity 1
net 532: (20 10)->(21 10) 0 2 0 0 #timing (658 658) ps polarity 1
net 532: (21 10)->(23 10) 1 2 0 0 #timing (797 777) ps polarity 0
net 532: (23 10)->(27 10) 4 5 0 0 #timing (1114 1102) ps polarity 0
net 532: (27 10)->(27 10) 5 0 0 0 #timing (1254 1257) ps polarity 1
net 532: (27 10)->(11 10) 13 2 0 0 #timing (1897 1767) ps polarity 0
net 532: (11 10)->(11 10) 5 0 0 1 #timing (2163 2044) ps  polarity 0
net 532: (11 10)->(11 14) 3 1 0 1 #timing (2517 2328) ps  polarity 1
net 532: (11 14)->(11 12) 1 1 0 1 #timing (2655 2460) ps  polarity 0
net 532: (11 12)->(11 12) 0 0 0 1 #timing (2606 2808) ps  polarity 1
net 533: (19 17)->(19 17) 0 0 0 0 #timing (156 156) ps polarity 1
net 533: (19 17)->(17 19) 1 3 0 0 #timing (301 279) ps polarity 0
net 533: (17 19)->(17 15) 3 4 0 0 #timing (612 612) ps polarity 0
net 533: (17 15)->(13 15) 4 5 0 0 #timing (924 886) ps polarity 0
net 533: (13 15)->(13 11) 3 1 0 1 #timing (1311 1250) ps  polarity 0
net 533: (13 11)->(15 9) 1 3 0 1 #timing (1503 1412) ps  polarity 1
net 533: (15 9)->(15 8) 0 1 0 1 #timing (1554 1667) ps  polarity 0
net 534: (19 18)->(18 18) 0 2 0 0 #timing (665 664) ps polarity 1
net 534: (18 18)->(18 16) 1 1 0 0 #timing (783 771) ps polarity 0
net 534: (18 16)->(14 16) 4 5 0 0 #timing (1080 1065) ps polarity 0
net 534: (14 16)->(14 16) 5 0 1 0 #timing (1207 1211) ps polarity 1
net 534: (14 16)->(14 0) 13 1 0 0 #timing (1868 1741) ps polarity 0
net 534: (14 0)->(14 8) 5 1 0 1 #timing (2321 2175) ps  polarity 1
net 534: (14 8)->(14 8) 1 0 1 1 #timing (2383 2493) ps  polarity 0
net 534: (14 8)->(15 8) 0 2 0 1 #timing (2634 2507) ps  polarity 1
net 535: (7 6)->(7 6) 0 0 0 0 #timing (733 733) ps polarity 1
net 535: (7 6)->(7 6) 1 0 0 0 #timing (815 818) ps polarity 0
net 535: (7 6)->(7 4) 1 1 0 1 #timing (1061 1018) ps  polarity 1
net 535: (7 4)->(7 5) 0 1 0 1 #timing (1145 1197) ps  polarity 0
net 535: (7 6)->(7 6) 5 0 0 0 #timing (921 934) ps polarity 1
net 535: (7 6)->(7 22) 13 1 0 0 #timing (1589 1450) ps polarity 0
net 535: (7 22)->(7 30) 5 1 0 1 #timing (2153 2000) ps  polarity 1
net 535: (7 30)->(5 28) 1 3 0 1 #timing (2308 2390) ps  polarity 0
net 535: (5 28)->(5 28) 0 0 0 1 #timing (2496 2445) ps  polarity 1
net 535: (7 6)->(6 7) 0 3 0 0 #timing (731 731) ps polarity 1
net 535: (6 7)->(4 5) 1 3 0 0 #timing (903 877) ps polarity 0
net 535: (4 5)->(4 9) 3 4 0 0 #timing (1245 1239) ps polarity 0
net 535: (4 9)->(8 9) 4 5 0 0 #timing (1650 1579) ps polarity 0
net 535: (8 9)->(12 9) 4 2 0 1 #timing (1915 1824) ps  polarity 0
net 535: (12 9)->(14 9) 1 2 0 1 #timing (2122 2005) ps  polarity 1
net 535: (14 9)->(15 8) 0 3 0 1 #timing (2182 2300) ps  polarity 0
net 536: (6 4)->(7 4) 0 2 0 0 #timing (678 678) ps polarity 1
net 536: (7 4)->(7 4) 1 0 0 0 #timing (760 763) ps polarity 0
net 536: (7 4)->(7 4) 1 0 1 1 #timing (964 934) ps  polarity 1
net 536: (7 4)->(6 4) 0 2 0 1 #timing (1007 1046) ps  polarity 0
net 536: (7 4)->(7 8) 3 4 0 0 #timing (1173 1066) ps polarity 0
net 536: (7 8)->(7 8) 5 0 0 0 #timing (1301 1210) ps polarity 1
net 536: (7 8)->(15 8) 5 2 0 1 #timing (1689 1585) ps  polarity 0
net 536: (15 8)->(15 8) 1 0 0 1 #timing (1815 1877) ps  polarity 1
net 536: (15 8)->(15 8) 0 0 0 1 #timing (2009 1933) ps  polarity 0
net 536: (6 4)->(7 5) 0 3 0 0 #timing (671 671) ps polarity 1
net 536: (7 5)->(5 7) 1 3 0 0 #timing (842 811) ps polarity 0
net 536: (5 7)->(5 7) 5 0 0 0 #timing (933 1011) ps polarity 1
net 536: (5 7)->(5 22) 13 1 1 0 #timing (1607 1416) ps polarity 0
net 536: (5 22)->(5 22) 5 0 1 1 #timing (1837 1658) ps  polarity 0
net 536: (5 22)->(5 26) 3 4 0 1 #timing (2173 1932) ps  polarity 1
net 536: (5 26)->(5 26) 1 0 1 1 #timing (2274 2035) ps  polarity 0
net 536: (5 26)->(4 26) 0 2 0 1 #timing (2158 2387) ps  polarity 1
net 537: (2 12)->(2 13) 0 1 0 0 #timing (200 200) ps polarity 0
net 537: (2 13)->(2 15) 1 1 0 0 #timing (310 302) ps polarity 1
net 537: (2 15)->(2 15) 5 0 1 0 #timing (417 459) ps polarity 0
net 537: (2 15)->(2 30) 13 1 1 0 #timing (1109 943) ps polarity 1
net 537: (2 30)->(10 22) 5 3 0 1 #timing (1871 1682) ps  polarity 1
net 537: (10 22)->(10 20) 1 1 0 1 #timing (2108 1893) ps  polarity 1
net 537: (10 20)->(10 21) 0 1 0 1 #timing (2011 2256) ps  polarity 0
net 538: (13 29)->(13 28) 0 1 0 0 #timing (157 157) ps polarity 1
net 538: (13 28)->(15 30) 1 3 0 0 #timing (313 288) ps polarity 0
net 538: (15 30)->(15 26) 3 1 0 0 #timing (570 593) ps polarity 0
net 538: (15 26)->(11 26) 4 2 0 0 #timing (853 848) ps polarity 0
net 538: (11 26)->(11 22) 3 4 0 1 #timing (1307 1206) ps  polarity 0
net 538: (11 22)->(11 22) 1 0 1 1 #timing (1403 1306) ps  polarity 1
net 538: (11 22)->(10 23) 0 3 0 1 #timing (1473 1538) ps  polarity 0
net 538: (15 30)->(15 30) 5 0 1 0 #timing (418 492) ps polarity 1
net 538: (15 30)->(15 15) 13 1 1 0 #timing (1056 882) ps polarity 0
net 538: (15 15)->(15 15) 5 0 1 1 #timing (1258 1099) ps  polarity 0
net 538: (15 15)->(13 15) 1 2 0 1 #timing (1443 1267) ps  polarity 0
net 538: (13 15)->(13 14) 0 1 0 1 #timing (1398 1592) ps  polarity 1
net 539: (20 23)->(21 22) 0 3 0 0 #timing (174 174) ps polarity 1
net 539: (21 22)->(23 22) 1 2 0 0 #timing (317 295) ps polarity 0
net 539: (23 22)->(23 22) 5 0 1 0 #timing (411 462) ps polarity 1
net 539: (23 22)->(6 22) 13 2 1 0 #timing (1146 964) ps polarity 0
net 539: (6 22)->(6 7) 13 1 1 0 #timing (1636 1720) ps polarity 1
net 539: (6 7)->(14 15) 5 3 0 1 #timing (2294 2357) ps  polarity 1
net 539: (14 15)->(14 15) 1 0 1 1 #timing (2464 2515) ps  polarity 1
net 539: (14 15)->(14 14) 0 1 0 1 #timing (2645 2581) ps  polarity 0
net 541: (15 24)->(15 24) 0 0 0 0 #timing (661 661) ps polarity 1
net 541: (15 24)->(15 24) 1 0 0 0 #timing (733 739) ps polarity 0
net 541: (15 24)->(11 24) 4 2 0 0 #timing (991 959) ps polarity 0
net 541: (11 24)->(11 24) 5 0 0 0 #timing (1119 1106) ps polarity 1
net 541: (11 24)->(11 16) 5 1 0 1 #timing (1469 1460) ps  polarity 0
net 541: (11 16)->(11 16) 1 0 0 1 #timing (1663 1638) ps  polarity 1
net 541: (11 16)->(10 17) 0 3 0 1 #timing (1802 1797) ps  polarity 0
net 541: (15 24)->(13 26) 1 3 0 0 #timing (819 793) ps polarity 0
net 541: (13 26)->(13 24) 1 1 0 1 #timing (1105 1048) ps  polarity 1
net 541: (13 24)->(12 24) 0 2 0 1 #timing (1182 1245) ps  polarity 0
net 541: (13 26)->(13 22) 3 4 0 0 #timing (1104 1119) ps polarity 0
net 541: (13 22)->(13 22) 1 0 0 1 #timing (1320 1299) ps  polarity 1
net 541: (13 22)->(13 23) 0 1 0 1 #timing (1462 1455) ps  polarity 0
net 545: (11 24)->(10 24) 0 2 0 0 #timing (664 664) ps polarity 1
net 545: (10 24)->(10 24) 1 0 0 0 #timing (742 742) ps polarity 0
net 545: (10 24)->(10 20) 3 4 0 0 #timing (1086 1008) ps polarity 0
net 545: (10 20)->(14 20) 4 2 0 0 #timing (1394 1296) ps polarity 0
net 545: (14 20)->(12 20) 1 2 0 1 #timing (1523 1589) ps  polarity 1
net 545: (12 20)->(12 20) 0 0 0 1 #timing (1706 1655) ps  polarity 0
net 545: (10 24)->(14 24) 4 2 0 0 #timing (996 977) ps polarity 0
net 545: (14 24)->(14 24) 5 0 0 0 #timing (1120 1116) ps polarity 1
net 545: (14 24)->(14 16) 5 1 0 1 #timing (1446 1452) ps  polarity 0
net 545: (14 16)->(12 18) 1 3 0 1 #timing (1742 1667) ps  polarity 1
net 545: (12 18)->(12 19) 0 1 0 1 #timing (1791 1898) ps  polarity 0
net 547: (14 22)->(14 22) 0 0 0 0 #timing (649 649) ps polarity 1
net 547: (14 22)->(14 22) 1 0 0 0 #timing (720 726) ps polarity 0
net 547: (14 22)->(12 20) 1 3 0 1 #timing (1019 958) ps  polarity 1
net 547: (12 20)->(13 21) 0 3 0 1 #timing (1122 1199) ps  polarity 0
net 547: (14 22)->(15 22) 0 2 0 0 #timing (658 658) ps polarity 1
net 547: (15 22)->(13 22) 1 2 0 0 #timing (795 778) ps polarity 0
net 547: (13 22)->(13 18) 3 1 0 0 #timing (1063 1065) ps polarity 0
net 547: (13 18)->(13 18) 1 0 1 1 #timing (1273 1240) ps  polarity 1
net 547: (13 18)->(12 19) 0 3 0 1 #timing (1392 1403) ps  polarity 0
net 547: (14 22)->(15 23) 0 3 0 0 #timing (667 667) ps polarity 1
net 547: (15 23)->(15 23) 1 0 0 0 #timing (756 756) ps polarity 0
net 547: (15 23)->(15 19) 3 1 0 0 #timing (1000 963) ps polarity 0
net 547: (15 19)->(11 19) 4 2 0 0 #timing (1262 1208) ps polarity 0
net 547: (11 19)->(11 19) 1 0 0 1 #timing (1420 1445) ps  polarity 1
net 547: (11 19)->(11 18) 0 1 0 1 #timing (1569 1534) ps  polarity 0
net 548: (10 24)->(10 25) 0 1 0 0 #timing (678 678) ps polarity 1
net 548: (10 25)->(10 25) 1 0 0 0 #timing (760 761) ps polarity 0
net 548: (10 25)->(10 29) 3 1 0 0 #timing (1046 990) ps polarity 0
net 548: (10 29)->(14 29) 4 2 0 0 #timing (1336 1260) ps polarity 0
net 548: (14 29)->(12 29) 1 2 0 1 #timing (1487 1530) ps  polarity 1
net 548: (12 29)->(13 29) 0 2 0 1 #timing (1679 1639) ps  polarity 0
net 548: (14 29)->(12 31) 1 3 0 1 #timing (1526 1556) ps  polarity 1
net 548: (12 31)->(12 30) 0 1 0 1 #timing (1688 1682) ps  polarity 0
net 548: (10 25)->(10 25) 5 0 0 0 #timing (863 878) ps polarity 1
net 548: (10 25)->(10 17) 5 1 0 1 #timing (1220 1237) ps  polarity 0
net 548: (10 17)->(14 17) 4 2 0 1 #timing (1476 1462) ps  polarity 0
net 548: (14 17)->(12 17) 1 2 0 1 #timing (1696 1653) ps  polarity 1
net 548: (12 17)->(13 17) 0 2 0 1 #timing (1799 1844) ps  polarity 0
net 549: (19 9)->(19 9) 0 0 0 0 #timing (178 178) ps polarity 0
net 549: (19 9)->(19 9) 1 0 0 0 #timing (251 257) ps polarity 1
net 549: (19 9)->(19 11) 1 1 0 1 #timing (486 450) ps  polarity 0
net 549: (19 11)->(19 11) 0 0 0 1 #timing (560 612) ps  polarity 1
net 549: (19 9)->(23 9) 4 2 0 0 #timing (528 500) ps polarity 1
net 549: (23 9)->(21 11) 1 3 0 1 #timing (769 747) ps  polarity 0
net 549: (21 11)->(21 10) 0 1 0 1 #timing (873 919) ps  polarity 1
net 554: (8 20)->(8 20) 0 0 0 0 #timing (177 177) ps polarity 1
net 554: (8 20)->(8 20) 1 0 0 0 #timing (259 261) ps polarity 0
net 554: (8 20)->(12 20) 4 2 0 0 #timing (513 498) ps polarity 0
net 554: (12 20)->(12 20) 5 0 0 0 #timing (631 633) ps polarity 1
net 554: (12 20)->(12 5) 13 1 1 0 #timing (1272 1143) ps polarity 0
net 554: (12 5)->(12 5) 5 0 1 1 #timing (1488 1374) ps  polarity 0
net 554: (12 5)->(12 7) 1 1 0 1 #timing (1669 1541) ps  polarity 0
net 554: (12 7)->(13 6) 0 3 0 1 #timing (1678 1812) ps  polarity 1
net 554: (8 20)->(10 20) 1 2 0 0 #timing (299 289) ps polarity 0
net 554: (10 20)->(10 20) 5 0 1 0 #timing (407 447) ps polarity 1
net 554: (10 20)->(10 5) 13 1 1 0 #timing (1116 947) ps polarity 0
net 554: (10 5)->(10 5) 5 0 0 1 #timing (1341 1184) ps  polarity 0
net 554: (10 5)->(8 5) 1 2 0 1 #timing (1498 1333) ps  polarity 0
net 554: (8 5)->(8 5) 0 0 0 1 #timing (1467 1625) ps  polarity 1
net 554: (8 20)->(8 21) 0 1 0 0 #timing (189 189) ps polarity 1
net 554: (8 21)->(8 23) 1 1 0 0 #timing (310 297) ps polarity 0
net 554: (8 23)->(12 23) 4 2 0 0 #timing (547 571) ps polarity 0
net 554: (12 23)->(12 23) 5 0 0 0 #timing (664 706) ps polarity 1
net 554: (12 23)->(12 7) 13 1 0 0 #timing (1281 1134) ps polarity 0
net 554: (12 7)->(12 7) 5 0 1 1 #timing (1504 1368) ps  polarity 0
net 554: (12 7)->(12 11) 3 4 0 1 #timing (1834 1638) ps  polarity 1
net 554: (12 11)->(14 11) 1 2 0 1 #timing (1972 1768) ps  polarity 0
net 554: (14 11)->(14 11) 0 0 0 1 #timing (1906 2118) ps  polarity 1
net 556: (15 9)->(15 9) 0 0 0 0 #timing (686 686) ps polarity 1
net 556: (15 9)->(15 11) 1 1 0 0 #timing (784 782) ps polarity 0
net 556: (15 11)->(15 15) 3 1 0 0 #timing (1061 1036) ps polarity 0
net 556: (15 15)->(11 15) 4 2 0 0 #timing (1321 1280) ps polarity 0
net 556: (11 15)->(11 19) 3 4 0 1 #timing (1691 1639) ps  polarity 0
net 556: (11 19)->(11 17) 1 1 0 1 #timing (1833 1773) ps  polarity 1
net 556: (11 17)->(11 17) 0 0 0 1 #timing (1900 1974) ps  polarity 0
net 556: (15 15)->(19 15) 4 5 0 0 #timing (1388 1320) ps polarity 0
net 556: (19 15)->(19 15) 5 0 0 0 #timing (1506 1454) ps polarity 1
net 556: (19 15)->(19 31) 13 1 0 0 #timing (2056 1994) ps polarity 0
net 556: (19 31)->(19 31) 5 0 1 1 #timing (2306 2254) ps  polarity 0
net 556: (19 31)->(17 31) 1 2 0 1 #timing (2483 2418) ps  polarity 0
net 556: (17 31)->(16 30) 0 3 0 1 #timing (2581 2660) ps  polarity 1
net 556: (19 31)->(17 29) 1 3 0 1 #timing (2526 2445) ps  polarity 0
net 556: (17 29)->(17 28) 0 1 0 1 #timing (2595 2696) ps  polarity 1
net 556: (19 15)->(19 30) 13 1 1 0 #timing (2001 1952) ps polarity 0
net 556: (19 30)->(19 30) 5 0 0 1 #timing (2233 2195) ps  polarity 0
net 556: (19 30)->(23 30) 4 2 0 1 #timing (2506 2451) ps  polarity 1
net 556: (23 30)->(21 30) 1 2 0 1 #timing (2735 2642) ps  polarity 0
net 556: (21 30)->(20 30) 0 2 0 1 #timing (2781 2878) ps  polarity 1
net 556: (23 30)->(21 28) 1 3 0 1 #timing (2772 2667) ps  polarity 0
net 556: (21 28)->(21 28) 0 0 0 1 #timing (2773 2907) ps  polarity 1
net 556: (15 11)->(11 11) 4 2 0 0 #timing (1048 1047) ps polarity 0
net 556: (11 11)->(11 11) 1 0 1 1 #timing (1262 1231) ps  polarity 1
net 556: (11 11)->(11 10) 0 1 0 1 #timing (1353 1374) ps  polarity 0
net 556: (15 11)->(19 11) 4 5 0 0 #timing (1109 1091) ps polarity 0
net 556: (19 11)->(19 11) 5 0 0 0 #timing (1228 1226) ps polarity 1
net 556: (19 11)->(19 27) 13 1 0 0 #timing (1848 1734) ps polarity 0
net 556: (19 27)->(19 27) 5 0 1 1 #timing (2080 1976) ps  polarity 0
net 556: (19 27)->(23 27) 4 2 0 1 #timing (2356 2231) ps  polarity 1
net 556: (23 27)->(23 27) 1 0 1 1 #timing (2542 2394) ps  polarity 0
net 556: (23 27)->(23 26) 0 1 0 1 #timing (2501 2645) ps  polarity 1
net 556: (23 27)->(23 25) 1 1 0 1 #timing (2586 2426) ps  polarity 0
net 556: (23 25)->(22 25) 0 2 0 1 #timing (2517 2699) ps  polarity 1
net 557: (8 7)->(8 6) 0 1 0 0 #timing (193 193) ps polarity 0
net 557: (8 6)->(10 4) 1 3 0 0 #timing (359 336) ps polarity 1
net 557: (10 4)->(10 8) 3 4 0 0 #timing (641 641) ps polarity 1
net 557: (10 8)->(6 8) 4 5 0 0 #timing (993 946) ps polarity 1
net 557: (6 8)->(6 12) 3 1 0 1 #timing (1355 1313) ps  polarity 1
net 557: (6 12)->(6 12) 1 0 1 1 #timing (1460 1422) ps  polarity 0
net 557: (6 12)->(6 12) 0 0 0 1 #timing (1566 1586) ps  polarity 1
net 558: (16 12)->(16 12) 0 0 0 0 #timing (704 704) ps polarity 1
net 558: (16 12)->(18 14) 1 3 0 0 #timing (844 824) ps polarity 0
net 558: (18 14)->(14 14) 4 5 0 0 #timing (1169 1178) ps polarity 0
net 558: (14 14)->(10 14) 4 2 0 1 #timing (1470 1449) ps  polarity 0
net 558: (10 14)->(10 18) 3 4 0 1 #timing (1744 1667) ps  polarity 0
net 558: (10 18)->(10 18) 1 0 1 1 #timing (1847 1772) ps  polarity 1
net 558: (10 18)->(10 18) 0 0 0 1 #timing (1900 1964) ps  polarity 0
net 558: (16 12)->(17 12) 0 2 0 0 #timing (704 704) ps polarity 1
net 558: (17 12)->(19 12) 1 2 0 0 #timing (844 828) ps polarity 0
net 558: (19 12)->(15 12) 4 5 0 0 #timing (1107 1117) ps polarity 0
net 558: (15 12)->(11 12) 4 2 0 1 #timing (1363 1361) ps  polarity 0
net 558: (11 12)->(11 12) 1 0 0 1 #timing (1553 1527) ps  polarity 1
net 558: (11 12)->(10 12) 0 2 0 1 #timing (1656 1670) ps  polarity 0
net 558: (17 12)->(19 14) 1 3 0 0 #timing (852 831) ps polarity 0
net 558: (19 14)->(19 18) 3 4 0 0 #timing (1147 1150) ps polarity 0
net 558: (19 18)->(23 18) 4 2 0 0 #timing (1416 1413) ps polarity 0
net 558: (23 18)->(23 18) 5 0 0 0 #timing (1533 1546) ps polarity 1
net 558: (23 18)->(23 26) 5 1 0 1 #timing (1906 1920) ps  polarity 0
net 558: (23 26)->(21 24) 1 3 0 1 #timing (2211 2134) ps  polarity 1
net 558: (21 24)->(20 25) 0 3 0 1 #timing (2240 2349) ps  polarity 0
net 558: (16 12)->(17 13) 0 3 0 0 #timing (674 674) ps polarity 1
net 558: (17 13)->(17 13) 1 0 0 0 #timing (764 767) ps polarity 0
net 558: (17 13)->(17 17) 3 4 0 0 #timing (1101 1025) ps polarity 0
net 558: (17 17)->(21 17) 4 2 0 0 #timing (1431 1318) ps polarity 0
net 558: (21 17)->(21 21) 3 1 0 1 #timing (1723 1746) ps  polarity 0
net 558: (21 21)->(23 23) 1 3 0 1 #timing (1896 1897) ps  polarity 1
net 558: (23 23)->(23 22) 0 1 0 1 #timing (2030 2051) ps  polarity 0
net 558: (17 17)->(17 17) 5 0 0 0 #timing (1222 1160) ps polarity 1
net 558: (17 17)->(17 25) 5 1 0 1 #timing (1570 1511) ps  polarity 0
net 558: (17 25)->(17 25) 1 0 0 1 #timing (1714 1739) ps  polarity 1
net 558: (17 25)->(16 25) 0 2 0 1 #timing (1870 1833) ps  polarity 0
net 558: (17 25)->(17 27) 1 1 0 1 #timing (1756 1771) ps  polarity 1
net 558: (17 27)->(17 26) 0 1 0 1 #timing (1904 1898) ps  polarity 0
net 558: (17 25)->(21 25) 4 2 0 1 #timing (1842 1745) ps  polarity 0
net 558: (21 25)->(21 27) 1 1 0 1 #timing (2073 1939) ps  polarity 1
net 558: (21 27)->(21 26) 0 1 0 1 #timing (2077 2221) ps  polarity 0
net 558: (17 13)->(17 13) 5 0 0 0 #timing (869 882) ps polarity 1
net 558: (17 13)->(17 28) 13 1 1 0 #timing (1533 1394) ps polarity 0
net 558: (17 28)->(17 28) 5 0 0 1 #timing (1763 1637) ps  polarity 0
net 558: (17 28)->(21 28) 4 2 0 1 #timing (2072 1907) ps  polarity 1
net 558: (21 28)->(21 24) 3 1 0 1 #timing (2369 2144) ps  polarity 1
net 558: (21 24)->(23 24) 1 2 0 1 #timing (2514 2279) ps  polarity 0
net 558: (23 24)->(22 24) 0 2 0 1 #timing (2418 2650) ps  polarity 1
net 559: (18 9)->(18 9) 0 0 0 0 #timing (726 726) ps polarity 1
net 559: (18 9)->(16 11) 1 3 0 0 #timing (870 849) ps polarity 0
net 559: (16 11)->(16 15) 3 1 0 0 #timing (1176 1178) ps polarity 0
net 559: (16 15)->(16 19) 3 4 0 1 #timing (1608 1501) ps  polarity 0
net 559: (16 19)->(16 19) 1 0 1 1 #timing (1707 1604) ps  polarity 1
net 559: (16 19)->(16 19) 0 0 0 1 #timing (1740 1828) ps  polarity 0
net 559: (16 15)->(20 15) 4 2 0 0 #timing (1451 1444) ps polarity 0
net 559: (20 15)->(20 19) 3 4 0 1 #timing (1849 1762) ps  polarity 0
net 559: (20 19)->(20 19) 1 0 0 1 #timing (1943 1862) ps  polarity 1
net 559: (20 19)->(20 19) 0 0 0 1 #timing (1998 2065) ps  polarity 0
net 559: (20 19)->(22 19) 1 2 0 1 #timing (1990 1895) ps  polarity 1
net 559: (22 19)->(22 18) 0 1 0 1 #timing (2051 2154) ps  polarity 0
net 559: (20 19)->(22 17) 1 3 0 1 #timing (2044 1925) ps  polarity 1
net 559: (22 17)->(22 17) 0 0 0 1 #timing (2085 2221) ps  polarity 0
net 559: (16 15)->(12 15) 4 5 0 0 #timing (1528 1473) ps polarity 0
net 559: (12 15)->(14 13) 1 3 0 1 #timing (1757 1759) ps  polarity 1
net 559: (14 13)->(15 12) 0 3 0 1 #timing (1940 1947) ps  polarity 0
net 559: (12 15)->(12 15) 5 0 0 0 #timing (1653 1617) ps polarity 1
net 559: (12 15)->(29 15) 13 2 1 0 #timing (2248 2165) ps polarity 0
net 559: (29 15)->(21 15) 5 2 0 1 #timing (2765 2650) ps  polarity 1
net 559: (21 15)->(21 13) 1 1 0 1 #timing (2891 2961) ps  polarity 0
net 559: (21 13)->(21 12) 0 1 0 1 #timing (3084 3026) ps  polarity 1
net 559: (29 15)->(29 31) 13 1 0 0 #timing (2859 2839) ps polarity 1
net 559: (29 31)->(21 23) 5 3 0 1 #timing (3638 3591) ps  polarity 1
net 559: (21 23)->(21 21) 1 1 0 1 #timing (3864 3792) ps  polarity 1
net 559: (21 21)->(20 21) 0 2 0 1 #timing (3937 4014) ps  polarity 0
net 559: (21 23)->(17 23) 4 2 0 1 #timing (3910 3934) ps  polarity 0
net 559: (17 23)->(17 21) 1 1 0 1 #timing (4146 4130) ps  polarity 1
net 559: (17 21)->(16 21) 0 2 0 1 #timing (4274 4293) ps  polarity 0
net 560: (17 10)->(17 11) 0 1 0 0 #timing (190 190) ps polarity 0
net 560: (17 11)->(19 9) 1 3 0 0 #timing (374 324) ps polarity 1
net 560: (19 9)->(19 13) 3 1 0 1 #timing (811 672) ps  polarity 1
net 560: (19 13)->(19 13) 1 0 1 1 #timing (908 774) ps  polarity 0
net 560: (19 13)->(18 12) 0 3 0 1 #timing (924 1034) ps  polarity 1
net 561: (14 6)->(14 6) 0 0 0 0 #timing (704 704) ps polarity 1
net 561: (14 6)->(14 6) 1 0 0 0 #timing (775 780) ps polarity 0
net 561: (14 6)->(18 6) 4 5 0 0 #timing (1048 1016) ps polarity 0
net 561: (18 6)->(16 4) 1 3 0 1 #timing (1303 1282) ps  polarity 1
net 561: (16 4)->(16 4) 0 0 0 1 #timing (1431 1469) ps  polarity 0
net 561: (14 6)->(12 4) 1 3 0 0 #timing (859 832) ps polarity 0
net 561: (12 4)->(8 4) 4 2 0 0 #timing (1140 1164) ps polarity 0
net 561: (8 4)->(8 4) 5 0 1 0 #timing (1269 1314) ps polarity 1
net 561: (8 4)->(25 4) 13 2 1 0 #timing (1987 1814) ps polarity 0
net 561: (25 4)->(25 12) 5 1 0 1 #timing (2483 2296) ps  polarity 1
net 561: (25 12)->(25 14) 1 1 0 1 #timing (2554 2695) ps  polarity 0
net 561: (25 14)->(24 15) 0 3 0 1 #timing (2866 2714) ps  polarity 1
net 561: (25 4)->(17 4) 5 2 0 1 #timing (2477 2280) ps  polarity 1
net 561: (17 4)->(17 4) 1 0 1 1 #timing (2496 2656) ps  polarity 0
net 561: (17 4)->(17 4) 0 0 0 1 #timing (2804 2623) ps  polarity 1
net 561: (17 4)->(17 6) 1 1 0 1 #timing (2531 2683) ps  polarity 0
net 561: (17 6)->(16 7) 0 3 0 1 #timing (2855 2690) ps  polarity 1
net 561: (12 4)->(16 4) 4 5 0 1 #timing (1294 1203) ps  polarity 0
net 561: (16 4)->(16 6) 1 1 0 1 #timing (1516 1392) ps  polarity 1
net 561: (16 6)->(17 7) 0 3 0 1 #timing (1541 1668) ps  polarity 0
net 562: (16 8)->(16 8) 0 0 0 0 #timing (163 163) ps polarity 1
net 562: (16 8)->(16 10) 1 1 0 0 #timing (274 266) ps polarity 0
net 562: (16 10)->(16 8) 1 1 0 1 #timing (543 497) ps  polarity 1
net 562: (16 8)->(16 9) 0 1 0 1 #timing (605 670) ps  polarity 0
net 562: (16 10)->(16 6) 3 4 0 0 #timing (545 528) ps polarity 0
net 562: (16 6)->(16 6) 5 0 1 0 #timing (674 671) ps polarity 1
net 562: (16 6)->(24 14) 5 3 0 1 #timing (1343 1347) ps  polarity 1
net 562: (24 14)->(24 14) 1 0 1 1 #timing (1525 1517) ps  polarity 1
net 562: (24 14)->(24 15) 0 1 0 1 #timing (1630 1632) ps  polarity 0
net 562: (16 6)->(1 6) 13 2 1 0 #timing (1289 1175) ps polarity 0
net 562: (1 6)->(9 14) 5 3 0 1 #timing (2018 1883) ps  polarity 0
net 562: (9 14)->(13 14) 4 2 0 1 #timing (2217 2322) ps  polarity 1
net 562: (13 14)->(13 14) 1 0 0 1 #timing (2416 2496) ps  polarity 0
net 562: (13 14)->(13 15) 0 1 0 1 #timing (2641 2540) ps  polarity 1
net 563: (18 7)->(19 6) 0 3 0 0 #timing (184 184) ps polarity 0
net 563: (19 6)->(17 4) 1 3 0 0 #timing (374 338) ps polarity 1
net 563: (17 4)->(17 8) 3 4 0 0 #timing (705 706) ps polarity 1
net 563: (17 8)->(17 12) 3 1 0 1 #timing (1139 1026) ps  polarity 1
net 563: (17 12)->(19 12) 1 2 0 1 #timing (1302 1171) ps  polarity 0
net 563: (19 12)->(18 12) 0 2 0 1 #timing (1312 1447) ps  polarity 1
net 563: (17 8)->(21 8) 4 2 0 0 #timing (1035 996) ps polarity 1
net 563: (21 8)->(21 10) 1 1 0 1 #timing (1243 1241) ps  polarity 0
net 563: (21 10)->(20 10) 0 2 0 1 #timing (1376 1388) ps  polarity 1
net 564: (25 9)->(24 9) 0 2 0 0 #timing (772 772) ps polarity 1
net 564: (24 9)->(26 11) 1 3 0 0 #timing (936 908) ps polarity 0
net 564: (26 11)->(26 7) 3 4 0 0 #timing (1228 1239) ps polarity 0
net 564: (26 7)->(22 7) 4 5 0 0 #timing (1568 1530) ps polarity 0
net 564: (22 7)->(22 5) 1 1 0 1 #timing (1780 1779) ps  polarity 1
net 564: (22 5)->(23 5) 0 2 0 1 #timing (1908 1920) ps  polarity 0
net 565: (24 7)->(25 6) 0 3 0 0 #timing (762 762) ps polarity 1
net 565: (25 6)->(27 4) 1 3 0 0 #timing (962 928) ps polarity 0
net 565: (27 4)->(23 4) 4 5 0 1 #timing (1483 1369) ps  polarity 0
net 565: (23 4)->(23 4) 1 0 1 1 #timing (1675 1535) ps  polarity 1
net 565: (23 4)->(23 5) 0 1 0 1 #timing (1631 1771) ps  polarity 0
net 580: (23 10)->(23 10) 0 0 0 0 #timing (679 679) ps polarity 1
net 580: (23 10)->(23 10) 1 0 0 0 #timing (762 765) ps polarity 0
net 580: (23 10)->(23 6) 3 4 0 0 #timing (1109 1032) ps polarity 0
net 580: (23 6)->(23 4) 1 1 0 1 #timing (1376 1249) ps  polarity 1
net 580: (23 4)->(22 4) 0 2 0 1 #timing (1389 1522) ps  polarity 0
net 581: (24 3)->(24 3) 0 0 0 0 #timing (797 797) ps polarity 1
net 581: (24 3)->(24 3) 1 0 0 0 #timing (879 880) ps polarity 0
net 581: (24 3)->(24 7) 3 1 0 0 #timing (1208 1139) ps polarity 0
net 581: (24 7)->(20 7) 4 5 0 0 #timing (1594 1454) ps polarity 0
net 581: (20 7)->(22 5) 1 3 0 1 #timing (1726 1817) ps  polarity 1
net 581: (22 5)->(22 4) 0 1 0 1 #timing (1990 1915) ps  polarity 0
net 585: (13 23)->(13 23) 0 0 0 0 #timing (182 182) ps polarity 1
net 585: (13 23)->(13 23) 1 0 0 0 #timing (259 261) ps polarity 0
net 585: (13 23)->(15 23) 1 2 0 1 #timing (516 467) ps  polarity 1
net 585: (15 23)->(14 23) 0 2 0 1 #timing (609 656) ps  polarity 0
net 585: (13 23)->(9 23) 4 2 0 0 #timing (555 520) ps polarity 0
net 585: (9 23)->(9 23) 5 0 1 0 #timing (688 670) ps polarity 1
net 585: (9 23)->(9 6) 13 1 1 0 #timing (1426 1292) ps polarity 0
net 585: (9 6)->(24 6) 13 2 1 0 #timing (2031 2053) ps polarity 1
net 585: (24 6)->(16 6) 5 2 0 1 #timing (2639 2630) ps  polarity 0
net 585: (16 6)->(16 10) 3 4 0 1 #timing (3052 2950) ps  polarity 0
net 585: (16 10)->(16 10) 1 0 1 1 #timing (3148 3050) ps  polarity 1
net 585: (16 10)->(17 11) 0 3 0 1 #timing (3192 3272) ps  polarity 0
net 591: (7 19)->(6 18) 0 3 0 0 #timing (358 359) ps polarity 0
net 591: (6 18)->(4 16) 1 3 0 0 #timing (531 501) ps polarity 1
net 591: (4 16)->(6 18) 1 3 0 1 #timing (863 773) ps  polarity 0
net 591: (6 18)->(7 18) 0 2 0 1 #timing (926 1046) ps  polarity 1
net 594: (16 6)->(16 6) 0 0 0 0 #timing (704 704) ps polarity 1
net 594: (16 6)->(16 4) 1 1 0 0 #timing (819 809) ps polarity 0
net 594: (16 4)->(16 4) 1 0 0 1 #timing (1034 995) ps  polarity 1
net 594: (16 4)->(17 5) 0 3 0 1 #timing (1132 1156) ps  polarity 0
net 594: (16 6)->(16 7) 0 1 0 0 #timing (679 679) ps polarity 1
net 594: (16 7)->(18 5) 1 3 0 0 #timing (862 822) ps polarity 0
net 594: (18 5)->(18 5) 1 0 0 1 #timing (1090 1029) ps  polarity 1
net 594: (18 5)->(18 5) 0 0 0 1 #timing (1157 1207) ps  polarity 0
net 594: (18 5)->(18 4) 0 1 0 1 #timing (1139 1196) ps  polarity 0
net 594: (18 5)->(19 4) 0 3 0 1 #timing (1159 1207) ps  polarity 0
net 594: (18 5)->(22 5) 4 2 0 0 #timing (1103 1153) ps polarity 0
net 594: (22 5)->(22 9) 3 4 0 1 #timing (1592 1445) ps  polarity 0
net 594: (22 9)->(20 9) 1 2 0 1 #timing (1774 1603) ps  polarity 1
net 594: (20 9)->(20 8) 0 1 0 1 #timing (1734 1914) ps  polarity 0
net 594: (20 9)->(21 9) 0 2 0 1 #timing (1729 1910) ps  polarity 0
net 594: (22 5)->(22 5) 5 0 1 0 #timing (1230 1294) ps polarity 1
net 594: (22 5)->(22 21) 13 1 0 0 #timing (1929 1742) ps polarity 0
net 594: (22 21)->(6 21) 13 2 0 0 #timing (2450 2536) ps polarity 1
net 594: (6 21)->(6 21) 5 0 0 1 #timing (2701 2799) ps  polarity 1
net 594: (6 21)->(10 21) 4 5 0 1 #timing (3063 3107) ps  polarity 0
net 594: (10 21)->(10 21) 1 0 1 1 #timing (3261 3278) ps  polarity 1
net 594: (10 21)->(11 20) 0 3 0 1 #timing (3432 3391) ps  polarity 0
net 594: (6 21)->(6 4) 13 1 1 0 #timing (3257 3063) ps polarity 0
net 594: (6 4)->(14 4) 5 2 0 1 #timing (3732 3517) ps  polarity 1
net 594: (14 4)->(18 4) 4 5 0 1 #timing (4038 3786) ps  polarity 1
net 594: (18 4)->(18 0) 3 1 0 1 #timing (4400 4071) ps  polarity 1
net 594: (18 0)->(18 2) 1 1 0 1 #timing (4539 4203) ps  polarity 0
net 594: (18 2)->(18 3) 0 1 0 1 #timing (4369 4698) ps  polarity 1
net 594: (6 4)->(14 12) 5 3 0 1 #timing (3958 3747) ps  polarity 0
net 594: (14 12)->(18 12) 4 5 0 1 #timing (4057 4247) ps  polarity 1
net 594: (18 12)->(16 14) 1 3 0 1 #timing (4335 4470) ps  polarity 0
net 594: (16 14)->(16 15) 0 1 0 1 #timing (4637 4506) ps  polarity 1
net 595: (9 10)->(9 10) 0 0 0 0 #timing (679 679) ps polarity 1
net 595: (9 10)->(9 10) 1 0 0 0 #timing (761 765) ps polarity 0
net 595: (9 10)->(13 10) 4 2 0 0 #timing (1068 1025) ps polarity 0
net 595: (13 10)->(17 10) 4 5 0 1 #timing (1377 1306) ps  polarity 0
net 595: (17 10)->(17 10) 1 0 1 1 #timing (1568 1473) ps  polarity 1
net 595: (17 10)->(16 10) 0 2 0 1 #timing (1601 1684) ps  polarity 0
net 595: (9 10)->(8 10) 0 2 0 0 #timing (677 677) ps polarity 1
net 595: (8 10)->(10 8) 1 3 0 0 #timing (870 823) ps polarity 0
net 595: (10 8)->(10 4) 3 4 0 0 #timing (1154 1166) ps polarity 0
net 595: (10 4)->(6 4) 4 5 0 0 #timing (1491 1454) ps polarity 0
net 595: (6 4)->(6 4) 5 0 0 0 #timing (1626 1605) ps polarity 1
net 595: (6 4)->(23 4) 13 2 1 0 #timing (2290 2176) ps polarity 0
net 595: (23 4)->(23 4) 5 0 0 1 #timing (2562 2457) ps  polarity 0
net 595: (23 4)->(21 4) 1 2 0 1 #timing (2738 2620) ps  polarity 0
net 595: (21 4)->(20 4) 0 2 0 1 #timing (2702 2845) ps  polarity 1
net 595: (9 10)->(8 11) 0 3 0 0 #timing (673 673) ps polarity 1
net 595: (8 11)->(8 9) 1 1 0 0 #timing (801 789) ps polarity 0
net 595: (8 9)->(12 9) 4 2 0 0 #timing (1029 1048) ps polarity 0
net 595: (12 9)->(16 9) 4 5 0 1 #timing (1341 1310) ps  polarity 0
net 595: (16 9)->(16 5) 3 4 0 1 #timing (1669 1562) ps  polarity 0
net 595: (16 5)->(16 5) 1 0 0 1 #timing (1764 1663) ps  polarity 1
net 595: (16 5)->(17 5) 0 2 0 1 #timing (1800 1886) ps  polarity 0
net 595: (16 5)->(18 7) 1 3 0 1 #timing (1833 1709) ps  polarity 1
net 595: (18 7)->(19 6) 0 3 0 1 #timing (1876 2030) ps  polarity 0
net 600: (18 12)->(19 13) 0 3 0 0 #timing (202 202) ps polarity 0
net 600: (19 13)->(17 15) 1 3 0 0 #timing (359 339) ps polarity 1
net 600: (17 15)->(19 15) 1 2 0 1 #timing (633 582) ps  polarity 0
net 600: (19 15)->(19 14) 0 1 0 1 #timing (705 769) ps  polarity 1
net 613: (8 26)->(9 26) 0 2 0 0 #timing (201 201) ps polarity 1
net 613: (9 26)->(9 26) 1 0 0 0 #timing (286 287) ps polarity 0
net 613: (9 26)->(9 24) 1 1 0 1 #timing (540 493) ps  polarity 1
net 613: (9 24)->(9 25) 0 1 0 1 #timing (611 671) ps  polarity 0
net 613: (9 26)->(9 26) 5 0 0 0 #timing (391 406) ps polarity 1
net 613: (9 26)->(9 18) 5 1 0 1 #timing (788 805) ps  polarity 0
net 613: (9 18)->(5 18) 4 5 0 1 #timing (1090 1068) ps  polarity 0
net 613: (5 18)->(5 14) 3 4 0 1 #timing (1440 1346) ps  polarity 0
net 613: (5 14)->(5 12) 1 1 0 1 #timing (1581 1479) ps  polarity 1
net 613: (5 12)->(4 13) 0 3 0 1 #timing (1634 1736) ps  polarity 0
net 613: (9 26)->(9 24) 1 1 0 0 #timing (336 319) ps polarity 0
net 613: (9 24)->(9 24) 5 0 0 0 #timing (429 476) ps polarity 1
net 613: (9 24)->(9 16) 5 1 0 1 #timing (810 861) ps  polarity 0
net 613: (9 16)->(5 16) 4 5 0 1 #timing (1124 1134) ps  polarity 0
net 613: (5 16)->(5 12) 3 4 0 1 #timing (1475 1408) ps  polarity 0
net 613: (5 12)->(7 12) 1 2 0 1 #timing (1612 1538) ps  polarity 1
net 613: (7 12)->(6 13) 0 3 0 1 #timing (1691 1764) ps  polarity 0
net 617: (25 12)->(25 12) 0 0 0 0 #timing (187 187) ps polarity 0
net 617: (25 12)->(27 14) 1 3 0 0 #timing (357 327) ps polarity 1
net 617: (27 14)->(27 10) 3 1 0 1 #timing (869 729) ps  polarity 1
net 617: (27 10)->(27 10) 1 0 1 1 #timing (961 827) ps  polarity 0
net 617: (27 10)->(26 10) 0 2 0 1 #timing (956 1078) ps  polarity 1
net 619: (24 29)->(24 28) 0 1 0 0 #timing (219 219) ps polarity 1
net 619: (24 28)->(24 28) 1 0 0 0 #timing (302 303) ps polarity 0
net 619: (24 28)->(28 28) 4 2 0 0 #timing (555 540) ps polarity 0
net 619: (28 28)->(28 28) 5 0 1 0 #timing (677 678) ps polarity 1
net 619: (28 28)->(28 13) 13 1 1 0 #timing (1300 1185) ps polarity 0
net 619: (28 13)->(20 5) 5 3 0 1 #timing (2004 1860) ps  polarity 0
net 619: (20 5)->(20 7) 1 1 0 1 #timing (2217 2051) ps  polarity 0
net 619: (20 7)->(20 7) 0 0 0 1 #timing (2195 2371) ps  polarity 1
net 626: (5 29)->(4 29) 0 2 0 0 #timing (235 235) ps polarity 1
net 626: (4 29)->(6 29) 1 2 0 0 #timing (368 355) ps polarity 0
net 626: (6 29)->(6 29) 5 0 1 0 #timing (479 535) ps polarity 1
net 626: (6 29)->(6 13) 13 1 0 0 #timing (1211 1026) ps polarity 0
net 626: (6 13)->(6 5) 5 1 0 1 #timing (1753 1553) ps  polarity 1
net 626: (6 5)->(6 5) 1 0 1 1 #timing (1759 1924) ps  polarity 0
net 626: (6 5)->(7 5) 0 2 0 1 #timing (2049 1875) ps  polarity 1
net 631: (16 29)->(17 29) 0 2 0 0 #timing (176 176) ps polarity 1
net 631: (17 29)->(19 31) 1 3 0 0 #timing (359 322) ps polarity 0
net 631: (19 31)->(19 27) 3 1 0 0 #timing (651 681) ps polarity 0
net 631: (19 27)->(15 27) 4 5 0 0 #timing (959 946) ps polarity 0
net 631: (15 27)->(15 27) 5 0 0 0 #timing (1091 1093) ps polarity 1
net 631: (15 27)->(7 27) 5 2 0 1 #timing (1598 1575) ps  polarity 0
net 631: (7 27)->(7 27) 1 0 1 1 #timing (1776 1766) ps  polarity 1
net 631: (7 27)->(6 27) 0 2 0 1 #timing (1846 1863) ps  polarity 0
net 635: (21 29)->(21 29) 0 0 0 0 #timing (156 156) ps polarity 1
net 635: (21 29)->(21 29) 1 0 0 0 #timing (233 236) ps polarity 0
net 635: (21 29)->(21 25) 3 1 0 0 #timing (491 451) ps polarity 0
net 635: (21 25)->(25 25) 4 5 0 0 #timing (874 779) ps polarity 0
net 635: (25 25)->(25 25) 5 0 1 0 #timing (1003 923) ps polarity 1
net 635: (25 25)->(17 17) 5 3 0 1 #timing (1598 1526) ps  polarity 1
net 635: (17 17)->(19 17) 1 2 0 1 #timing (1842 1730) ps  polarity 1
net 635: (19 17)->(19 17) 0 0 0 1 #timing (1869 1990) ps  polarity 0
net 688: (7 4)->(7 4) 0 0 0 0 #timing (679 679) ps polarity 1
net 688: (7 4)->(5 6) 1 3 0 0 #timing (823 806) ps polarity 0
net 688: (5 6)->(7 4) 1 3 0 1 #timing (1121 1066) ps  polarity 1
net 688: (7 4)->(7 4) 0 0 0 1 #timing (1190 1265) ps  polarity 0
net 688: (5 6)->(5 2) 3 1 0 0 #timing (1129 1123) ps polarity 0
net 688: (5 2)->(9 2) 4 5 0 0 #timing (1497 1448) ps polarity 0
net 688: (9 2)->(9 0) 1 1 0 1 #timing (1684 1696) ps  polarity 1
net 688: (9 0)->(9 1) 0 1 0 1 #timing (1817 1818) ps  polarity 0
net 688: (7 4)->(6 5) 0 3 0 0 #timing (673 673) ps polarity 1
net 688: (6 5)->(6 7) 1 1 0 0 #timing (787 780) ps polarity 0
net 688: (6 7)->(6 3) 3 1 0 1 #timing (1330 1187) ps  polarity 0
net 688: (6 3)->(6 3) 1 0 1 1 #timing (1424 1288) ps  polarity 1
net 688: (6 3)->(6 3) 0 0 0 1 #timing (1396 1529) ps  polarity 0
net 689: (11 1)->(11 0) 0 1 0 0 #timing (719 719) ps polarity 1
net 689: (11 0)->(9 2) 1 3 0 0 #timing (899 864) ps polarity 0
net 689: (9 2)->(9 2) 1 0 1 1 #timing (1144 1092) ps  polarity 1
net 689: (9 2)->(8 2) 0 2 0 1 #timing (1178 1237) ps  polarity 0
net 689: (9 2)->(11 2) 1 2 0 1 #timing (1224 1142) ps  polarity 1
net 689: (11 2)->(11 2) 0 0 0 1 #timing (1256 1365) ps  polarity 0
net 689: (9 2)->(5 2) 4 5 0 0 #timing (1233 1244) ps polarity 0
net 689: (5 2)->(7 2) 1 2 0 1 #timing (1528 1462) ps  polarity 1
net 689: (7 2)->(6 2) 0 2 0 1 #timing (1590 1655) ps  polarity 0
net 690: (9 4)->(9 5) 0 1 0 0 #timing (674 674) ps polarity 1
net 690: (9 5)->(11 7) 1 3 0 0 #timing (846 816) ps polarity 0
net 690: (11 7)->(9 5) 1 3 0 1 #timing (1199 1110) ps  polarity 1
net 690: (9 5)->(9 4) 0 1 0 1 #timing (1270 1385) ps  polarity 0
net 690: (11 7)->(11 3) 3 1 0 0 #timing (1103 1138) ps polarity 0
net 690: (11 3)->(9 3) 1 2 0 1 #timing (1389 1361) ps  polarity 1
net 690: (9 3)->(9 3) 0 0 0 1 #timing (1483 1540) ps  polarity 0
net 690: (9 3)->(8 2) 0 3 0 1 #timing (1522 1563) ps  polarity 0
net 690: (11 3)->(7 3) 4 5 0 0 #timing (1475 1452) ps polarity 0
net 690: (7 3)->(7 3) 1 0 0 1 #timing (1655 1651) ps  polarity 1
net 690: (7 3)->(7 3) 0 0 0 1 #timing (1734 1746) ps  polarity 0
net 690: (11 7)->(7 7) 4 5 0 0 #timing (1179 1213) ps polarity 0
net 690: (7 7)->(7 5) 1 1 0 1 #timing (1458 1383) ps  polarity 1
net 690: (7 5)->(7 4) 0 1 0 1 #timing (1505 1592) ps  polarity 0
net 694: (24 12)->(24 13) 0 1 0 0 #timing (698 698) ps polarity 1
net 694: (24 13)->(26 15) 1 3 0 0 #timing (849 830) ps polarity 0
net 694: (26 15)->(24 13) 1 3 0 1 #timing (1130 1077) ps  polarity 1
net 694: (24 13)->(24 12) 0 1 0 1 #timing (1218 1279) ps  polarity 0
net 694: (26 15)->(26 19) 3 4 0 0 #timing (1165 1148) ps polarity 0
net 694: (26 19)->(24 19) 1 2 0 1 #timing (1388 1335) ps  polarity 1
net 694: (24 19)->(24 19) 0 0 0 1 #timing (1477 1524) ps  polarity 0
net 694: (26 19)->(26 23) 3 1 0 1 #timing (1597 1479) ps  polarity 0
net 694: (26 23)->(24 21) 1 3 0 1 #timing (1759 1625) ps  polarity 1
net 694: (24 21)->(24 20) 0 1 0 1 #timing (1746 1892) ps  polarity 0
net 694: (26 19)->(22 19) 4 5 0 0 #timing (1496 1432) ps polarity 0
net 694: (22 19)->(22 17) 1 1 0 1 #timing (1681 1706) ps  polarity 1
net 694: (22 17)->(22 16) 0 1 0 1 #timing (1903 1850) ps  polarity 0
net 694: (24 12)->(25 13) 0 3 0 0 #timing (695 695) ps polarity 1
net 694: (25 13)->(25 13) 1 0 0 0 #timing (770 775) ps polarity 0
net 694: (25 13)->(25 9) 3 1 0 0 #timing (1067 1012) ps polarity 0
net 694: (25 9)->(25 9) 5 0 1 0 #timing (1210 1163) ps polarity 1
net 694: (25 9)->(25 1) 5 1 0 1 #timing (1564 1531) ps  polarity 0
net 694: (25 1)->(25 3) 1 1 0 1 #timing (1787 1773) ps  polarity 1
net 694: (25 3)->(24 3) 0 2 0 1 #timing (1929 1942) ps  polarity 0
net 695: (26 27)->(26 27) 0 0 0 0 #timing (726 726) ps polarity 1
net 695: (26 27)->(24 25) 1 3 0 0 #timing (880 855) ps polarity 0
net 695: (24 25)->(26 27) 1 3 0 1 #timing (1190 1113) ps  polarity 1
net 695: (26 27)->(26 27) 0 0 0 1 #timing (1299 1383) ps  polarity 0
net 695: (24 25)->(24 29) 3 1 0 0 #timing (1212 1200) ps polarity 0
net 695: (24 29)->(24 29) 5 0 1 0 #timing (1343 1344) ps polarity 1
net 695: (24 29)->(24 12) 13 1 1 0 #timing (1984 1860) ps polarity 0
net 695: (24 12)->(24 12) 5 0 0 1 #timing (2219 2110) ps  polarity 0
net 695: (24 12)->(24 16) 3 4 0 1 #timing (2589 2402) ps  polarity 1
net 695: (24 16)->(24 18) 1 1 0 1 #timing (2738 2543) ps  polarity 0
net 695: (24 18)->(24 19) 0 1 0 1 #timing (2681 2880) ps  polarity 1
net 695: (24 12)->(16 4) 5 3 0 1 #timing (2758 2612) ps  polarity 0
net 695: (16 4)->(20 4) 4 2 0 1 #timing (2905 3062) ps  polarity 1
net 695: (20 4)->(20 8) 3 4 0 1 #timing (3211 3307) ps  polarity 1
net 695: (20 8)->(22 10) 1 3 0 1 #timing (3388 3461) ps  polarity 0
net 695: (22 10)->(22 10) 0 0 0 1 #timing (3602 3562) ps  polarity 1
net 695: (24 25)->(24 21) 3 4 0 0 #timing (1162 1167) ps polarity 0
net 695: (24 21)->(24 21) 1 0 0 1 #timing (1386 1351) ps  polarity 1
net 695: (24 21)->(25 20) 0 3 0 1 #timing (1485 1505) ps  polarity 0
net 695: (24 21)->(20 21) 4 5 0 1 #timing (1651 1539) ps  polarity 0
net 695: (20 21)->(20 17) 3 1 0 1 #timing (1993 1793) ps  polarity 0
net 695: (20 17)->(22 17) 1 2 0 1 #timing (2132 1924) ps  polarity 1
net 695: (22 17)->(23 16) 0 3 0 1 #timing (2068 2286) ps  polarity 0
net 695: (24 21)->(24 21) 5 0 0 0 #timing (1303 1316) ps polarity 1
net 695: (24 21)->(24 5) 13 1 0 0 #timing (1980 1837) ps polarity 0
net 695: (24 5)->(24 13) 5 1 0 1 #timing (2441 2273) ps  polarity 1
net 695: (24 13)->(24 13) 1 0 0 1 #timing (2487 2614) ps  polarity 0
net 695: (24 13)->(25 12) 0 3 0 1 #timing (2751 2606) ps  polarity 1
net 696: (22 30)->(22 30) 0 0 0 0 #timing (706 706) ps polarity 1
net 696: (22 30)->(22 30) 1 0 0 0 #timing (790 793) ps polarity 0
net 696: (22 30)->(22 26) 3 1 0 0 #timing (1108 1045) ps polarity 0
net 696: (22 26)->(22 26) 5 0 0 0 #timing (1237 1186) ps polarity 1
net 696: (22 26)->(22 18) 5 1 0 1 #timing (1585 1534) ps  polarity 0
net 696: (22 18)->(26 18) 4 5 0 1 #timing (1886 1779) ps  polarity 0
net 696: (26 18)->(24 18) 1 2 0 1 #timing (2132 1977) ps  polarity 1
net 696: (24 18)->(24 18) 0 0 0 1 #timing (2110 2260) ps  polarity 0
net 696: (22 30)->(22 30) 5 0 0 0 #timing (897 910) ps polarity 1
net 696: (22 30)->(22 15) 13 1 1 0 #timing (1501 1379) ps polarity 0
net 696: (22 15)->(22 15) 5 0 0 1 #timing (1715 1607) ps  polarity 0
net 696: (22 15)->(22 15) 1 0 1 1 #timing (1856 1745) ps  polarity 0
net 696: (22 15)->(22 15) 0 0 0 1 #timing (1853 1961) ps  polarity 1
net 696: (22 30)->(22 31) 0 1 0 0 #timing (696 697) ps polarity 1
net 696: (22 31)->(22 29) 1 1 0 0 #timing (848 846) ps polarity 0
net 696: (22 29)->(22 25) 3 1 0 0 #timing (1153 1117) ps polarity 0
net 696: (22 25)->(26 25) 4 5 0 0 #timing (1477 1407) ps polarity 0
net 696: (26 25)->(26 25) 5 0 0 0 #timing (1604 1549) ps polarity 1
net 696: (26 25)->(26 17) 5 1 0 1 #timing (1934 1886) ps  polarity 0
net 696: (26 17)->(24 17) 1 2 0 1 #timing (2105 2115) ps  polarity 1
net 696: (24 17)->(24 17) 0 0 0 1 #timing (2248 2232) ps  polarity 0
net 696: (22 30)->(23 30) 0 2 0 0 #timing (708 708) ps polarity 1
net 696: (23 30)->(23 30) 1 0 0 0 #timing (793 795) ps polarity 0
net 696: (23 30)->(27 30) 4 5 0 0 #timing (1135 1073) ps polarity 0
net 696: (27 30)->(27 30) 5 0 0 0 #timing (1282 1232) ps polarity 1
net 696: (27 30)->(27 14) 13 1 0 0 #timing (1863 1793) ps polarity 0
net 696: (27 14)->(27 14) 5 0 1 1 #timing (2090 2030) ps  polarity 0
net 696: (27 14)->(27 14) 1 0 0 1 #timing (2232 2169) ps  polarity 0
net 696: (27 14)->(26 15) 0 3 0 1 #timing (2309 2354) ps  polarity 1
net 696: (23 30)->(21 30) 1 2 0 0 #timing (851 831) ps polarity 0
net 696: (21 30)->(21 30) 5 0 0 0 #timing (944 994) ps polarity 1
net 696: (21 30)->(21 15) 13 1 1 0 #timing (1578 1420) ps polarity 0
net 696: (21 15)->(21 15) 5 0 0 1 #timing (1783 1640) ps  polarity 0
net 696: (21 15)->(25 15) 4 5 0 1 #timing (2173 1971) ps  polarity 1
net 696: (25 15)->(25 11) 3 1 0 1 #timing (2516 2250) ps  polarity 1
net 696: (25 11)->(25 11) 1 0 1 1 #timing (2628 2366) ps  polarity 0
net 696: (25 11)->(25 11) 0 0 0 1 #timing (2473 2733) ps  polarity 1
net 696: (25 11)->(24 10) 0 3 0 1 #timing (2454 2721) ps  polarity 1
net 696: (22 30)->(23 31) 0 3 0 0 #timing (695 695) ps polarity 1
net 696: (23 31)->(23 31) 1 0 0 0 #timing (790 791) ps polarity 0
net 696: (23 31)->(23 29) 1 1 0 1 #timing (1044 996) ps  polarity 1
net 696: (23 29)->(22 29) 0 2 0 1 #timing (1090 1161) ps  polarity 0
net 697: (23 17)->(23 16) 0 1 0 0 #timing (222 222) ps polarity 1
net 697: (23 16)->(21 18) 1 3 0 0 #timing (372 351) ps polarity 0
net 697: (21 18)->(21 14) 3 4 0 0 #timing (672 672) ps polarity 0
net 697: (21 14)->(21 10) 3 1 0 1 #timing (1107 1004) ps  polarity 0
net 697: (21 10)->(23 10) 1 2 0 1 #timing (1249 1141) ps  polarity 1
net 697: (23 10)->(22 10) 0 2 0 1 #timing (1280 1388) ps  polarity 0
net 697: (21 14)->(25 14) 4 5 0 0 #timing (1079 1022) ps polarity 0
net 697: (25 14)->(25 10) 3 1 0 1 #timing (1498 1442) ps  polarity 0
net 697: (25 10)->(25 10) 1 0 1 1 #timing (1609 1561) ps  polarity 1
net 697: (25 10)->(25 11) 0 1 0 1 #timing (1657 1705) ps  polarity 0
net 697: (25 10)->(24 10) 0 2 0 1 #timing (1634 1690) ps  polarity 0
net 698: (22 17)->(22 16) 0 1 0 0 #timing (220 220) ps polarity 1
net 698: (22 16)->(22 18) 1 1 0 0 #timing (339 330) ps polarity 0
net 698: (22 18)->(22 14) 3 4 0 0 #timing (644 624) ps polarity 0
net 698: (22 14)->(26 14) 4 5 0 0 #timing (982 926) ps polarity 0
net 698: (26 14)->(26 10) 3 1 0 1 #timing (1344 1298) ps  polarity 0
net 698: (26 10)->(24 10) 1 2 0 1 #timing (1455 1411) ps  polarity 1
net 698: (24 10)->(24 10) 0 0 0 1 #timing (1543 1585) ps  polarity 0
net 698: (24 10)->(25 11) 0 3 0 1 #timing (1557 1592) ps  polarity 0
net 698: (26 14)->(26 14) 5 0 0 0 #timing (1107 1066) ps polarity 1
net 698: (26 14)->(26 6) 5 1 0 1 #timing (1452 1412) ps  polarity 0
net 698: (26 6)->(26 2) 3 1 0 1 #timing (1865 1797) ps  polarity 0
net 698: (26 2)->(24 2) 1 2 0 1 #timing (1972 1907) ps  polarity 1
net 698: (24 2)->(24 3) 0 1 0 1 #timing (2029 2094) ps  polarity 0
net 711: (4 26)->(5 26) 0 2 0 0 #timing (180 180) ps polarity 1
net 711: (5 26)->(5 24) 1 1 0 0 #timing (320 299) ps polarity 0
net 711: (5 24)->(5 24) 5 0 1 0 #timing (414 469) ps polarity 1
net 711: (5 24)->(5 9) 13 1 1 0 #timing (1139 957) ps polarity 0
net 711: (5 9)->(5 9) 5 0 0 1 #timing (1355 1186) ps  polarity 0
net 711: (5 9)->(5 5) 3 4 0 1 #timing (1740 1488) ps  polarity 1
net 711: (5 5)->(7 5) 1 2 0 1 #timing (1886 1621) ps  polarity 0
net 711: (7 5)->(6 4) 0 3 0 1 #timing (1750 2019) ps  polarity 1
net 716: (17 17)->(16 17) 0 2 0 0 #timing (172 172) ps polarity 1
net 716: (16 17)->(18 17) 1 2 0 0 #timing (313 294) ps polarity 0
net 716: (18 17)->(18 17) 5 0 1 0 #timing (416 473) ps polarity 1
net 716: (18 17)->(2 17) 13 2 0 0 #timing (1244 1044) ps polarity 0
net 716: (2 17)->(2 17) 5 0 0 1 #timing (1510 1320) ps  polarity 0
net 716: (2 17)->(2 21) 3 1 0 1 #timing (1853 1599) ps  polarity 1
net 716: (2 21)->(2 21) 1 0 1 1 #timing (1953 1703) ps  polarity 0
net 716: (2 21)->(2 21) 0 0 0 1 #timing (1818 2063) ps  polarity 1
net 723: (7 3)->(7 2) 0 1 0 0 #timing (412 412) ps polarity 0
net 723: (7 2)->(7 0) 1 1 0 0 #timing (555 536) ps polarity 1
net 723: (7 0)->(7 4) 3 1 0 0 #timing (899 855) ps polarity 1
net 723: (7 4)->(11 4) 4 5 0 0 #timing (1309 1190) ps polarity 1
net 723: (11 4)->(9 4) 1 2 0 1 #timing (1427 1512) ps  polarity 0
net 723: (9 4)->(9 4) 0 0 0 1 #timing (1680 1601) ps  polarity 1
net 725: (19 9)->(19 8) 0 1 0 0 #timing (700 700) ps polarity 1
net 725: (19 8)->(19 8) 1 0 0 0 #timing (781 780) ps polarity 0
net 725: (19 8)->(23 8) 4 2 0 0 #timing (1039 1029) ps polarity 0
net 725: (23 8)->(23 8) 5 0 0 0 #timing (1156 1163) ps polarity 1
net 725: (23 8)->(23 24) 13 1 0 0 #timing (1791 1663) ps polarity 0
net 725: (23 24)->(23 24) 5 0 1 1 #timing (2094 1977) ps  polarity 0
net 725: (23 24)->(21 24) 1 2 0 1 #timing (2274 2141) ps  polarity 0
net 725: (21 24)->(20 24) 0 2 0 1 #timing (2279 2416) ps  polarity 1
net 725: (23 24)->(19 24) 4 2 0 1 #timing (2392 2243) ps  polarity 1
net 725: (19 24)->(17 24) 1 2 0 1 #timing (2617 2437) ps  polarity 0
net 725: (17 24)->(16 24) 0 2 0 1 #timing (2581 2769) ps  polarity 1
net 725: (19 9)->(18 8) 0 3 0 0 #timing (702 703) ps polarity 1
net 725: (18 8)->(18 10) 1 1 0 0 #timing (825 814) ps polarity 0
net 725: (18 10)->(18 6) 3 4 0 0 #timing (1092 1081) ps polarity 0
net 725: (18 6)->(14 6) 4 5 0 0 #timing (1450 1382) ps polarity 0
net 725: (14 6)->(14 6) 5 0 0 0 #timing (1573 1523) ps polarity 1
net 725: (14 6)->(14 23) 13 1 1 0 #timing (2222 2136) ps polarity 0
net 725: (14 23)->(31 23) 13 2 1 0 #timing (2852 2830) ps polarity 1
net 725: (31 23)->(23 23) 5 2 0 1 #timing (3448 3390) ps  polarity 0
net 725: (23 23)->(23 19) 3 1 0 1 #timing (3846 3796) ps  polarity 0
net 725: (23 19)->(23 19) 1 0 1 1 #timing (3952 3908) ps  polarity 1
net 725: (23 19)->(22 19) 0 2 0 1 #timing (4055 4079) ps  polarity 0
net 725: (31 23)->(31 7) 13 1 0 0 #timing (3509 3441) ps polarity 0
net 725: (31 7)->(23 15) 5 3 0 1 #timing (4303 4220) ps  polarity 0
net 725: (23 15)->(23 11) 3 1 0 1 #timing (4761 4580) ps  polarity 1
net 725: (23 11)->(21 11) 1 2 0 1 #timing (4897 4714) ps  polarity 0
net 725: (21 11)->(20 11) 0 2 0 1 #timing (4818 5017) ps  polarity 1
net 725: (18 6)->(18 6) 5 0 0 0 #timing (1223 1222) ps polarity 1
net 725: (18 6)->(18 22) 13 1 0 0 #timing (1832 1718) ps polarity 0
net 725: (18 22)->(18 22) 5 0 0 1 #timing (2066 1962) ps  polarity 0
net 725: (18 22)->(16 22) 1 2 0 1 #timing (2262 2138) ps  polarity 0
net 725: (16 22)->(16 22) 0 0 0 1 #timing (2279 2414) ps  polarity 1
net 725: (18 22)->(22 22) 4 2 0 1 #timing (2401 2250) ps  polarity 1
net 725: (22 22)->(22 20) 1 1 0 1 #timing (2638 2449) ps  polarity 0
net 725: (22 20)->(22 20) 0 0 0 1 #timing (2575 2789) ps  polarity 1
net 725: (22 22)->(20 22) 1 2 0 1 #timing (2647 2454) ps  polarity 0
net 725: (20 22)->(20 22) 0 0 0 1 #timing (2576 2786) ps  polarity 1
net 725: (18 10)->(14 10) 4 5 0 1 #timing (1246 1164) ps  polarity 0
net 725: (14 10)->(14 10) 1 0 1 1 #timing (1432 1328) ps  polarity 1
net 725: (14 10)->(15 10) 0 2 0 1 #timing (1448 1543) ps  polarity 0
net 730: (20 9)->(20 9) 0 0 0 0 #timing (726 726) ps polarity 1
net 730: (20 9)->(20 11) 1 1 0 0 #timing (828 825) ps polarity 0
net 730: (20 11)->(20 9) 1 1 0 1 #timing (1097 1055) ps  polarity 1
net 730: (20 9)->(20 9) 0 0 0 1 #timing (1194 1242) ps  polarity 0
net 730: (20 9)->(20 8) 0 1 0 0 #timing (736 736) ps polarity 1
net 730: (20 8)->(20 10) 1 1 0 0 #timing (854 842) ps polarity 0
net 730: (20 10)->(20 6) 3 4 0 0 #timing (1114 1106) ps polarity 0
net 730: (20 6)->(20 4) 1 1 0 1 #timing (1384 1323) ps  polarity 1
net 730: (20 4)->(20 4) 0 0 0 1 #timing (1463 1527) ps  polarity 0
net 730: (20 4)->(21 5) 0 3 0 1 #timing (1453 1522) ps  polarity 0
net 730: (20 9)->(21 9) 0 2 0 0 #timing (738 738) ps polarity 1
net 730: (21 9)->(21 11) 1 1 0 0 #timing (850 845) ps polarity 0
net 730: (21 11)->(21 11) 5 0 0 0 #timing (956 994) ps polarity 1
net 730: (21 11)->(21 27) 13 1 0 0 #timing (1616 1461) ps polarity 0
net 730: (21 27)->(21 27) 5 0 0 1 #timing (1898 1758) ps  polarity 0
net 730: (21 27)->(23 27) 1 2 0 1 #timing (2081 1925) ps  polarity 0
net 730: (23 27)->(22 26) 0 3 0 1 #timing (2074 2224) ps  polarity 1
net 730: (21 27)->(25 27) 4 5 0 1 #timing (2330 2109) ps  polarity 1
net 730: (25 27)->(25 31) 3 1 0 1 #timing (2649 2368) ps  polarity 1
net 730: (25 31)->(25 31) 1 0 1 1 #timing (2763 2488) ps  polarity 0
net 730: (25 31)->(24 30) 0 3 0 1 #timing (2641 2891) ps  polarity 1
net 730: (25 31)->(25 29) 1 1 0 1 #timing (2808 2521) ps  polarity 0
net 730: (25 29)->(24 28) 0 3 0 1 #timing (2684 2963) ps  polarity 1
net 730: (20 9)->(21 8) 0 3 0 0 #timing (743 743) ps polarity 1
net 730: (21 8)->(23 8) 1 2 0 0 #timing (886 867) ps polarity 0
net 730: (23 8)->(27 8) 4 5 0 0 #timing (1213 1197) ps polarity 0
net 730: (27 8)->(27 8) 5 0 0 0 #timing (1359 1356) ps polarity 1
net 730: (27 8)->(27 0) 5 1 0 1 #timing (1727 1723) ps  polarity 0
net 730: (27 0)->(27 2) 1 1 0 1 #timing (1975 1930) ps  polarity 1
net 730: (27 2)->(26 3) 0 3 0 1 #timing (2082 2125) ps  polarity 0
net 731: (20 5)->(20 5) 0 0 0 0 #timing (161 161) ps polarity 1
net 731: (20 5)->(22 7) 1 3 0 0 #timing (322 293) ps polarity 0
net 731: (22 7)->(20 7) 1 2 0 1 #timing (623 559) ps  polarity 1
net 731: (20 7)->(21 6) 0 3 0 1 #timing (700 771) ps  polarity 0
net 731: (22 7)->(22 3) 3 1 0 0 #timing (615 631) ps polarity 0
net 731: (22 3)->(22 3) 1 0 1 1 #timing (832 811) ps  polarity 1
net 731: (22 3)->(22 3) 0 0 0 1 #timing (918 937) ps  polarity 0
net 731: (22 3)->(20 1) 1 3 0 1 #timing (950 885) ps  polarity 1
net 731: (20 1)->(21 1) 0 2 0 1 #timing (1020 1109) ps  polarity 0
net 731: (22 3)->(18 3) 4 2 0 0 #timing (949 916) ps polarity 0
net 731: (18 3)->(18 3) 1 0 0 1 #timing (1133 1137) ps  polarity 1
net 731: (18 3)->(19 3) 0 2 0 1 #timing (1248 1240) ps  polarity 0
net 731: (18 3)->(16 3) 1 2 0 1 #timing (1196 1178) ps  polarity 1
net 731: (16 3)->(17 2) 0 3 0 1 #timing (1344 1352) ps  polarity 0
net 731: (22 3)->(22 3) 5 0 0 0 #timing (745 772) ps polarity 1
net 731: (22 3)->(7 3) 13 2 1 0 #timing (1472 1311) ps polarity 0
net 731: (7 3)->(7 3) 5 0 1 1 #timing (1716 1569) ps  polarity 0
net 731: (7 3)->(11 3) 4 5 0 1 #timing (2095 1883) ps  polarity 1
net 731: (11 3)->(11 7) 3 1 0 1 #timing (2409 2140) ps  polarity 1
net 731: (11 7)->(11 7) 1 0 1 1 #timing (2515 2249) ps  polarity 0
net 731: (11 7)->(11 6) 0 1 0 1 #timing (2375 2630) ps  polarity 1
net 731: (7 3)->(15 11) 5 3 0 1 #timing (2230 2039) ps  polarity 0
net 731: (15 11)->(15 9) 1 1 0 1 #timing (2489 2269) ps  polarity 0
net 731: (15 9)->(14 8) 0 3 0 1 #timing (2401 2627) ps  polarity 1
net 731: (20 5)->(21 4) 0 3 0 0 #timing (182 182) ps polarity 1
net 731: (21 4)->(21 4) 1 0 0 0 #timing (266 267) ps polarity 0
net 731: (21 4)->(21 0) 3 1 0 0 #timing (551 495) ps polarity 0
net 731: (21 0)->(23 2) 1 3 0 1 #timing (838 724) ps  polarity 1
net 731: (23 2)->(22 2) 0 2 0 1 #timing (865 1002) ps  polarity 0
net 732: (22 26)->(22 26) 0 0 0 0 #timing (196 196) ps polarity 1
net 732: (22 26)->(20 24) 1 3 0 0 #timing (396 351) ps polarity 0
net 732: (20 24)->(20 24) 5 0 1 0 #timing (475 563) ps polarity 1
net 732: (20 24)->(20 9) 13 1 1 0 #timing (1184 978) ps polarity 0
net 732: (20 9)->(20 9) 5 0 0 1 #timing (1392 1200) ps  polarity 0
net 732: (20 9)->(20 5) 3 4 0 1 #timing (1807 1516) ps  polarity 1
net 732: (20 5)->(20 5) 1 0 1 1 #timing (1902 1615) ps  polarity 0
net 732: (20 5)->(20 4) 0 1 0 1 #timing (1725 2007) ps  polarity 1
net 732: (20 5)->(21 5) 0 2 0 1 #timing (1753 2024) ps  polarity 1
net 732: (20 9)->(28 1) 5 3 0 1 #timing (1850 1623) ps  polarity 0
net 732: (28 1)->(24 1) 4 2 0 1 #timing (1903 2128) ps  polarity 1
net 732: (24 1)->(26 1) 1 2 0 1 #timing (2133 2320) ps  polarity 0
net 732: (26 1)->(26 1) 0 0 0 1 #timing (2483 2276) ps  polarity 1
net 742: (20 3)->(20 3) 0 0 0 0 #timing (726 726) ps polarity 1
net 742: (20 3)->(20 3) 1 0 0 0 #timing (797 803) ps polarity 0
net 742: (20 3)->(20 3) 1 0 0 1 #timing (1000 973) ps  polarity 1
net 742: (20 3)->(21 3) 0 2 0 1 #timing (1084 1107) ps  polarity 0
net 743: (19 6)->(19 7) 0 1 0 0 #timing (691 691) ps polarity 1
net 743: (19 7)->(19 5) 1 1 0 0 #timing (818 805) ps polarity 0
net 743: (19 5)->(23 5) 4 2 0 1 #timing (1185 1133) ps  polarity 0
net 743: (23 5)->(23 1) 3 1 0 1 #timing (1518 1395) ps  polarity 0
net 743: (23 1)->(21 3) 1 3 0 1 #timing (1688 1549) ps  polarity 1
net 743: (21 3)->(21 3) 0 0 0 1 #timing (1671 1842) ps  polarity 0
net 744: (9 1)->(9 0) 0 1 0 0 #timing (360 361) ps polarity 0
net 744: (9 0)->(11 2) 1 3 0 0 #timing (543 516) ps polarity 1
net 744: (11 2)->(11 6) 3 1 0 1 #timing (1017 901) ps  polarity 1
net 744: (11 6)->(11 4) 1 1 0 1 #timing (1160 1037) ps  polarity 0
net 744: (11 4)->(11 4) 0 0 0 1 #timing (1153 1290) ps  polarity 1
net 744: (11 4)->(10 4) 0 2 0 1 #timing (1178 1305) ps  polarity 1
net 744: (11 2)->(15 2) 4 2 0 0 #timing (912 922) ps polarity 1
net 744: (15 2)->(15 6) 3 1 0 1 #timing (1338 1226) ps  polarity 1
net 744: (15 6)->(15 6) 1 0 1 1 #timing (1437 1329) ps  polarity 0
net 744: (15 6)->(15 7) 0 1 0 1 #timing (1459 1553) ps  polarity 1
net 744: (15 2)->(19 2) 4 5 0 1 #timing (1269 1208) ps  polarity 1
net 744: (19 2)->(19 2) 1 0 0 1 #timing (1459 1373) ps  polarity 0
net 744: (19 2)->(19 3) 0 1 0 1 #timing (1518 1583) ps  polarity 1
net 744: (15 2)->(15 2) 5 0 1 0 #timing (1036 1060) ps polarity 0
net 744: (15 2)->(30 2) 13 2 1 0 #timing (1669 1528) ps polarity 1
net 744: (30 2)->(22 2) 5 2 0 1 #timing (2164 1991) ps  polarity 0
net 744: (22 2)->(20 2) 1 2 0 1 #timing (2262 2383) ps  polarity 1
net 744: (20 2)->(20 2) 0 0 0 1 #timing (2500 2398) ps  polarity 0
net 744: (20 2)->(20 3) 0 1 0 1 #timing (2509 2403) ps  polarity 0
net 744: (20 2)->(21 2) 0 2 0 1 #timing (2508 2403) ps  polarity 0
net 744: (20 2)->(21 3) 0 3 0 1 #timing (2511 2405) ps  polarity 0
net 748: (19 14)->(19 14) 0 0 0 0 #timing (185 185) ps polarity 1
net 748: (19 14)->(17 12) 1 3 0 0 #timing (347 316) ps polarity 0
net 748: (17 12)->(21 12) 4 2 0 1 #timing (724 648) ps  polarity 0
net 748: (21 12)->(21 12) 1 0 0 1 #timing (914 814) ps  polarity 1
net 748: (21 12)->(20 13) 0 3 0 1 #timing (957 1037) ps  polarity 0
net 748: (21 12)->(21 14) 1 1 0 1 #timing (969 851) ps  polarity 1
net 748: (21 14)->(21 14) 0 0 0 1 #timing (966 1098) ps  polarity 0
net 760: (10 9)->(10 9) 0 0 0 0 #timing (726 726) ps polarity 1
net 760: (10 9)->(10 11) 1 1 0 0 #timing (830 827) ps polarity 0
net 760: (10 11)->(10 15) 3 1 0 1 #timing (1242 1154) ps  polarity 0
net 760: (10 15)->(10 15) 1 0 1 1 #timing (1348 1263) ps  polarity 1
net 760: (10 15)->(10 15) 0 0 0 1 #timing (1377 1458) ps  polarity 0
net 761: (15 14)->(15 14) 0 0 0 0 #timing (162 162) ps polarity 1
net 761: (15 14)->(15 14) 1 0 0 0 #timing (238 241) ps polarity 0
net 761: (15 14)->(11 14) 4 2 0 0 #timing (499 466) ps polarity 0
net 761: (11 14)->(11 14) 1 0 1 1 #timing (680 684) ps  polarity 1
net 761: (11 14)->(10 15) 0 3 0 1 #timing (829 803) ps  polarity 0
net 761: (11 14)->(7 14) 4 5 0 1 #timing (861 784) ps  polarity 0
net 761: (7 14)->(7 10) 3 1 0 1 #timing (1217 1071) ps  polarity 0
net 761: (7 10)->(7 10) 1 0 1 1 #timing (1322 1182) ps  polarity 1
net 761: (7 10)->(6 10) 0 2 0 1 #timing (1255 1404) ps  polarity 0
net 762: (11 15)->(11 15) 0 0 0 0 #timing (178 178) ps polarity 0
net 762: (11 15)->(11 13) 1 1 0 0 #timing (299 289) ps polarity 1
net 762: (11 13)->(11 15) 1 1 0 1 #timing (556 507) ps  polarity 0
net 762: (11 15)->(10 15) 0 2 0 1 #timing (651 705) ps  polarity 1
net 764: (15 19)->(15 18) 0 1 0 0 #timing (719 719) ps polarity 1
net 764: (15 18)->(13 18) 1 2 0 0 #timing (857 840) ps polarity 0
net 764: (13 18)->(13 22) 3 1 0 0 #timing (1157 1134) ps polarity 0
net 764: (13 22)->(13 22) 1 0 1 1 #timing (1368 1309) ps  polarity 1
net 764: (13 22)->(12 22) 0 2 0 1 #timing (1436 1484) ps  polarity 0
net 764: (15 19)->(14 18) 0 3 0 0 #timing (723 723) ps polarity 1
net 764: (14 18)->(14 16) 1 1 0 0 #timing (852 844) ps polarity 0
net 764: (14 16)->(10 16) 4 2 0 0 #timing (1140 1131) ps polarity 0
net 764: (10 16)->(10 16) 1 0 1 1 #timing (1339 1321) ps  polarity 1
net 764: (10 16)->(10 17) 0 1 0 1 #timing (1418 1436) ps  polarity 0
net 764: (14 16)->(14 16) 5 0 0 0 #timing (953 991) ps polarity 1
net 764: (14 16)->(14 24) 5 1 0 1 #timing (1285 1327) ps  polarity 0
net 764: (14 24)->(12 24) 1 2 0 1 #timing (1587 1491) ps  polarity 1
net 764: (12 24)->(12 24) 0 0 0 1 #timing (1631 1730) ps  polarity 0
net 784: (12 20)->(12 20) 0 0 0 0 #timing (166 166) ps polarity 1
net 784: (12 20)->(12 20) 1 0 0 0 #timing (242 245) ps polarity 0
net 784: (12 20)->(12 16) 3 1 0 0 #timing (525 471) ps polarity 0
net 784: (12 16)->(12 16) 1 0 1 1 #timing (737 649) ps  polarity 1
net 784: (12 16)->(12 16) 0 0 0 1 #timing (774 851) ps  polarity 0
net 784: (12 16)->(8 16) 4 2 0 1 #timing (873 762) ps  polarity 0
net 784: (8 16)->(8 12) 3 4 0 1 #timing (1185 1009) ps  polarity 0
net 784: (8 12)->(8 12) 1 0 0 1 #timing (1278 1108) ps  polarity 1
net 784: (8 12)->(9 13) 0 3 0 1 #timing (1237 1394) ps  polarity 0
net 785: (10 18)->(10 19) 0 1 0 0 #timing (199 199) ps polarity 0
net 785: (10 19)->(10 19) 1 0 0 0 #timing (285 283) ps polarity 1
net 785: (10 19)->(10 15) 3 4 0 0 #timing (558 509) ps polarity 1
net 785: (10 15)->(8 15) 1 2 0 1 #timing (786 698) ps  polarity 0
net 785: (8 15)->(8 14) 0 1 0 1 #timing (832 916) ps  polarity 1
net 785: (8 15)->(9 15) 0 2 0 1 #timing (813 905) ps  polarity 1
net 785: (10 19)->(14 19) 4 2 0 0 #timing (537 520) ps polarity 1
net 785: (14 19)->(12 17) 1 3 0 1 #timing (783 755) ps  polarity 0
net 785: (12 17)->(12 16) 0 1 0 1 #timing (920 958) ps  polarity 1
net 785: (10 18)->(11 18) 0 2 0 0 #timing (204 204) ps polarity 0
net 785: (11 18)->(9 18) 1 2 0 0 #timing (328 318) ps polarity 1
net 785: (9 18)->(9 14) 3 4 0 0 #timing (652 636) ps polarity 1
net 785: (9 14)->(9 14) 1 0 0 1 #timing (881 826) ps  polarity 0
net 785: (9 14)->(9 14) 0 0 0 1 #timing (921 978) ps  polarity 1
net 786: (13 18)->(13 18) 0 0 0 0 #timing (184 184) ps polarity 0
net 786: (13 18)->(13 18) 1 0 0 0 #timing (256 262) ps polarity 1
net 786: (13 18)->(13 14) 3 4 0 0 #timing (524 475) ps polarity 1
net 786: (13 14)->(9 14) 4 2 0 0 #timing (839 762) ps polarity 1
net 786: (9 14)->(9 14) 1 0 1 1 #timing (977 1023) ps  polarity 0
net 786: (9 14)->(9 15) 0 1 0 1 #timing (1134 1083) ps  polarity 1
net 786: (9 14)->(8 14) 0 2 0 1 #timing (1110 1070) ps  polarity 1
net 786: (13 18)->(13 16) 1 1 0 0 #timing (309 295) ps polarity 1
net 786: (13 16)->(13 16) 1 0 1 1 #timing (527 487) ps  polarity 0
net 786: (13 16)->(12 16) 0 2 0 1 #timing (615 644) ps  polarity 1
net 786: (13 18)->(12 19) 0 3 0 0 #timing (186 186) ps polarity 0
net 786: (12 19)->(12 19) 1 0 0 0 #timing (273 274) ps polarity 1
net 786: (12 19)->(12 15) 3 4 0 0 #timing (523 482) ps polarity 1
net 786: (12 15)->(8 15) 4 2 0 0 #timing (788 731) ps polarity 1
net 786: (8 15)->(8 15) 1 0 1 1 #timing (939 969) ps  polarity 0
net 786: (8 15)->(9 14) 0 3 0 1 #timing (1106 1059) ps  polarity 1
net 787: (12 21)->(13 20) 0 3 0 0 #timing (398 398) ps polarity 0
net 787: (13 20)->(15 22) 1 3 0 0 #timing (558 532) ps polarity 1
net 787: (15 22)->(11 22) 4 2 0 1 #timing (993 907) ps  polarity 1
net 787: (11 22)->(11 22) 1 0 0 1 #timing (1182 1072) ps  polarity 0
net 787: (11 22)->(10 22) 0 2 0 1 #timing (1200 1299) ps  polarity 1
net 787: (15 22)->(19 22) 4 5 0 0 #timing (868 897) ps polarity 1
net 787: (19 22)->(19 22) 5 0 1 0 #timing (991 1036) ps polarity 0
net 787: (19 22)->(2 22) 13 2 1 0 #timing (1774 1583) ps polarity 1
net 787: (2 22)->(2 7) 13 1 1 0 #timing (2253 2354) ps polarity 0
net 787: (2 7)->(10 15) 5 3 0 1 #timing (2956 3037) ps  polarity 0
net 787: (10 15)->(14 15) 4 2 0 1 #timing (3341 3243) ps  polarity 1
net 787: (14 15)->(12 15) 1 2 0 1 #timing (3551 3425) ps  polarity 0
net 787: (12 15)->(13 14) 0 3 0 1 #timing (3591 3706) ps  polarity 1
net 788: (21 8)->(21 8) 0 0 0 0 #timing (162 162) ps polarity 1
net 788: (21 8)->(21 10) 1 1 0 0 #timing (281 270) ps polarity 0
net 788: (21 10)->(21 14) 3 1 0 0 #timing (593 547) ps polarity 0
net 788: (21 14)->(25 14) 4 5 0 1 #timing (1052 912) ps  polarity 0
net 788: (25 14)->(25 18) 3 4 0 1 #timing (1374 1177) ps  polarity 0
net 788: (25 18)->(27 18) 1 2 0 1 #timing (1571 1352) ps  polarity 1
net 788: (27 18)->(27 19) 0 1 0 1 #timing (1479 1722) ps  polarity 0
net 788: (21 10)->(21 6) 3 4 0 0 #timing (564 536) ps polarity 0
net 788: (21 6)->(21 6) 1 0 1 1 #timing (778 714) ps  polarity 1
net 788: (21 6)->(21 7) 0 1 0 1 #timing (840 893) ps  polarity 0
net 788: (21 10)->(17 10) 4 2 0 0 #timing (531 538) ps polarity 0
net 788: (17 10)->(13 10) 4 5 0 1 #timing (871 840) ps  polarity 0
net 788: (13 10)->(13 14) 3 1 0 1 #timing (1134 1056) ps  polarity 0
net 788: (13 14)->(13 12) 1 1 0 1 #timing (1272 1189) ps  polarity 1
net 788: (13 12)->(13 12) 0 0 0 1 #timing (1336 1428) ps  polarity 0
net 788: (21 10)->(25 10) 4 5 0 0 #timing (616 599) ps polarity 0
net 788: (25 10)->(25 10) 1 0 0 1 #timing (798 790) ps  polarity 1
net 788: (25 10)->(24 11) 0 3 0 1 #timing (900 904) ps  polarity 0
net 788: (25 10)->(29 10) 4 2 0 1 #timing (914 864) ps  polarity 0
net 788: (29 10)->(29 14) 3 1 0 1 #timing (1189 1092) ps  polarity 0
net 788: (29 14)->(29 14) 1 0 0 1 #timing (1288 1195) ps  polarity 1
net 788: (29 14)->(28 15) 0 3 0 1 #timing (1340 1412) ps  polarity 0
net 788: (25 10)->(25 10) 5 0 0 0 #timing (738 737) ps polarity 1
net 788: (25 10)->(8 10) 13 2 1 0 #timing (1426 1292) ps polarity 0
net 788: (8 10)->(8 10) 5 0 0 1 #timing (1743 1620) ps  polarity 0
net 788: (8 10)->(8 10) 1 0 0 1 #timing (1894 1763) ps  polarity 0
net 788: (8 10)->(8 10) 0 0 0 1 #timing (1871 1999) ps  polarity 1
net 788: (8 10)->(8 2) 5 1 0 1 #timing (2006 1846) ps  polarity 1
net 788: (8 2)->(10 2) 1 2 0 1 #timing (2076 2192) ps  polarity 0
net 788: (10 2)->(10 3) 0 1 0 1 #timing (2308 2194) ps  polarity 1
net 788: (8 10)->(8 26) 13 1 0 0 #timing (1953 1993) ps polarity 1
net 788: (8 26)->(8 26) 5 0 1 1 #timing (2200 2249) ps  polarity 1
net 788: (8 26)->(10 24) 1 3 0 1 #timing (2404 2429) ps  polarity 1
net 788: (10 24)->(11 24) 0 2 0 1 #timing (2554 2544) ps  polarity 0
net 788: (21 8)->(21 9) 0 1 0 0 #timing (174 174) ps polarity 1
net 788: (21 9)->(23 11) 1 3 0 0 #timing (324 301) ps polarity 0
net 788: (23 11)->(23 15) 3 1 0 0 #timing (647 645) ps polarity 0
net 788: (23 15)->(19 15) 4 2 0 0 #timing (915 901) ps polarity 0
net 788: (19 15)->(15 15) 4 5 0 1 #timing (1245 1194) ps  polarity 0
net 788: (15 15)->(15 19) 3 4 0 1 #timing (1539 1428) ps  polarity 0
net 788: (15 19)->(15 19) 1 0 0 1 #timing (1637 1531) ps  polarity 1
net 788: (15 19)->(15 19) 0 0 0 1 #timing (1644 1746) ps  polarity 0
net 788: (23 11)->(19 11) 4 2 0 0 #timing (567 604) ps polarity 0
net 788: (19 11)->(19 11) 5 0 1 0 #timing (699 756) ps polarity 1
net 788: (19 11)->(19 3) 5 1 0 1 #timing (1058 1115) ps  polarity 0
net 788: (19 3)->(15 3) 4 5 0 1 #timing (1377 1380) ps  polarity 0
net 788: (15 3)->(15 3) 1 0 1 1 #timing (1564 1544) ps  polarity 1
net 788: (15 3)->(15 2) 0 1 0 1 #timing (1656 1671) ps  polarity 0
net 788: (15 3)->(14 3) 0 2 0 1 #timing (1666 1678) ps  polarity 0
net 788: (21 8)->(20 8) 0 2 0 0 #timing (173 173) ps polarity 1
net 788: (20 8)->(20 8) 1 0 0 0 #timing (257 258) ps polarity 0
net 788: (20 8)->(20 12) 3 1 0 0 #timing (550 493) ps polarity 0
net 788: (20 12)->(16 12) 4 2 0 0 #timing (857 763) ps polarity 0
net 788: (16 12)->(16 12) 1 0 1 1 #timing (976 1041) ps  polarity 1
net 788: (16 12)->(17 13) 0 3 0 1 #timing (1160 1086) ps  polarity 0
net 788: (20 12)->(20 12) 5 0 0 0 #timing (674 629) ps polarity 1
net 788: (20 12)->(28 12) 5 2 0 1 #timing (1012 967) ps  polarity 0
net 788: (28 12)->(28 16) 3 4 0 1 #timing (1379 1322) ps  polarity 0
net 788: (28 16)->(28 18) 1 1 0 1 #timing (1537 1466) ps  polarity 1
net 788: (28 18)->(29 18) 0 2 0 1 #timing (1605 1697) ps  polarity 0
net 788: (28 18)->(29 19) 0 3 0 1 #timing (1627 1710) ps  polarity 0
net 788: (20 12)->(4 12) 13 2 0 0 #timing (1252 1180) ps polarity 0
net 788: (4 12)->(4 12) 5 0 1 1 #timing (1488 1429) ps  polarity 0
net 788: (4 12)->(0 12) 4 2 0 1 #timing (1806 1708) ps  polarity 1
net 788: (0 12)->(2 12) 1 2 0 1 #timing (2047 1909) ps  polarity 0
net 788: (2 12)->(2 13) 0 1 0 1 #timing (2042 2195) ps  polarity 1
net 788: (0 12)->(0 16) 3 4 0 1 #timing (2065 1926) ps  polarity 1
net 788: (0 16)->(2 18) 1 3 0 1 #timing (2231 2073) ps  polarity 0
net 788: (2 18)->(2 18) 0 0 0 1 #timing (2198 2390) ps  polarity 1
net 788: (20 8)->(20 4) 3 4 0 0 #timing (524 478) ps polarity 0
net 788: (20 4)->(20 4) 1 0 1 1 #timing (736 656) ps  polarity 1
net 788: (20 4)->(20 5) 0 1 0 1 #timing (753 833) ps  polarity 0
net 788: (20 4)->(24 4) 4 5 0 0 #timing (960 839) ps polarity 0
net 788: (24 4)->(26 4) 1 2 0 1 #timing (1077 1159) ps  polarity 1
net 788: (26 4)->(26 5) 0 1 0 1 #timing (1290 1202) ps  polarity 0
net 788: (20 4)->(20 4) 5 0 0 0 #timing (649 616) ps polarity 1
net 788: (20 4)->(5 4) 13 2 1 0 #timing (1208 1132) ps polarity 0
net 788: (5 4)->(5 4) 5 0 1 1 #timing (1436 1372) ps  polarity 0
net 788: (5 4)->(5 6) 1 1 0 1 #timing (1619 1541) ps  polarity 0
net 788: (5 6)->(5 7) 0 1 0 1 #timing (1716 1781) ps  polarity 1
net 788: (5 4)->(7 6) 1 3 0 1 #timing (1652 1560) ps  polarity 0
net 788: (7 6)->(6 6) 0 2 0 1 #timing (1706 1811) ps  polarity 1
net 788: (5 4)->(9 4) 4 5 0 1 #timing (1825 1704) ps  polarity 1
net 788: (9 4)->(9 4) 1 0 1 1 #timing (2014 1869) ps  polarity 0
net 788: (9 4)->(9 5) 0 1 0 1 #timing (1965 2111) ps  polarity 1
net 788: (9 4)->(8 5) 0 3 0 1 #timing (1980 2121) ps  polarity 1
net 788: (9 4)->(9 6) 1 1 0 1 #timing (2057 1899) ps  polarity 0
net 788: (9 6)->(9 7) 0 1 0 1 #timing (2006 2181) ps  polarity 1
net 788: (20 8)->(24 8) 4 5 0 0 #timing (636 559) ps polarity 0
net 788: (24 8)->(26 8) 1 2 0 1 #timing (801 837) ps  polarity 1
net 788: (26 8)->(26 9) 0 1 0 1 #timing (952 917) ps  polarity 0
net 788: (24 8)->(24 8) 5 0 1 0 #timing (766 702) ps polarity 1
net 788: (24 8)->(24 24) 13 1 0 0 #timing (1363 1300) ps polarity 0
net 788: (24 24)->(24 24) 5 0 1 1 #timing (1608 1555) ps  polarity 0
net 788: (24 24)->(26 24) 1 2 0 1 #timing (1772 1707) ps  polarity 0
net 788: (26 24)->(27 24) 0 2 0 1 #timing (1822 1890) ps  polarity 1
net 788: (26 24)->(27 25) 0 3 0 1 #timing (1847 1901) ps  polarity 1
net 788: (24 24)->(24 28) 3 1 0 1 #timing (1965 1687) ps 
net 788: (24 8)->(9 8) 13 2 1 0 #timing (1430 1354) ps polarity 0
net 788: (9 8)->(9 8) 5 0 0 1 #timing (1695 1629) ps  polarity 0
net 788: (9 8)->(9 10) 1 1 0 1 #timing (1882 1803) ps  polarity 0
net 788: (9 10)->(9 11) 0 1 0 1 #timing (1923 2015) ps  polarity 1
net 788: (9 10)->(8 11) 0 3 0 1 #timing (1897 1998) ps  polarity 1
net 788: (20 8)->(20 8) 5 0 0 0 #timing (360 375) ps polarity 1
net 788: (20 8)->(28 0) 5 3 0 1 #timing (953 973) ps  polarity 1
net 788: (28 0)->(28 0) 1 0 0 1 #timing (1141 1149) ps  polarity 1
net 788: (28 0)->(29 1) 0 3 0 1 #timing (1263 1250) ps  polarity 0
net 788: (20 8)->(20 24) 13 1 0 0 #timing (994 859) ps polarity 0
net 788: (20 24)->(20 24) 5 0 0 1 #timing (1227 1101) ps  polarity 0
net 788: (20 24)->(20 28) 3 1 0 1 #timing (1622 1409) ps  polarity 1
net 788: (20 28)->(22 30) 1 3 0 1 #timing (1789 1558) ps  polarity 0
net 788: (22 30)->(23 30) 0 2 0 1 #timing (1711 1971) ps  polarity 1
net 788: (20 24)->(24 24) 4 5 0 1 #timing (1620 1421) ps  polarity 1
net 788: (24 24)->(26 24) 1 2 0 1 #timing (1652 1587) ps 
net 788: (24 24)->(24 28) 3 1 0 1 #timing (1965 1687) ps  polarity 1
net 788: (24 28)->(26 30) 1 3 0 1 #timing (2118 1829) ps  polarity 0
net 788: (26 30)->(27 30) 0 2 0 1 #timing (1944 2255) ps  polarity 1
net 788: (20 24)->(28 24) 5 2 0 1 #timing (1454 1294) ps  polarity 1
net 788: (28 24)->(28 24) 1 0 0 1 #timing (1496 1622) ps  polarity 0
net 788: (28 24)->(29 24) 0 2 0 1 #timing (1718 1594) ps  polarity 1
net 788: (28 24)->(29 25) 0 3 0 1 #timing (1735 1604) ps  polarity 1
net 788: (20 24)->(5 24) 13 2 1 0 #timing (1530 1570) ps polarity 1
net 788: (5 24)->(5 24) 5 0 0 1 #timing (1761 1813) ps  polarity 1
net 788: (5 24)->(9 24) 4 5 0 1 #timing (2202 2172) ps  polarity 0
net 788: (9 24)->(9 28) 3 1 0 1 #timing (2543 2443) ps  polarity 0
net 788: (9 28)->(9 30) 1 1 0 1 #timing (2700 2592) ps  polarity 1
net 788: (9 30)->(9 30) 0 0 0 1 #timing (2676 2809) ps  polarity 0
net 788: (5 24)->(13 24) 5 2 0 1 #timing (2013 2026) ps  polarity 0
net 788: (13 24)->(15 24) 1 2 0 1 #timing (2285 2218) ps  polarity 1
net 788: (15 24)->(15 24) 0 0 0 1 #timing (2336 2417) ps  polarity 0
net 788: (20 8)->(5 8) 13 2 1 0 #timing (1008 871) ps polarity 0
net 788: (5 8)->(5 8) 5 0 0 1 #timing (1239 1114) ps  polarity 0
net 788: (5 8)->(5 10) 1 1 0 1 #timing (1423 1283) ps  polarity 0
net 788: (5 10)->(5 11) 0 1 0 1 #timing (1443 1578) ps  polarity 1
net 788: (5 10)->(4 10) 0 2 0 1 #timing (1415 1564) ps  polarity 1
net 788: (5 10)->(4 11) 0 3 0 1 #timing (1438 1575) ps  polarity 1
net 788: (5 8)->(5 12) 3 1 0 1 #timing (1564 1382) ps  polarity 1
net 788: (5 12)->(5 14) 1 1 0 1 #timing (1715 1525) ps  polarity 0
net 788: (5 14)->(4 15) 0 3 0 1 #timing (1682 1876) ps  polarity 1
net 788: (5 8)->(1 8) 4 2 0 1 #timing (1587 1412) ps  polarity 1
net 788: (1 8)->(3 8) 1 2 0 1 #timing (1823 1611) ps  polarity 0
net 788: (3 8)->(2 9) 0 3 0 1 #timing (1745 1963) ps  polarity 1
net 788: (5 8)->(5 0) 5 1 0 1 #timing (1452 1300) ps  polarity 1
net 788: (5 0)->(5 0) 1 0 1 1 #timing (1507 1624) ps  polarity 0
net 788: (5 0)->(5 1) 0 1 0 1 #timing (1758 1626) ps  polarity 1
net 788: (5 0)->(9 0) 4 5 0 1 #timing (1800 1587) ps  polarity 1
net 788: (9 0)->(11 2) 1 3 0 1 #timing (2076 1812) ps  polarity 0
net 788: (11 2)->(11 3) 0 1 0 1 #timing (1960 2261) ps  polarity 1
net 788: (11 2)->(10 2) 0 2 0 1 #timing (1935 2242) ps  polarity 1
net 788: (21 8)->(20 9) 0 3 0 0 #timing (188 188) ps polarity 1
net 788: (20 9)->(20 9) 1 0 0 0 #timing (273 274) ps polarity 0
net 788: (20 9)->(20 13) 3 1 0 0 #timing (618 539) ps polarity 0
net 788: (20 13)->(24 13) 4 5 0 0 #timing (1009 863) ps polarity 0
net 788: (24 13)->(24 17) 3 4 0 1 #timing (1282 1335) ps  polarity 0
net 788: (24 17)->(26 17) 1 2 0 1 #timing (1400 1450) ps  polarity 1
net 788: (26 17)->(26 17) 0 0 0 1 #timing (1583 1528) ps  polarity 0
net 788: (20 13)->(20 13) 5 0 0 0 #timing (746 678) ps polarity 1
net 788: (20 13)->(5 13) 13 2 1 0 #timing (1319 1268) ps polarity 0
net 788: (5 13)->(5 13) 5 0 0 1 #timing (1548 1509) ps  polarity 0
net 788: (5 13)->(5 17) 3 4 0 1 #timing (1879 1781) ps  polarity 1
net 788: (5 17)->(7 19) 1 3 0 1 #timing (2045 1930) ps  polarity 0
net 788: (7 19)->(6 19) 0 2 0 1 #timing (2080 2205) ps  polarity 1
net 788: (7 19)->(6 18) 0 3 0 1 #timing (2068 2198) ps  polarity 1
net 788: (20 9)->(20 9) 5 0 1 0 #timing (379 394) ps polarity 1
net 788: (20 9)->(4 9) 13 2 0 0 #timing (1032 897) ps polarity 0
net 788: (4 9)->(4 9) 5 0 0 1 #timing (1265 1143) ps  polarity 0
net 788: (4 9)->(8 9) 4 5 0 1 #timing (1681 1479) ps  polarity 1
net 788: (8 9)->(8 5) 3 4 0 1 #timing (2041 1760) ps  polarity 1
net 788: (8 5)->(8 5) 1 0 1 1 #timing (2139 1861) ps  polarity 0
net 788: (8 5)->(8 4) 0 1 0 1 #timing (1962 2240) ps  polarity 1
net 788: (4 9)->(4 25) 13 1 0 0 #timing (1587 1620) ps polarity 1
net 788: (4 25)->(4 25) 5 0 1 1 #timing (1837 1879) ps  polarity 1
net 788: (4 25)->(8 25) 4 5 0 1 #timing (2252 2212) ps  polarity 0
net 788: (8 25)->(8 21) 3 4 0 1 #timing (2585 2469) ps  polarity 0
net 788: (8 21)->(10 21) 1 2 0 1 #timing (2705 2589) ps  polarity 1
net 788: (10 21)->(10 21) 0 0 0 1 #timing (2700 2818) ps  polarity 0
net 788: (10 21)->(11 21) 0 2 0 1 #timing (2706 2822) ps  polarity 0
net 789: (12 16)->(12 16) 0 0 0 0 #timing (190 190) ps polarity 0
net 789: (12 16)->(12 16) 1 0 0 0 #timing (261 266) ps polarity 1
net 789: (12 16)->(12 12) 3 4 0 0 #timing (552 494) ps polarity 1
net 789: (12 12)->(12 8) 3 1 0 1 #timing (975 819) ps  polarity 1
net 789: (12 8)->(12 10) 1 1 0 1 #timing (1120 954) ps  polarity 0
net 789: (12 10)->(13 11) 0 3 0 1 #timing (1078 1249) ps  polarity 1
net 789: (12 12)->(16 12) 4 5 0 0 #timing (840 763) ps polarity 1
net 789: (16 12)->(16 12) 1 0 0 1 #timing (962 1011) ps  polarity 0
net 789: (16 12)->(17 12) 0 2 0 1 #timing (1107 1060) ps  polarity 1
net 789: (16 12)->(16 14) 1 1 0 1 #timing (1013 1046) ps  polarity 0
net 789: (16 14)->(16 14) 0 0 0 1 #timing (1189 1168) ps  polarity 1
net 789: (12 16)->(8 16) 4 2 0 0 #timing (503 481) ps polarity 1
net 789: (8 16)->(10 18) 1 3 0 1 #timing (763 731) ps  polarity 0
net 789: (10 18)->(11 19) 0 3 0 1 #timing (870 913) ps  polarity 1
net 789: (8 16)->(8 20) 3 1 0 1 #timing (895 829) ps  polarity 1
net 789: (8 20)->(10 22) 1 3 0 1 #timing (1063 981) ps  polarity 0
net 789: (10 22)->(10 22) 0 0 0 1 #timing (1103 1209) ps  polarity 1
net 789: (10 22)->(10 23) 0 1 0 1 #timing (1111 1213) ps  polarity 1
net 789: (10 22)->(11 22) 0 2 0 1 #timing (1108 1210) ps  polarity 1
net 789: (10 22)->(11 23) 0 3 0 1 #timing (1111 1213) ps  polarity 1
net 789: (12 16)->(14 16) 1 2 0 0 #timing (313 302) ps polarity 1
net 789: (14 16)->(14 20) 3 1 0 1 #timing (704 621) ps  polarity 1
net 789: (14 20)->(14 20) 1 0 1 1 #timing (801 723) ps  polarity 0
net 789: (14 20)->(14 20) 0 0 0 1 #timing (827 902) ps  polarity 1
net 789: (14 20)->(14 21) 0 1 0 1 #timing (843 913) ps  polarity 1
net 789: (14 20)->(15 20) 0 2 0 1 #timing (862 924) ps  polarity 1
net 789: (14 20)->(15 21) 0 3 0 1 #timing (839 910) ps  polarity 1
net 789: (14 20)->(14 22) 1 1 0 1 #timing (841 753) ps  polarity 0
net 789: (14 22)->(14 22) 0 0 0 1 #timing (869 972) ps  polarity 1
net 789: (14 22)->(14 23) 0 1 0 1 #timing (884 983) ps  polarity 1
net 789: (14 22)->(15 22) 0 2 0 1 #timing (904 994) ps  polarity 1
net 789: (14 22)->(15 23) 0 3 0 1 #timing (881 981) ps  polarity 1
net 789: (12 16)->(13 17) 0 3 0 0 #timing (203 203) ps polarity 0
net 789: (13 17)->(13 17) 1 0 0 0 #timing (292 292) ps polarity 1
net 789: (13 17)->(13 17) 1 0 1 1 #timing (495 462) ps  polarity 0
net 789: (13 17)->(13 16) 0 1 0 1 #timing (583 607) ps  polarity 1
net 789: (13 17)->(13 13) 3 4 0 0 #timing (575 521) ps polarity 1
net 789: (13 13)->(13 13) 1 0 1 1 #timing (784 698) ps  polarity 0
net 789: (13 13)->(12 13) 0 2 0 1 #timing (829 903) ps  polarity 1
net 789: (13 13)->(13 9) 3 1 0 1 #timing (1018 857) ps  polarity 1
net 789: (13 9)->(13 11) 1 1 0 1 #timing (1152 988) ps  polarity 0
net 789: (13 11)->(13 10) 0 1 0 1 #timing (1114 1289) ps  polarity 1
net 789: (13 13)->(9 13) 4 2 0 0 #timing (895 813) ps polarity 1
net 789: (9 13)->(9 13) 1 0 1 1 #timing (1029 1080) ps  polarity 0
net 789: (9 13)->(8 13) 0 2 0 1 #timing (1225 1155) ps  polarity 1
net 789: (13 13)->(17 13) 4 5 0 0 #timing (909 809) ps polarity 1
net 789: (17 13)->(17 15) 1 1 0 1 #timing (1045 1109) ps  polarity 0
net 789: (17 15)->(17 14) 0 1 0 1 #timing (1248 1190) ps  polarity 1
net 790: (13 26)->(13 26) 0 0 0 0 #timing (185 185) ps polarity 1
net 790: (13 26)->(15 24) 1 3 0 0 #timing (355 321) ps polarity 0
net 790: (15 24)->(15 20) 3 4 0 1 #timing (821 691) ps  polarity 0
net 790: (15 20)->(15 20) 1 0 1 1 #timing (918 791) ps  polarity 1
net 790: (15 20)->(14 21) 0 3 0 1 #timing (937 1042) ps  polarity 0
net 790: (15 24)->(19 24) 4 5 0 0 #timing (652 682) ps polarity 0
net 790: (19 24)->(19 24) 5 0 1 0 #timing (773 820) ps polarity 1
net 790: (19 24)->(2 24) 13 2 1 0 #timing (1565 1369) ps polarity 0
net 790: (2 24)->(10 16) 5 3 0 1 #timing (2285 2064) ps  polarity 0
net 790: (10 16)->(14 16) 4 2 0 1 #timing (2370 2576) ps  polarity 1
net 790: (14 16)->(14 12) 3 4 0 1 #timing (2673 2815) ps  polarity 1
net 790: (14 12)->(12 14) 1 3 0 1 #timing (2849 2969) ps  polarity 0
net 790: (12 14)->(13 14) 0 2 0 1 #timing (3090 3002) ps  polarity 1
net 809: (16 7)->(16 6) 0 1 0 0 #timing (189 189) ps polarity 0
net 809: (16 6)->(16 6) 1 0 0 0 #timing (277 280) ps polarity 1
net 809: (16 6)->(16 4) 1 1 0 1 #timing (528 484) ps  polarity 0
net 809: (16 4)->(16 5) 0 1 0 1 #timing (642 683) ps  polarity 1
net 810: (21 9)->(21 9) 0 0 0 0 #timing (178 178) ps polarity 0
net 810: (21 9)->(21 9) 1 0 0 0 #timing (251 257) ps polarity 1
net 810: (21 9)->(21 9) 1 0 0 1 #timing (456 429) ps  polarity 0
net 810: (21 9)->(20 9) 0 2 0 1 #timing (552 571) ps  polarity 1
net 810: (21 9)->(21 13) 3 1 0 0 #timing (524 469) ps polarity 1
net 810: (21 13)->(21 13) 5 0 0 0 #timing (643 602) ps polarity 0
net 810: (21 13)->(29 13) 5 2 0 1 #timing (1031 974) ps  polarity 1
net 810: (29 13)->(29 17) 3 4 0 1 #timing (1382 1344) ps  polarity 1
net 810: (29 17)->(29 17) 1 0 0 1 #timing (1483 1450) ps  polarity 0
net 810: (29 17)->(28 17) 0 2 0 1 #timing (1584 1603) ps  polarity 1
net 810: (21 9)->(21 5) 3 4 0 0 #timing (516 467) ps polarity 1
net 810: (21 5)->(17 5) 4 2 0 0 #timing (801 727) ps polarity 1
net 810: (17 5)->(19 5) 1 2 0 1 #timing (994 1023) ps  polarity 0
net 810: (19 5)->(18 5) 0 2 0 1 #timing (1164 1138) ps  polarity 1
net 810: (21 5)->(25 5) 4 5 0 0 #timing (899 800) ps polarity 1
net 810: (25 5)->(27 5) 1 2 0 1 #timing (1062 1121) ps  polarity 0
net 810: (27 5)->(26 5) 0 2 0 1 #timing (1235 1203) ps  polarity 1
net 810: (21 5)->(21 5) 5 0 0 0 #timing (645 607) ps polarity 0
net 810: (21 5)->(4 5) 13 2 1 0 #timing (1281 1184) ps polarity 1
net 810: (4 5)->(4 5) 5 0 0 1 #timing (1551 1466) ps  polarity 1
net 810: (4 5)->(6 5) 1 2 0 1 #timing (1743 1640) ps  polarity 1
net 810: (6 5)->(6 4) 0 1 0 1 #timing (1762 1880) ps  polarity 0
net 810: (4 5)->(8 5) 4 5 0 1 #timing (1971 1807) ps  polarity 0
net 810: (8 5)->(8 7) 1 1 0 1 #timing (2209 2006) ps  polarity 1
net 810: (8 7)->(9 6) 0 3 0 1 #timing (2151 2361) ps  polarity 0
net 810: (4 5)->(4 13) 5 1 0 1 #timing (1775 1659) ps  polarity 0
net 810: (4 13)->(4 17) 3 4 0 1 #timing (2084 2092) ps  polarity 0
net 810: (4 17)->(6 17) 1 2 0 1 #timing (2228 2227) ps  polarity 1
net 810: (6 17)->(6 17) 0 0 0 1 #timing (2372 2384) ps  polarity 0
net 810: (4 13)->(0 13) 4 2 0 1 #timing (2050 1901) ps  polarity 0
net 810: (0 13)->(0 17) 3 4 0 1 #timing (2331 2129) ps  polarity 0
net 810: (0 17)->(2 17) 1 2 0 1 #timing (2470 2261) ps  polarity 1
net 810: (2 17)->(2 17) 0 0 0 1 #timing (2372 2603) ps  polarity 0
net 810: (2 17)->(2 16) 0 1 0 1 #timing (2397 2617) ps  polarity 0
net 810: (2 17)->(3 17) 0 2 0 1 #timing (2394 2616) ps  polarity 0
net 810: (4 5)->(4 20) 13 1 1 0 #timing (1793 1815) ps polarity 0
net 810: (4 20)->(4 20) 5 0 0 1 #timing (2030 2064) ps  polarity 0
net 810: (4 20)->(6 20) 1 2 0 1 #timing (2216 2233) ps  polarity 0
net 810: (6 20)->(6 21) 0 1 0 1 #timing (2377 2379) ps  polarity 1
net 810: (6 20)->(7 21) 0 3 0 1 #timing (2370 2374) ps  polarity 1
net 810: (21 9)->(25 9) 4 5 0 0 #timing (581 531) ps polarity 1
net 810: (25 9)->(27 9) 1 2 0 1 #timing (781 792) ps  polarity 0
net 810: (27 9)->(26 9) 0 2 0 1 #timing (891 913) ps  polarity 1
net 810: (25 9)->(25 9) 5 0 0 0 #timing (703 669) ps polarity 0
net 810: (25 9)->(8 9) 13 2 1 0 #timing (1323 1229) ps polarity 1
net 810: (8 9)->(8 9) 5 0 0 1 #timing (1660 1580) ps  polarity 1
net 810: (8 9)->(8 9) 1 0 1 1 #timing (1813 1723) ps  polarity 1
net 810: (8 9)->(8 9) 0 0 0 1 #timing (1830 1917) ps  polarity 0
net 810: (8 9)->(8 13) 3 1 0 1 #timing (2055 1887) ps  polarity 0
net 810: (8 13)->(8 13) 1 0 1 1 #timing (2158 1992) ps  polarity 1
net 810: (8 13)->(9 12) 0 3 0 1 #timing (2131 2279) ps  polarity 0
net 810: (21 9)->(23 9) 1 2 0 0 #timing (289 283) ps polarity 1
net 810: (23 9)->(23 13) 3 1 0 0 #timing (612 570) ps polarity 1
net 810: (23 13)->(27 13) 4 5 0 0 #timing (974 882) ps polarity 1
net 810: (27 13)->(27 17) 3 4 0 1 #timing (1329 1306) ps  polarity 1
net 810: (27 17)->(27 17) 1 0 0 1 #timing (1426 1409) ps  polarity 0
net 810: (27 17)->(26 17) 0 2 0 1 #timing (1541 1545) ps  polarity 1
net 810: (23 13)->(23 13) 5 0 0 0 #timing (743 716) ps polarity 0
net 810: (23 13)->(7 13) 13 2 0 0 #timing (1365 1268) ps polarity 1
net 810: (7 13)->(7 13) 5 0 1 1 #timing (1644 1563) ps  polarity 1
net 810: (7 13)->(7 17) 3 4 0 1 #timing (2041 1882) ps  polarity 0
net 810: (7 17)->(7 17) 1 0 1 1 #timing (2152 1995) ps  polarity 1
net 810: (7 17)->(6 16) 0 3 0 1 #timing (2082 2245) ps  polarity 0
net 810: (23 9)->(23 5) 3 4 0 0 #timing (605 572) ps polarity 1
net 810: (23 5)->(21 5) 1 2 0 1 #timing (861 779) ps  polarity 0
net 810: (21 5)->(20 5) 0 2 0 1 #timing (887 989) ps  polarity 1
net 810: (23 9)->(19 9) 4 2 0 0 #timing (533 537) ps polarity 1
net 810: (19 9)->(15 9) 4 5 0 1 #timing (865 833) ps  polarity 1
net 810: (15 9)->(13 11) 1 3 0 1 #timing (1130 1051) ps  polarity 0
net 810: (13 11)->(12 10) 0 3 0 1 #timing (1212 1308) ps  polarity 1
net 810: (19 9)->(19 9) 5 0 0 0 #timing (663 687) ps polarity 0
net 810: (19 9)->(2 9) 13 2 1 0 #timing (1445 1270) ps polarity 1
net 810: (2 9)->(2 9) 5 0 0 1 #timing (1707 1542) ps  polarity 1
net 810: (2 9)->(2 9) 1 0 0 1 #timing (1850 1681) ps  polarity 1
net 810: (2 9)->(2 9) 0 0 0 1 #timing (1798 1961) ps  polarity 0
net 810: (2 9)->(2 13) 3 1 0 1 #timing (2066 1829) ps  polarity 0
net 810: (2 13)->(2 15) 1 1 0 1 #timing (2205 1963) ps  polarity 1
net 810: (2 15)->(2 15) 0 0 0 1 #timing (2109 2353) ps  polarity 0
net 810: (2 15)->(2 14) 0 1 0 1 #timing (2133 2363) ps  polarity 0
net 810: (2 15)->(3 15) 0 2 0 1 #timing (2072 2332) ps  polarity 0
net 810: (23 9)->(27 9) 4 5 0 0 #timing (610 584) ps polarity 1
net 810: (27 9)->(25 11) 1 3 0 1 #timing (860 841) ps  polarity 0
net 810: (25 11)->(24 11) 0 2 0 1 #timing (997 1046) ps  polarity 1
net 810: (27 9)->(27 9) 5 0 0 0 #timing (750 740) ps polarity 0
net 810: (27 9)->(11 9) 13 2 0 0 #timing (1376 1256) ps polarity 1
net 810: (11 9)->(11 1) 5 1 0 1 #timing (1852 1716) ps  polarity 0
net 810: (11 1)->(11 1) 1 0 1 1 #timing (1925 2024) ps  polarity 1
net 810: (11 1)->(11 1) 0 0 0 1 #timing (2137 2034) ps  polarity 0
net 810: (21 9)->(21 8) 0 1 0 0 #timing (190 190) ps polarity 0
net 810: (21 8)->(21 8) 1 0 0 0 #timing (272 271) ps polarity 1
net 810: (21 8)->(21 8) 5 0 0 0 #timing (373 391) ps polarity 0
net 810: (21 8)->(29 0) 5 3 0 1 #timing (979 994) ps  polarity 0
net 810: (29 0)->(29 2) 1 1 0 1 #timing (1194 1187) ps  polarity 0
net 810: (29 2)->(28 3) 0 3 0 1 #timing (1343 1347) ps  polarity 1
net 810: (21 8)->(21 24) 13 1 0 0 #timing (1068 918) ps polarity 1
net 810: (21 24)->(21 24) 5 0 0 1 #timing (1307 1168) ps  polarity 1
net 810: (21 24)->(21 28) 3 1 0 1 #timing (1659 1452) ps  polarity 0
net 810: (21 28)->(23 28) 1 2 0 1 #timing (1805 1590) ps  polarity 1
net 810: (23 28)->(22 29) 0 3 0 1 #timing (1758 1954) ps  polarity 0
net 810: (21 8)->(21 25) 13 1 1 0 #timing (1042 897) ps polarity 1
net 810: (21 25)->(21 25) 5 0 1 1 #timing (1311 1180) ps  polarity 1
net 810: (21 25)->(25 25) 4 5 0 1 #timing (1697 1505) ps  polarity 0
net 810: (25 25)->(27 27) 1 3 0 1 #timing (1982 1736) ps  polarity 1
net 810: (27 27)->(26 27) 0 2 0 1 #timing (1914 2185) ps  polarity 0
net 810: (21 25)->(29 25) 5 2 0 1 #timing (1534 1365) ps  polarity 0
net 810: (29 25)->(29 27) 1 1 0 1 #timing (1626 1745) ps  polarity 1
net 810: (29 27)->(28 27) 0 2 0 1 #timing (1894 1783) ps  polarity 0
net 810: (21 8)->(5 8) 13 2 0 0 #timing (1044 901) ps polarity 1
net 810: (5 8)->(5 8) 5 0 1 1 #timing (1286 1155) ps  polarity 1
net 810: (5 8)->(5 8) 1 0 1 1 #timing (1428 1294) ps  polarity 1
net 810: (5 8)->(4 9) 0 3 0 1 #timing (1439 1552) ps  polarity 0
net 810: (21 8)->(4 8) 13 2 1 0 #timing (1057 908) ps polarity 1
net 810: (4 8)->(4 8) 5 0 1 1 #timing (1328 1187) ps  polarity 1
net 810: (4 8)->(4 12) 3 1 0 1 #timing (1651 1456) ps  polarity 0
net 810: (4 12)->(4 12) 1 0 0 1 #timing (1749 1558) ps  polarity 1
net 810: (4 12)->(5 12) 0 2 0 1 #timing (1653 1846) ps  polarity 0
net 810: (4 12)->(4 14) 1 1 0 1 #timing (1785 1585) ps  polarity 1
net 810: (4 14)->(4 15) 0 1 0 1 #timing (1744 1940) ps  polarity 0
net 810: (4 8)->(4 0) 5 1 0 1 #timing (1583 1407) ps  polarity 0
net 810: (4 0)->(4 2) 1 1 0 1 #timing (1649 1781) ps  polarity 1
net 810: (4 2)->(4 3) 0 1 0 1 #timing (1950 1804) ps  polarity 0
net 810: (21 8)->(23 10) 1 3 0 0 #timing (336 313) ps polarity 1
net 810: (23 10)->(19 10) 4 2 0 0 #timing (571 607) ps polarity 1
net 810: (19 10)->(19 10) 5 0 0 0 #timing (701 756) ps polarity 0
net 810: (19 10)->(19 2) 5 1 0 1 #timing (1041 1101) ps  polarity 1
net 810: (19 2)->(15 2) 4 5 0 1 #timing (1342 1356) ps  polarity 1
net 810: (15 2)->(15 2) 1 0 1 1 #timing (1530 1521) ps  polarity 0
net 810: (15 2)->(15 2) 0 0 0 1 #timing (1652 1648) ps  polarity 1
net 810: (15 2)->(14 3) 0 3 0 1 #timing (1665 1653) ps  polarity 1
net 810: (21 9)->(20 9) 0 2 0 0 #timing (183 183) ps polarity 0
net 810: (20 9)->(22 9) 1 2 0 0 #timing (299 291) ps polarity 1
net 810: (22 9)->(22 13) 3 1 0 0 #timing (646 609) ps polarity 1
net 810: (22 13)->(26 13) 4 5 0 0 #timing (948 885) ps polarity 1
net 810: (26 13)->(26 13) 5 0 1 0 #timing (1083 1033) ps polarity 0
net 810: (26 13)->(26 29) 13 1 0 0 #timing (1635 1570) ps polarity 1
net 810: (26 29)->(26 29) 5 0 0 1 #timing (1905 1853) ps  polarity 1
net 810: (26 29)->(26 29) 1 0 1 1 #timing (2046 1991) ps  polarity 1
net 810: (26 29)->(26 29) 0 0 0 1 #timing (2121 2164) ps  polarity 0
net 810: (26 29)->(11 29) 13 2 1 0 #timing (2252 2219) ps polarity 0
net 810: (11 29)->(11 29) 5 0 1 1 #timing (2502 2483) ps  polarity 0
net 810: (11 29)->(9 29) 1 2 0 1 #timing (2725 2674) ps  polarity 0
net 810: (9 29)->(8 29) 0 2 0 1 #timing (2836 2910) ps  polarity 1
net 810: (22 9)->(22 5) 3 4 0 0 #timing (615 588) ps polarity 1
net 810: (22 5)->(18 5) 4 2 0 0 #timing (960 884) ps polarity 1
net 810: (18 5)->(16 5) 1 2 0 1 #timing (1167 1187) ps  polarity 0
net 810: (16 5)->(16 5) 0 0 0 1 #timing (1327 1316) ps  polarity 1
net 810: (22 5)->(22 5) 5 0 0 0 #timing (748 733) ps polarity 0
net 810: (22 5)->(22 20) 13 1 1 0 #timing (1326 1225) ps polarity 1
net 810: (22 20)->(22 20) 5 0 0 1 #timing (1566 1478) ps  polarity 1
net 810: (22 20)->(26 20) 4 5 0 1 #timing (1914 1774) ps  polarity 0
net 810: (26 20)->(26 20) 1 0 1 1 #timing (2105 1939) ps  polarity 1
net 810: (26 20)->(26 21) 0 1 0 1 #timing (2060 2217) ps  polarity 0
net 810: (26 20)->(26 22) 1 1 0 1 #timing (2169 1981) ps  polarity 1
net 810: (26 22)->(26 23) 0 1 0 1 #timing (2118 2322) ps  polarity 0
net 810: (22 20)->(30 20) 5 2 0 1 #timing (1803 1676) ps  polarity 0
net 810: (30 20)->(28 20) 1 2 0 1 #timing (1936 2010) ps  polarity 1
net 810: (28 20)->(28 21) 0 1 0 1 #timing (2143 2080) ps  polarity 0
net 810: (30 20)->(28 22) 1 3 0 1 #timing (1960 2026) ps  polarity 1
net 810: (28 22)->(28 23) 0 1 0 1 #timing (2171 2129) ps  polarity 0
net 810: (22 5)->(7 5) 13 2 1 0 #timing (1398 1285) ps polarity 1
net 810: (7 5)->(7 5) 5 0 1 1 #timing (1643 1543) ps  polarity 1
net 810: (7 5)->(7 5) 1 0 0 1 #timing (1793 1689) ps  polarity 1
net 810: (7 5)->(7 5) 0 0 0 1 #timing (1796 1898) ps  polarity 0
net 810: (7 5)->(6 5) 0 2 0 1 #timing (1786 1892) ps  polarity 0
net 810: (7 5)->(7 20) 13 1 1 0 #timing (1988 1995) ps polarity 0
net 810: (7 20)->(7 20) 5 0 0 1 #timing (2313 2334) ps  polarity 0
net 810: (7 20)->(7 20) 1 0 0 1 #timing (2464 2480) ps  polarity 0
net 810: (7 20)->(6 20) 0 2 0 1 #timing (2566 2557) ps  polarity 1
net 810: (22 9)->(22 9) 5 0 0 0 #timing (412 459) ps polarity 0
net 810: (22 9)->(22 24) 13 1 1 0 #timing (1124 945) ps polarity 1
net 810: (22 24)->(30 16) 5 3 0 1 #timing (1896 1689) ps  polarity 1
net 810: (30 16)->(30 12) 3 4 0 1 #timing (2330 2017) ps  polarity 0
net 810: (30 12)->(28 14) 1 3 0 1 #timing (2502 2166) ps  polarity 1
net 810: (28 14)->(28 15) 0 1 0 1 #timing (2310 2671) ps  polarity 0
net 810: (22 9)->(6 9) 13 2 0 0 #timing (1113 941) ps polarity 1
net 810: (6 9)->(14 9) 5 2 0 1 #timing (1599 1394) ps  polarity 0
net 810: (14 9)->(12 11) 1 3 0 1 #timing (1689 1829) ps  polarity 1
net 810: (12 11)->(12 11) 0 0 0 1 #timing (1968 1854) ps  polarity 0
net 810: (6 9)->(6 24) 13 1 1 0 #timing (1644 1707) ps polarity 0
net 810: (6 24)->(6 16) 5 1 0 1 #timing (2115 2156) ps  polarity 1
net 810: (6 16)->(6 16) 1 0 0 1 #timing (2364 2289) ps  polarity 0
net 810: (6 16)->(7 17) 0 3 0 1 #timing (2415 2479) ps  polarity 1
net 811: (13 11)->(13 11) 0 0 0 0 #timing (156 156) ps polarity 1
net 811: (13 11)->(13 11) 1 0 0 0 #timing (233 235) ps polarity 0
net 811: (13 11)->(13 11) 1 0 0 1 #timing (437 406) ps  polarity 1
net 811: (13 11)->(12 11) 0 2 0 1 #timing (540 557) ps  polarity 0
net 811: (13 11)->(13 15) 3 1 0 0 #timing (507 456) ps polarity 0
net 811: (13 15)->(9 15) 4 2 0 0 #timing (808 733) ps polarity 0
net 811: (9 15)->(9 13) 1 1 0 1 #timing (989 1021) ps  polarity 1
net 811: (9 13)->(8 12) 0 3 0 1 #timing (1132 1117) ps  polarity 0
net 811: (9 15)->(5 15) 4 5 0 1 #timing (1108 1008) ps  polarity 0
net 811: (5 15)->(5 15) 1 0 1 1 #timing (1168 1181) ps 
net 811: (5 15)->(5 13) 1 1 0 1 #timing (1210 1212) ps 
net 811: (5 15)->(5 19) 3 4 0 1 #timing (1387 1247) ps  polarity 0
net 811: (5 19)->(7 19) 1 2 0 1 #timing (1532 1384) ps  polarity 1
net 811: (7 19)->(7 19) 0 0 0 1 #timing (1503 1656) ps  polarity 0
net 811: (7 19)->(7 18) 0 1 0 1 #timing (1519 1663) ps  polarity 0
net 811: (13 15)->(13 15) 5 0 0 0 #timing (628 590) ps polarity 1
net 811: (13 15)->(5 15) 5 2 0 1 #timing (1012 965) ps  polarity 0
net 811: (5 15)->(5 15) 1 0 1 1 #timing (1168 1181) ps  polarity 1
net 811: (5 15)->(4 15) 0 2 0 1 #timing (1302 1282) ps  polarity 0
net 811: (5 15)->(5 13) 1 1 0 1 #timing (1210 1212) ps  polarity 1
net 811: (5 13)->(4 12) 0 3 0 1 #timing (1361 1359) ps  polarity 0
net 811: (5 15)->(5 19) 3 4 0 1 #timing (1147 1007) ps 
net 811: (5 15)->(1 15) 4 2 0 1 #timing (1305 1223) ps  polarity 0
net 811: (1 15)->(3 13) 1 3 0 1 #timing (1439 1347) ps 
net 811: (1 15)->(1 19) 3 4 0 1 #timing (1553 1432) ps  polarity 0
net 811: (1 19)->(3 19) 1 2 0 1 #timing (1722 1581) ps  polarity 1
net 811: (3 19)->(3 18) 0 1 0 1 #timing (1698 1851) ps  polarity 0
net 811: (13 15)->(28 15) 13 2 1 0 #timing (1246 1156) ps polarity 0
net 811: (28 15)->(28 15) 5 0 0 1 #timing (1507 1427) ps  polarity 0
net 811: (28 15)->(28 19) 3 4 0 1 #timing (1848 1705) ps  polarity 1
net 811: (28 19)->(28 17) 1 1 0 1 #timing (1990 1839) ps  polarity 0
net 811: (28 17)->(28 17) 0 0 0 1 #timing (1986 2138) ps  polarity 1
net 811: (13 11)->(13 7) 3 4 0 0 #timing (506 459) ps polarity 0
net 811: (13 7)->(9 7) 4 2 0 0 #timing (815 746) ps polarity 0
net 811: (9 7)->(9 7) 1 0 1 1 #timing (959 998) ps  polarity 1
net 811: (9 7)->(8 6) 0 3 0 1 #timing (1150 1086) ps  polarity 0
net 811: (13 7)->(17 7) 4 5 0 0 #timing (841 754) ps polarity 0
net 811: (17 7)->(17 5) 1 1 0 1 #timing (995 1044) ps  polarity 1
net 811: (17 5)->(16 5) 0 2 0 1 #timing (1185 1139) ps  polarity 0
net 811: (17 7)->(19 7) 1 2 0 1 #timing (996 1045) ps  polarity 1
net 811: (19 7)->(18 6) 0 3 0 1 #timing (1200 1151) ps  polarity 0
net 811: (13 7)->(13 7) 5 0 0 0 #timing (631 596) ps polarity 1
net 811: (13 7)->(5 7) 5 2 0 1 #timing (990 953) ps  polarity 0
net 811: (5 7)->(7 7) 1 2 0 1 #timing (1204 1192) ps  polarity 1
net 811: (7 7)->(7 6) 0 1 0 1 #timing (1328 1336) ps  polarity 0
net 811: (13 11)->(9 11) 4 2 0 0 #timing (521 489) ps polarity 0
net 811: (9 11)->(9 11) 1 0 1 1 #timing (705 707) ps  polarity 1
net 811: (9 11)->(9 10) 0 1 0 1 #timing (785 790) ps  polarity 0
net 811: (9 11)->(9 9) 1 1 0 1 #timing (750 740) ps  polarity 1
net 811: (9 9)->(8 9) 0 2 0 1 #timing (845 871) ps  polarity 0
net 811: (13 11)->(13 11) 5 0 0 0 #timing (337 351) ps polarity 1
net 811: (13 11)->(13 3) 5 1 0 1 #timing (655 682) ps  polarity 0
net 811: (13 3)->(15 1) 1 3 0 1 #timing (974 882) ps  polarity 1
net 811: (15 1)->(15 1) 0 0 0 1 #timing (1005 1128) ps  polarity 0
net 811: (13 3)->(9 3) 4 2 0 1 #timing (961 948) ps  polarity 0
net 811: (9 3)->(11 3) 1 2 0 1 #timing (1214 1156) ps  polarity 1
net 811: (11 3)->(10 2) 0 3 0 1 #timing (1276 1362) ps  polarity 0
net 811: (9 3)->(11 1) 1 3 0 1 #timing (1261 1185) ps  polarity 1
net 811: (11 1)->(10 1) 0 2 0 1 #timing (1304 1423) ps  polarity 0
net 811: (13 11)->(5 11) 5 2 0 1 #timing (688 702) ps  polarity 0
net 811: (5 11)->(5 11) 1 0 0 1 #timing (908 861) ps  polarity 1
net 811: (5 11)->(4 10) 0 3 0 1 #timing (982 1020) ps  polarity 0
net 811: (5 11)->(5 9) 1 1 0 1 #timing (952 893) ps  polarity 1
net 811: (5 9)->(4 9) 0 2 0 1 #timing (1036 1099) ps  polarity 0
net 811: (5 11)->(1 11) 4 2 0 1 #timing (969 957) ps  polarity 0
net 811: (1 11)->(3 9) 1 3 0 1 #timing (1252 1185) ps  polarity 1
net 811: (3 9)->(2 9) 0 2 0 1 #timing (1322 1411) ps  polarity 0
net 811: (1 11)->(1 15) 3 1 0 1 #timing (1244 1186) ps  polarity 0
net 811: (1 15)->(3 13) 1 3 0 1 #timing (1439 1347) ps  polarity 1
net 811: (3 13)->(3 13) 0 0 0 1 #timing (1464 1586) ps  polarity 0
net 811: (13 11)->(5 3) 5 3 0 1 #timing (956 968) ps  polarity 1
net 811: (5 3)->(5 3) 1 0 0 1 #timing (1140 1140) ps  polarity 1
net 811: (5 3)->(4 3) 0 2 0 1 #timing (1264 1255) ps  polarity 0
net 811: (13 11)->(29 11) 13 2 0 0 #timing (1080 920) ps polarity 0
net 811: (29 11)->(29 11) 5 0 1 1 #timing (1332 1185) ps  polarity 0
net 811: (29 11)->(29 15) 3 1 0 1 #timing (1705 1478) ps  polarity 1
net 811: (29 15)->(29 15) 1 0 1 1 #timing (1803 1580) ps  polarity 0
net 811: (29 15)->(28 15) 0 2 0 1 #timing (1702 1917) ps  polarity 1
net 811: (29 11)->(29 3) 5 1 0 1 #timing (1531 1362) ps  polarity 1
net 811: (29 3)->(29 3) 1 0 0 1 #timing (1566 1701) ps  polarity 0
net 811: (29 3)->(28 3) 0 2 0 1 #timing (1824 1681) ps  polarity 1
net 811: (29 11)->(29 26) 13 1 1 0 #timing (1564 1639) ps polarity 1
net 811: (29 26)->(29 26) 5 0 0 1 #timing (1794 1880) ps  polarity 1
net 811: (29 26)->(29 26) 1 0 0 1 #timing (1937 2019) ps  polarity 1
net 811: (29 26)->(28 27) 0 3 0 1 #timing (2164 2061) ps  polarity 0
net 811: (13 11)->(13 10) 0 1 0 0 #timing (157 157) ps polarity 1
net 811: (13 10)->(13 10) 1 0 0 0 #timing (235 236) ps polarity 0
net 811: (13 10)->(13 10) 1 0 1 1 #timing (438 406) ps  polarity 1
net 811: (13 10)->(12 10) 0 2 0 1 #timing (534 555) ps  polarity 0
net 811: (13 10)->(13 6) 3 4 0 0 #timing (500 455) ps polarity 0
net 811: (13 6)->(9 6) 4 2 0 0 #timing (813 744) ps polarity 0
net 811: (9 6)->(9 4) 1 1 0 1 #timing (1003 1030) ps  polarity 1
net 811: (9 4)->(8 4) 0 2 0 1 #timing (1167 1140) ps  polarity 0
net 811: (13 6)->(17 6) 4 5 0 0 #timing (814 737) ps polarity 0
net 811: (17 6)->(17 6) 5 0 0 0 #timing (931 871) ps polarity 1
net 811: (17 6)->(25 6) 5 2 0 1 #timing (1365 1290) ps  polarity 0
net 811: (25 6)->(27 4) 1 3 0 1 #timing (1582 1592) ps  polarity 1
net 811: (27 4)->(26 5) 0 3 0 1 #timing (1785 1785) ps  polarity 0
net 811: (13 10)->(9 10) 4 2 0 0 #timing (519 493) ps polarity 0
net 811: (9 10)->(9 10) 1 0 1 1 #timing (707 703) ps  polarity 1
net 811: (9 10)->(8 10) 0 2 0 1 #timing (776 788) ps  polarity 0
net 811: (13 10)->(17 10) 4 5 0 0 #timing (517 483) ps polarity 0
net 811: (17 10)->(21 10) 4 2 0 1 #timing (781 723) ps  polarity 0
net 811: (21 10)->(21 8) 1 1 0 1 #timing (1017 922) ps  polarity 1
net 811: (21 8)->(20 9) 0 3 0 1 #timing (1092 1173) ps  polarity 0
net 811: (21 10)->(21 6) 3 4 0 1 #timing (1100 977) ps  polarity 0
net 811: (21 6)->(21 4) 1 1 0 1 #timing (1244 1111) ps  polarity 1
net 811: (21 4)->(20 5) 0 3 0 1 #timing (1277 1401) ps  polarity 0
net 811: (17 10)->(17 10) 5 0 0 0 #timing (637 620) ps polarity 1
net 811: (17 10)->(25 10) 5 2 0 1 #timing (1049 1019) ps  polarity 0
net 811: (25 10)->(27 8) 1 3 0 1 #timing (1337 1295) ps  polarity 1
net 811: (27 8)->(26 9) 0 3 0 1 #timing (1433 1504) ps  polarity 0
net 811: (17 10)->(17 26) 13 1 0 0 #timing (1247 1145) ps polarity 0
net 811: (17 26)->(25 26) 5 2 0 1 #timing (1781 1649) ps  polarity 1
net 811: (25 26)->(27 26) 1 2 0 1 #timing (1914 1994) ps  polarity 0
net 811: (27 26)->(26 27) 0 3 0 1 #timing (2099 2049) ps  polarity 1
net 811: (25 26)->(25 30) 3 1 0 1 #timing (2105 2138) ps  polarity 1
net 811: (25 30)->(27 28) 1 3 0 1 #timing (2323 2326) ps  polarity 0
net 811: (27 28)->(26 29) 0 3 0 1 #timing (2459 2491) ps  polarity 1
net 811: (25 26)->(25 22) 3 4 0 1 #timing (2142 2154) ps  polarity 1
net 811: (25 22)->(27 22) 1 2 0 1 #timing (2323 2315) ps  polarity 0
net 811: (27 22)->(26 23) 0 3 0 1 #timing (2444 2476) ps  polarity 1
net 811: (25 22)->(27 20) 1 3 0 1 #timing (2350 2332) ps  polarity 0
net 811: (27 20)->(26 21) 0 3 0 1 #timing (2479 2532) ps  polarity 1
net 811: (13 11)->(12 11) 0 2 0 0 #timing (172 172) ps polarity 1
net 811: (12 11)->(12 11) 1 0 0 0 #timing (254 254) ps polarity 0
net 811: (12 11)->(16 11) 4 5 0 0 #timing (535 502) ps polarity 0
net 811: (16 11)->(16 11) 5 0 0 0 #timing (659 640) ps polarity 1
net 811: (16 11)->(24 11) 5 2 0 1 #timing (1050 1013) ps  polarity 0
net 811: (24 11)->(24 11) 1 0 1 1 #timing (1220 1221) ps  polarity 1
net 811: (24 11)->(24 11) 0 0 0 1 #timing (1352 1338) ps  polarity 0
net 811: (16 11)->(16 27) 13 1 0 0 #timing (1286 1181) ps polarity 0
net 811: (16 27)->(16 27) 5 0 1 1 #timing (1540 1447) ps  polarity 0
net 811: (16 27)->(20 27) 4 2 0 1 #timing (1842 1712) ps  polarity 1
net 811: (20 27)->(20 31) 3 1 0 1 #timing (2125 1944) ps  polarity 1
net 811: (20 31)->(22 29) 1 3 0 1 #timing (2312 2107) ps  polarity 0
net 811: (22 29)->(22 29) 0 0 0 1 #timing (2233 2471) ps  polarity 1
net 811: (12 11)->(12 11) 5 0 0 0 #timing (356 372) ps polarity 1
net 811: (12 11)->(12 27) 13 1 0 0 #timing (998 862) ps polarity 0
net 811: (12 27)->(12 27) 5 0 0 1 #timing (1258 1136) ps  polarity 0
net 811: (12 27)->(8 27) 4 2 0 1 #timing (1547 1401) ps  polarity 1
net 811: (8 27)->(8 31) 3 1 0 1 #timing (1831 1634) ps  polarity 1
net 811: (8 31)->(8 29) 1 1 0 1 #timing (1974 1769) ps  polarity 0
net 811: (8 29)->(8 29) 0 0 0 1 #timing (1884 2102) ps  polarity 1
net 811: (12 27)->(28 27) 13 2 0 0 #timing (1537 1577) ps polarity 1
net 811: (28 27)->(28 27) 5 0 1 1 #timing (1786 1837) ps  polarity 1
net 811: (28 27)->(28 23) 3 4 0 1 #timing (2178 2140) ps  polarity 0
net 811: (28 23)->(28 23) 1 0 1 1 #timing (2276 2241) ps  polarity 1
net 811: (28 23)->(28 23) 0 0 0 1 #timing (2370 2394) ps  polarity 0
net 811: (12 27)->(29 27) 13 2 1 0 #timing (1584 1613) ps polarity 1
net 811: (29 27)->(29 27) 5 0 0 1 #timing (1845 1886) ps  polarity 1
net 811: (29 27)->(29 23) 3 4 0 1 #timing (2234 2192) ps  polarity 0
net 811: (29 23)->(29 21) 1 1 0 1 #timing (2389 2334) ps  polarity 1
net 811: (29 21)->(28 21) 0 2 0 1 #timing (2478 2536) ps  polarity 0
net 811: (13 11)->(12 10) 0 3 0 0 #timing (180 180) ps polarity 1
net 811: (12 10)->(14 8) 1 3 0 0 #timing (357 322) ps polarity 0
net 811: (14 8)->(14 12) 3 1 0 0 #timing (607 633) ps polarity 0
net 811: (14 12)->(18 12) 4 5 0 0 #timing (897 901) ps polarity 0
net 811: (18 12)->(18 12) 5 0 0 0 #timing (1018 1037) ps polarity 1
net 811: (18 12)->(26 12) 5 2 0 1 #timing (1363 1380) ps  polarity 0
net 811: (26 12)->(26 16) 3 4 0 1 #timing (1756 1654) ps  polarity 0
net 811: (26 16)->(26 16) 1 0 0 1 #timing (1856 1759) ps  polarity 1
net 811: (26 16)->(26 17) 0 1 0 1 #timing (1854 1952) ps  polarity 0
net 813: (22 14)->(22 15) 0 1 0 0 #timing (189 189) ps polarity 1
net 813: (22 15)->(22 15) 1 0 0 0 #timing (279 276) ps polarity 0
net 813: (22 15)->(26 15) 4 5 0 0 #timing (556 524) ps polarity 0
net 813: (26 15)->(26 15) 1 0 0 1 #timing (725 729) ps  polarity 1
net 813: (26 15)->(26 15) 0 0 0 1 #timing (845 836) ps  polarity 0
net 813: (26 15)->(26 11) 3 1 0 1 #timing (974 885) ps  polarity 0
net 813: (26 11)->(24 11) 1 2 0 1 #timing (1083 996) ps  polarity 1
net 813: (24 11)->(25 11) 0 2 0 1 #timing (1138 1216) ps  polarity 0
net 815: (29 15)->(29 15) 0 0 0 0 #timing (178 178) ps polarity 0
net 815: (29 15)->(31 13) 1 3 0 0 #timing (349 316) ps polarity 1
net 815: (31 13)->(27 13) 4 2 0 1 #timing (741 655) ps  polarity 1
net 815: (27 13)->(27 13) 1 0 1 1 #timing (929 820) ps  polarity 0
net 815: (27 13)->(26 12) 0 3 0 1 #timing (965 1051) ps  polarity 1
net 816: (27 6)->(27 6) 0 0 0 0 #timing (184 184) ps polarity 0
net 816: (27 6)->(25 4) 1 3 0 0 #timing (380 336) ps polarity 1
net 816: (25 4)->(25 8) 3 4 0 0 #timing (698 701) ps polarity 1
net 816: (25 8)->(25 12) 3 1 0 1 #timing (1172 1051) ps  polarity 1
net 816: (25 12)->(27 12) 1 2 0 1 #timing (1355 1212) ps  polarity 0
net 816: (27 12)->(26 12) 0 2 0 1 #timing (1363 1523) ps  polarity 1
net 817: (24 10)->(24 10) 0 0 0 0 #timing (206 206) ps polarity 0
net 817: (24 10)->(26 8) 1 3 0 0 #timing (362 339) ps polarity 1
net 817: (26 8)->(26 12) 3 1 0 1 #timing (823 692) ps  polarity 1
net 817: (26 12)->(26 12) 1 0 1 1 #timing (922 796) ps  polarity 0
net 817: (26 12)->(26 12) 0 0 0 1 #timing (924 1039) ps  polarity 1
net 818: (27 9)->(26 9) 0 2 0 0 #timing (183 183) ps polarity 0
net 818: (26 9)->(26 9) 1 0 0 0 #timing (261 265) ps polarity 1
net 818: (26 9)->(26 13) 3 1 0 1 #timing (666 573) ps  polarity 1
net 818: (26 13)->(26 13) 1 0 1 1 #timing (771 679) ps  polarity 0
net 818: (26 13)->(26 12) 0 1 0 1 #timing (829 897) ps  polarity 1
net 819: (6 15)->(6 15) 0 0 0 0 #timing (204 204) ps polarity 0
net 819: (6 15)->(4 15) 1 2 0 0 #timing (343 326) ps polarity 1
net 819: (4 15)->(4 11) 3 1 0 0 #timing (651 621) ps polarity 1
net 819: (4 11)->(4 11) 5 0 0 0 #timing (777 760) ps polarity 0
net 819: (4 11)->(12 11) 5 2 0 1 #timing (1139 1116) ps  polarity 1
net 819: (12 11)->(12 11) 1 0 0 1 #timing (1320 1311) ps  polarity 0
net 819: (12 11)->(12 10) 0 1 0 1 #timing (1421 1425) ps  polarity 1
net 820: (11 12)->(10 12) 0 2 0 0 #timing (193 193) ps polarity 0
net 820: (10 12)->(10 14) 1 1 0 0 #timing (305 294) ps polarity 1
net 820: (10 14)->(10 10) 3 1 0 0 #timing (629 602) ps polarity 1
net 820: (10 10)->(6 10) 4 5 0 0 #timing (1010 917) ps polarity 1
net 820: (6 10)->(6 6) 3 4 0 1 #timing (1477 1441) ps  polarity 1
net 820: (6 6)->(6 6) 1 0 1 1 #timing (1581 1549) ps  polarity 0
net 820: (6 6)->(6 7) 0 1 0 1 #timing (1738 1725) ps  polarity 1
net 821: (4 7)->(4 7) 0 0 0 0 #timing (186 186) ps polarity 0
net 821: (4 7)->(6 5) 1 3 0 0 #timing (370 330) ps polarity 1
net 821: (6 5)->(6 7) 1 1 0 1 #timing (651 581) ps  polarity 0
net 821: (6 7)->(6 7) 0 0 0 1 #timing (722 801) ps  polarity 1
net 822: (2 7)->(3 7) 0 2 0 0 #timing (198 198) ps polarity 0
net 822: (3 7)->(1 5) 1 3 0 0 #timing (381 332) ps polarity 1
net 822: (1 5)->(5 5) 4 2 0 1 #timing (784 687) ps  polarity 1
net 822: (5 5)->(7 7) 1 3 0 1 #timing (1066 911) ps  polarity 0
net 822: (7 7)->(6 7) 0 2 0 1 #timing (1064 1230) ps  polarity 1
net 824: (13 6)->(13 6) 0 0 0 0 #timing (184 184) ps polarity 0
net 824: (13 6)->(13 6) 1 0 0 0 #timing (257 262) ps polarity 1
net 824: (13 6)->(13 6) 1 0 1 1 #timing (460 432) ps  polarity 0
net 824: (13 6)->(12 7) 0 3 0 1 #timing (589 590) ps  polarity 1
net 825: (8 17)->(9 17) 0 2 0 0 #timing (201 201) ps polarity 1
net 825: (9 17)->(11 17) 1 2 0 0 #timing (325 315) ps polarity 0
net 825: (11 17)->(11 13) 3 4 0 0 #timing (636 620) ps polarity 0
net 825: (11 13)->(11 13) 5 0 1 0 #timing (765 761) ps polarity 1
net 825: (11 13)->(11 5) 5 1 0 1 #timing (1115 1115) ps  polarity 0
net 825: (11 5)->(15 5) 4 2 0 1 #timing (1400 1359) ps  polarity 0
net 825: (15 5)->(13 5) 1 2 0 1 #timing (1657 1565) ps  polarity 1
net 825: (13 5)->(12 5) 0 2 0 1 #timing (1716 1819) ps  polarity 0
net 825: (11 17)->(11 17) 5 0 0 0 #timing (436 487) ps polarity 1
net 825: (11 17)->(11 1) 13 1 0 0 #timing (1102 933) ps polarity 0
net 825: (11 1)->(11 1) 5 0 0 1 #timing (1330 1171) ps  polarity 0
net 825: (11 1)->(11 3) 1 1 0 1 #timing (1515 1341) ps  polarity 0
net 825: (11 3)->(11 3) 0 0 0 1 #timing (1467 1654) ps  polarity 1
net 825: (9 17)->(11 19) 1 3 0 0 #timing (355 335) ps polarity 0
net 825: (11 19)->(11 15) 3 4 0 0 #timing (656 670) ps polarity 0
net 825: (11 15)->(11 11) 3 1 0 1 #timing (1077 990) ps  polarity 0
net 825: (11 11)->(11 11) 1 0 0 1 #timing (1172 1091) ps  polarity 1
net 825: (11 11)->(10 11) 0 2 0 1 #timing (1224 1291) ps  polarity 0
net 826: (2 3)->(3 3) 0 2 0 0 #timing (203 203) ps polarity 0
net 826: (3 3)->(3 3) 1 0 0 0 #timing (281 284) ps polarity 1
net 826: (3 3)->(3 3) 5 0 0 0 #timing (386 399) ps polarity 0
net 826: (3 3)->(11 3) 5 2 0 1 #timing (753 762) ps  polarity 1
net 826: (11 3)->(15 3) 4 2 0 1 #timing (1043 1024) ps  polarity 1
net 826: (15 3)->(15 7) 3 1 0 1 #timing (1324 1252) ps  polarity 1
net 826: (15 7)->(13 7) 1 2 0 1 #timing (1470 1388) ps  polarity 0
net 826: (13 7)->(12 7) 0 2 0 1 #timing (1532 1620) ps  polarity 1
net 827: (12 6)->(12 7) 0 1 0 0 #timing (199 199) ps polarity 0
net 827: (12 7)->(12 7) 1 0 0 0 #timing (281 282) ps polarity 1
net 827: (12 7)->(12 7) 1 0 1 1 #timing (484 451) ps  polarity 0
net 827: (12 7)->(12 7) 0 0 0 1 #timing (587 605) ps  polarity 1
net 828: (4 6)->(4 6) 0 0 0 0 #timing (191 191) ps polarity 0
net 828: (4 6)->(4 6) 1 0 0 0 #timing (262 267) ps polarity 1
net 828: (4 6)->(4 6) 5 0 0 0 #timing (370 381) ps polarity 0
net 828: (4 6)->(12 6) 5 2 0 1 #timing (721 727) ps  polarity 1
net 828: (12 6)->(12 6) 1 0 1 1 #timing (931 891) ps  polarity 0
net 828: (12 6)->(12 7) 0 1 0 1 #timing (1045 1061) ps  polarity 1
net 837: (25 3)->(24 2) 0 3 0 0 #timing (831 831) ps polarity 1
net 837: (24 2)->(24 2) 1 0 0 0 #timing (920 921) ps polarity 0
net 837: (24 2)->(20 2) 4 5 0 1 #timing (1410 1299) ps  polarity 0
net 837: (20 2)->(22 2) 1 2 0 1 #timing (1624 1482) ps  polarity 1
net 837: (22 2)->(22 3) 0 1 0 1 #timing (1625 1789) ps  polarity 0
net 838: (24 1)->(24 1) 0 0 0 0 #timing (651 651) ps polarity 1
net 838: (24 1)->(26 3) 1 3 0 0 #timing (787 772) ps polarity 0
net 838: (26 3)->(22 3) 4 5 0 1 #timing (1304 1173) ps  polarity 0
net 838: (22 3)->(22 1) 1 1 0 1 #timing (1536 1369) ps  polarity 1
net 838: (22 1)->(22 1) 0 0 0 1 #timing (1486 1667) ps  polarity 0
net 848: (9 13)->(8 13) 0 2 0 0 #timing (206 206) ps polarity 0
net 848: (8 13)->(8 13) 1 0 0 0 #timing (288 291) ps polarity 1
net 848: (8 13)->(8 13) 5 0 1 0 #timing (398 411) ps polarity 0
net 848: (8 13)->(0 5) 5 3 0 1 #timing (996 1003) ps  polarity 0
net 848: (0 5)->(4 5) 4 2 0 1 #timing (1312 1313) ps  polarity 1
net 848: (4 5)->(4 1) 3 1 0 1 #timing (1621 1560) ps  polarity 1
net 848: (4 1)->(4 1) 1 0 1 1 #timing (1718 1662) ps  polarity 0
net 848: (4 1)->(4 1) 0 0 0 1 #timing (1798 1839) ps  polarity 1
net 848: (8 13)->(10 13) 1 2 0 0 #timing (351 330) ps polarity 1
net 848: (10 13)->(10 13) 5 0 1 0 #timing (447 498) ps polarity 0
net 848: (10 13)->(2 5) 5 3 0 1 #timing (1019 1073) ps  polarity 0
net 848: (2 5)->(2 5) 1 0 1 1 #timing (1192 1234) ps  polarity 0
net 848: (2 5)->(2 5) 0 0 0 1 #timing (1364 1310) ps  polarity 1
net 851: (10 4)->(10 4) 0 0 0 0 #timing (649 649) ps polarity 1
net 851: (10 4)->(8 6) 1 3 0 0 #timing (789 770) ps polarity 0
net 851: (8 6)->(8 6) 5 0 1 0 #timing (896 964) ps polarity 1
net 851: (8 6)->(25 6) 13 2 1 0 #timing (1637 1444) ps polarity 0
net 851: (25 6)->(25 6) 5 0 0 1 #timing (1882 1701) ps  polarity 0
net 851: (25 6)->(21 6) 4 5 0 1 #timing (2203 1984) ps  polarity 1
net 851: (21 6)->(21 2) 3 1 0 1 #timing (2565 2253) ps  polarity 1
net 851: (21 2)->(21 2) 1 0 1 1 #timing (2663 2355) ps  polarity 0
net 851: (21 2)->(21 2) 0 0 0 1 #timing (2488 2782) ps  polarity 1
net 852: (22 4)->(22 5) 0 1 0 0 #timing (672 672) ps polarity 1
net 852: (22 5)->(22 7) 1 1 0 0 #timing (798 790) ps polarity 0
net 852: (22 7)->(22 3) 3 1 0 1 #timing (1289 1157) ps  polarity 0
net 852: (22 3)->(20 3) 1 2 0 1 #timing (1448 1302) ps  polarity 1
net 852: (20 3)->(21 2) 0 3 0 1 #timing (1448 1596) ps  polarity 0
net 854: (28 12)->(28 12) 0 0 0 0 #timing (191 191) ps polarity 0
net 854: (28 12)->(30 14) 1 3 0 0 #timing (324 306) ps polarity 1
net 854: (30 14)->(26 14) 4 2 0 1 #timing (714 650) ps  polarity 1
net 854: (26 14)->(26 14) 1 0 1 1 #timing (901 813) ps  polarity 0
net 854: (26 14)->(27 14) 0 2 0 1 #timing (953 1024) ps  polarity 1
net 855: (21 6)->(21 7) 0 1 0 0 #timing (194 194) ps polarity 0
net 855: (21 7)->(21 7) 1 0 0 0 #timing (279 277) ps polarity 1
net 855: (21 7)->(21 11) 3 4 0 0 #timing (646 564) ps polarity 1
net 855: (21 11)->(25 11) 4 5 0 0 #timing (1022 889) ps polarity 1
net 855: (25 11)->(25 15) 3 1 0 1 #timing (1328 1371) ps  polarity 1
net 855: (25 15)->(27 13) 1 3 0 1 #timing (1555 1564) ps  polarity 0
net 855: (27 13)->(26 13) 0 2 0 1 #timing (1676 1708) ps  polarity 1
net 856: (27 18)->(27 18) 0 0 0 0 #timing (184 184) ps polarity 0
net 856: (27 18)->(27 18) 1 0 0 0 #timing (257 262) ps polarity 1
net 856: (27 18)->(27 14) 3 4 0 1 #timing (718 602) ps  polarity 1
net 856: (27 14)->(27 12) 1 1 0 1 #timing (864 739) ps  polarity 0
net 856: (27 12)->(26 13) 0 3 0 1 #timing (898 1031) ps  polarity 1
net 860: (13 15)->(12 14) 0 3 0 0 #timing (199 199) ps polarity 0
net 860: (12 14)->(12 14) 1 0 0 0 #timing (290 290) ps polarity 1
net 860: (12 14)->(16 14) 4 5 0 1 #timing (686 612) ps  polarity 1
net 860: (16 14)->(16 14) 1 0 1 1 #timing (872 774) ps  polarity 0
net 860: (16 14)->(17 15) 0 3 0 1 #timing (892 982) ps  polarity 1
net 861: (11 10)->(11 11) 0 1 0 0 #timing (191 190) ps polarity 0
net 861: (11 11)->(9 9) 1 3 0 0 #timing (386 341) ps polarity 1
net 861: (9 9)->(13 9) 4 2 0 0 #timing (672 712) ps polarity 1
net 861: (13 9)->(17 9) 4 5 0 1 #timing (969 987) ps  polarity 1
net 861: (17 9)->(17 13) 3 1 0 1 #timing (1262 1228) ps  polarity 1
net 861: (17 13)->(19 13) 1 2 0 1 #timing (1426 1374) ps  polarity 0
net 861: (19 13)->(18 13) 0 2 0 1 #timing (1513 1568) ps  polarity 1
net 861: (13 9)->(13 9) 5 0 0 0 #timing (806 866) ps polarity 0
net 861: (13 9)->(28 9) 13 2 1 0 #timing (1537 1343) ps polarity 1
net 861: (28 9)->(20 9) 5 2 0 1 #timing (2033 1811) ps  polarity 0
net 861: (20 9)->(20 13) 3 1 0 1 #timing (2203 2336) ps  polarity 0
net 861: (20 13)->(20 13) 1 0 1 1 #timing (2300 2438) ps  polarity 1
net 861: (20 13)->(20 13) 0 0 0 1 #timing (2575 2421) ps  polarity 0
net 864: (15 10)->(14 10) 0 2 0 0 #timing (190 190) ps polarity 0
net 864: (14 10)->(14 10) 1 0 0 0 #timing (268 272) ps polarity 1
net 864: (14 10)->(18 10) 4 5 0 0 #timing (552 515) ps polarity 1
net 864: (18 10)->(18 14) 3 1 0 1 #timing (960 836) ps 
net 864: (18 10)->(22 10) 4 2 0 1 #timing (826 765) ps  polarity 1
net 864: (22 10)->(22 14) 3 1 0 1 #timing (1137 1013) ps  polarity 1
net 864: (22 14)->(20 12) 1 3 0 1 #timing (1349 1188) ps  polarity 0
net 864: (20 12)->(20 13) 0 1 0 1 #timing (1323 1509) ps  polarity 1
net 864: (14 10)->(18 10) 4 5 0 1 #timing (668 598) ps  polarity 1
net 864: (18 10)->(18 14) 3 1 0 1 #timing (960 836) ps  polarity 1
net 864: (18 14)->(18 12) 1 1 0 1 #timing (1097 967) ps  polarity 0
net 864: (18 12)->(18 13) 0 1 0 1 #timing (1099 1241) ps  polarity 1
net 865: (20 12)->(20 12) 0 0 0 0 #timing (191 191) ps polarity 0
net 865: (20 12)->(22 14) 1 3 0 0 #timing (340 315) ps polarity 1
net 865: (22 14)->(20 14) 1 2 0 1 #timing (626 566) ps  polarity 0
net 865: (20 14)->(20 14) 0 0 0 1 #timing (680 758) ps  polarity 1
net 865: (22 14)->(18 14) 4 2 0 0 #timing (620 643) ps polarity 1
net 865: (18 14)->(18 14) 1 0 1 1 #timing (855 804) ps  polarity 0
net 865: (18 14)->(18 14) 0 0 0 1 #timing (909 956) ps  polarity 1
net 870: (14 9)->(14 8) 0 1 0 0 #timing (198 198) ps polarity 0
net 870: (14 8)->(14 10) 1 1 0 0 #timing (319 306) ps polarity 1
net 870: (14 10)->(12 10) 1 2 0 1 #timing (600 544) ps  polarity 0
net 870: (12 10)->(13 10) 0 2 0 1 #timing (678 745) ps  polarity 1
net 871: (8 26)->(9 27) 0 3 0 0 #timing (193 193) ps polarity 1
net 871: (9 27)->(9 25) 1 1 0 0 #timing (352 333) ps polarity 0
net 871: (9 25)->(9 25) 5 0 0 0 #timing (442 489) ps polarity 1
net 871: (9 25)->(9 17) 5 1 0 1 #timing (809 862) ps  polarity 0
net 871: (9 17)->(13 17) 4 2 0 1 #timing (1113 1122) ps  polarity 0
net 871: (13 17)->(13 13) 3 4 0 1 #timing (1437 1378) ps  polarity 0
net 871: (13 13)->(13 13) 1 0 0 1 #timing (1531 1478) ps  polarity 1
net 871: (13 13)->(12 12) 0 3 0 1 #timing (1626 1655) ps  polarity 0
net 872: (12 3)->(12 2) 0 1 0 0 #timing (198 198) ps polarity 0
net 872: (12 2)->(12 0) 1 1 0 0 #timing (335 314) ps polarity 1
net 872: (12 0)->(12 4) 3 1 0 0 #timing (607 590) ps polarity 1
net 872: (12 4)->(12 4) 5 0 0 0 #timing (730 726) ps polarity 0
net 872: (12 4)->(12 12) 5 1 0 1 #timing (1052 1056) ps  polarity 1
net 872: (12 12)->(12 12) 1 0 0 1 #timing (1261 1223) ps  polarity 0
net 872: (12 12)->(12 12) 0 0 0 1 #timing (1353 1379) ps  polarity 1
net 873: (16 20)->(16 20) 0 0 0 0 #timing (166 166) ps polarity 1
net 873: (16 20)->(18 22) 1 3 0 0 #timing (320 295) ps polarity 0
net 873: (18 22)->(18 22) 5 0 1 0 #timing (425 499) ps polarity 1
net 873: (18 22)->(3 22) 13 2 1 0 #timing (1095 914) ps polarity 0
net 873: (3 22)->(11 30) 5 3 0 1 #timing (1815 1618) ps  polarity 0
net 873: (11 30)->(11 28) 1 1 0 1 #timing (2033 1811) ps  polarity 0
net 873: (11 28)->(10 29) 0 3 0 1 #timing (1945 2172) ps  polarity 1
