# File generated by ForgeFPGA Workshop v.6.54 (Build 002)
## Project name: atcoder_spi_template_v2
## Netlist name: internal: netlist.edif
# Generation date: Sun Jul 26 18:44:44 2026
# Synthesis tool: Yosys v.0.59
# Place and Route tool: v.23
# Netlist SHA-256 cb56ef38e91e43e14cffb5dcb1315fdfee91a3694502d705587ef34f43271dbe
## High Density IO Packaging: off
## High Density Packaging Logic: on
## Clock-Concurrent Optimization CCopt: on
## Place-and-Trial-route: off
## Place-and-Trial-route iteration count: 20
## Max-CPU: 16
## Maximum Routing Iterations: 300
## Timing Analysis Corner: tt1pv25c_typical(0)

# axi_bus_width: 32, bits_per_cycle_per_tile: 32, array_size: 1x1, crc16: false
22222220
00000000
00000000
00000000
00550057
00000000
00aa00a8
00000000
00000000
00000000
11110113

2aaaaaa8
2aaaaaa8
ffffffff
ffffffff
ffffffff
00001000
ffffffff
ff7fffff
fdffffff
d5555557
d5554557

01000140
ffbfffff
d5141557
d5141557
2aaaaaa8
00000000
d5555557
2a28aaa8
2020aaa8
fd7ffd7f
00400000

098889c8
d5155557
d5555557
d5555557
d5005500
00001000
2a00aa00
2aaaaaa8
28aaaaa8
282aa828
c4004444

00000000
00000000
00414000
00414000
00000000
00000000
00000000
00820000
00020000
00000000
00040000

22022220
2aaaaaa8
2aaaaaa8
2aaaaaa8
2aafaaff
00000000
d5ff55ff
d5555557
dddd5557
d5555557
10000113

2aeaabe8
ffffffff
d5151557
d5141557
ffffffff
00510000
ffffffff
2a2aaaa8
2a28aaa8
fd7ffd7f
d5454557

00200000
00000400
d5555557
d5555557
00100000
00100000
00000000
2aaaaaa8
2aaaaaa8
00000000
00040000

08888888
00400000
00404000
00410000
d5005500
00410000
2a00aa00
00800000
00820000
00000000
c4404444

01000140
ffbfffff
2aaaaaa8
2aaaeaa8
2aeaaaa8
00000000
d5555557
d5555557
d5555557
fd7ffd7f
01010000

23622360
ffbfffff
00000000
00000000
00450057
00000000
008800a8
00000000
00000000
fd7ffd7f
11110113

2aaaaaa8
00000000
00000000
00000000
d5555557
00332000
2aa8aaa8
00000000
00000000
00000000
d5154557

00400000
00000000
00000000
00000000
2abaaaa8
00112000
d5755557
00000000
00000000
00000000
00000000

098889c8
ffffffff
ffffffff
d5555557
d5005500
00220000
2a00aa00
2aaaaaa8
ffffffff
fd7ffd7f
c4004444

00000000
2aaaaaa8
d5141557
2aebeaa8
2aaaaaa8
00000000
d5555557
d5d75557
2a28aaa8
d5555557
00040000

20022220
00000000
00000000
00000000
00550057
00000000
00aa00a8
00000000
00000000
00000000
11101113

2beaabe8
d5555557
00000000
00000000
d5555557
00010000
2aaaaaa8
00000000
00000000
282aa828
d5545557

03080040
ffbffbff
ffffffff
d5555557
2aaaaaa8
00000000
d5555557
2aaaaaa8
ffffffff
fd7ffd7f
00000000

094088c8
ffffffff
d5141557
00414000
d5005500
00010000
2a00aa00
00820000
2a28aaa8
fd7ffd7f
c4444444

00e00000
00000000
00000000
2aaaaaa8
2aaaaaa8
00000000
d5555557
d5555557
00000000
00000000
00000000

00000000
00400400
d5141157
d5055157
00510057
00000000
002a00a8
2aa2a8a8
2aa8a8a8
00000000
00000000

2a40ab00
2aeaaea8
ffbfbbff
d5155157
d5555557
08840000
2aaaaaa8
2aaaa8a8
fffdfdff
d5555557
d5045500

00000000
2aaaaaa8
00000000
00000000
2aaaaaa8
00040000
d5555557
00000000
00000000
d5555557
00000000

01400140
d5555557
00010000
00100000
d5005700
08800000
2ac02e00
00080000
00000000
282aa828
00000000

2b40ab40
d5555557
d5155157
ff45fe57
00040000
00000000
00408400
ff26bda8
2a2aa8a8
282aa828
d5005500

01400140
ffffffff
ffbffbff
ffefffff
00000200
00000200
00400400
ff77bdff
fffffdff
fd7ffd7f
00040000

01400140
ffffffff
00000000
00aa01a8
2a2aa8a8
00000000
d5155157
00510057
00000000
fd7ffd7f
00000000

2b40ab40
d5555557
00000000
00000000
d5005500
ff00ff00
2a00aa00
00000000
00800000
282aa828
d5005500

00000000
00000000
00000000
2a00aa00
00000000
00000000
00000000
d5005500
00000000
00000000
00004000

00000000
2aaaaaa8
2aaaaaa8
2aaaaaa8
00000000
00000000
00000000
d5555557
d5555557
d5555557
00000000

2b40ab40
ffbfffff
00000000
00aa00a8
d5005500
ff00ff00
2a00aa00
00550057
00000000
fd7ffd7f
d5001500

00000000
00000000
00000000
00000000
00000000
00000000
00000000
00000000
00000000
00000000
00000000

22626220
00414000
00000000
00000000
00440057
00000000
00aa00a8
00000000
00000000
00028000
10139113

2baaeaa8
2baaeaa8
ffffffff
febbafff
ffffffff
00110000
ffffffff
fd555fff
fffdffff
d555d557
d557d557

01104000
ebbaeaab
d5015557
d5015557
2abbaaa8
00100000
d5555557
2a2aaaa8
2a2aaaa8
d575d557
00228000

08d8c088
c0514003
d5555557
d5555557
d5005500
00010000
2a00aa00
2aaaaaa8
2aaaaaa8
00228000
c426c444

00404800
00414000
00440000
00440000
00000000
00000000
00000000
00800000
00800000
00028000
01408000

23226020
2baaeaa8
2abaaaa8
2abaaaa8
2affaaff
00000000
d57f55ff
d5555557
d5555557
d575d557
11609113

2b3ae8a8
ebbaeaab
d5045557
d1015557
ffffffff
00802200
ffffdfff
2a2aaaa8
2a028aa8
d575d557
d564d557

00504000
00514000
d5555557
d5555557
00000000
00800200
00800200
2aaaaaa8
2a8a8aa8
00028000
00008000

084c8088
00450000
00400000
00440000
d5005500
00002000
2a008800
00800000
00800000
028a0000
c68e4444

01040800
2baeaaa8
2aabaaa8
2ebaaaa8
2aaaaaa8
00000000
d5555557
d5555557
d55d5557
d7dd5557
028a0000

21100220
ebbaaaab
00100000
00000000
00140057
00000000
00a800a8
00000000
00000000
d7f55557
13e21113

2afa8aa8
c0510003
00000000
00000000
d5555557
00530000
2aaaaaa8
00000000
00000000
02a20000
d7e75557

02660000
00450000
00000000
00000000
2aabaaa8
00430000
d5575557
00000000
00000000
028a0000
028c0000

09848088
2baeaaa8
ffffffff
d5555557
d5405500
00100000
2a00aa00
2aaaaaa8
ffffffff
d7fd5557
c6a84444

01080800
ebaaaaab
d5015557
2aeeaaa8
2aaaaaa8
00000000
d5555557
d5d55557
2a2aaaa8
d7f55557
02a10000

22622220
00410000
00100000
00000000
00450057
00000000
00aa00a8
00000000
00000000
02820000
13801113

2aaaaaa8
c0000003
00000000
00000000
d5555557
00100200
2aaaaaa8
00000000
00000000
00880000
d5cc5557

00000000
eaaaaaab
ffffffff
d5555557
2aaaaaa8
00000200
d5555757
2aaaaaa8
ffffffff
d5555557
00000000

08188888
eabaaaab
d5015557
00440000
d5105500
00100000
2a00a800
00800000
2a2aaaa8
d7755557
c6644444

00900000
c0100003
00100000
2aaaaaa8
2aaaaaa8
00000000
d5555557
d5555557
00000000
02a00000
02a00000

01404000
01404000
d4440557
d4400557
00140057
00000000
00aa00a8
28820aa8
28800aa8
00808000
00808000

2b51ea00
2bfaeaa8
fefeafff
d4400557
d5555557
04410000
2aaaaaa8
288a0aa8
fdd55fff
d555d557
d502d500

01514000
2bfbeaa8
00100000
00000000
2aeaaaa8
00400000
d5555557
00080000
00000000
d775d557
02008000

01414000
01414000
00000000
00000000
fd83ffa8
04010000
3e14ff54
00000000
00000000
02a08000
02808000

2a01aa00
c0010003
d4440557
ff41af57
282aaaa8
00000000
14001554
ff805fa8
28820aa8
008a0000
d58a5500

00010000
eaabaaab
feeeafff
ffebafff
296aabe8
3f09bffc
16c017d4
ffd55fff
fdd75fff
d5575557
00020000

00110000
eabbaaab
00000000
00aa00a8
00000280
00000000
c0000143
00550057
00000000
d7775557
02220000

2a11aa00
c0110003
00000000
00000000
d5005780
ff00ff00
2a08ab40
00000000
00000000
02a20000
d7a25500

01404000
01414000
00000000
2a00aa00
00000280
00000000
00080140
d5005500
00000000
00828000
00a08000

01514000
2bfbeaa8
2aaaaaa8
2aaaaaa8
00000280
00000000
00000140
d5555557
d55d5557
d557d557
00228000

2b51ea00
ebfbeaab
00000000
00aa00a8
d5005500
ff00ff00
2a00aa00
00550057
00080000
d775d557
d720d500

01414000
01414000
00000000
00000000
00000000
00000000
00000000
00000000
00000000
02a08000
02a08000

00202000
15445554
00000000
00000000
00400057
00000000
008200a8
00000000
00000000
2808aaa8
00040000

3ffffffc
3feffffc
ffffffff
ffefffff
ffefffff
013f0000
fff7ffff
ffffffff
ffffffff
ff7fffff
ffffffff

23000220
eaaaaaab
d4500557
d4500557
2aaeaaa8
01030000
d5555557
28000aa8
2a000aa8
d7755557
13031113

00080000
c0010003
d4500557
d4500557
d5005500
003c0000
2a20aa00
28880aa8
2a800aa8
00020000
00100000

08c2c888
15405554
00000000
00000000
00010000
00000000
00000000
00000000
00000000
280aaaa8
c4404444

14151554
3feffffc
2aaaaaa8
2aaaaaa8
2abfbaff
00000000
d5f755ff
d5dd5557
d5d55557
ff7fffff
28a8aaa8

2aa22aa8
eaafaaab
d4040057
d4004557
ffffffff
004f9000
ffffffff
28008aa8
28000aa8
d7555557
d5114557

36024774
00000000
d4540557
d4504557
00400000
00098000
00080000
28888aa8
28820aa8
00200000
39100bbb

14000554
15405554
00000000
00000000
d5004500
00461000
2a002a00
00000000
00800000
2802aaa8
28004aa8

08a06888
ffefffff
2aaaafa8
2abaaaa8
2aaaaaa8
00000000
d555d557
d5dd5557
d5555557
ff77ffff
c4010444

00022000
eaabaaab
00500000
00400000
00110057
00000000
028a00a8
00000000
00020000
d7555557
01110000

3ea2effc
00040000
00000000
00000000
d5555557
026c0000
2aaaaaa8
00000000
00000000
00200000
fdd5dfff

36755774
15504554
00500000
00000000
2aeaaaa8
00640000
d5755557
00000000
00000000
00000000
3aaabbbb

00000000
ffffffff
ffffffff
d4500557
d5045500
02080000
2800aa00
28880aa8
ffffffff
d5555557
026a2000

08c48888
2aaaaaa8
d4000557
2aaaaaa8
2aaaaaa8
00000000
d5555557
d5555557
28000aa8
d5555557
c4044444

00191000
00051000
00000000
00000000
00051057
00000000
002800a8
00880000
00000000
00000000
00000000

2bb9baa8
d4045557
00500000
00000000
d5555557
00d21000
2aaaaaa8
00000000
00000000
00000000
d7fa7557

20002220
ffbfffff
ffffffff
d4500557
2aaaaaa8
00000000
d5555557
28880aa8
ffffffff
d5555557
11001113

00200000
ebbaaaab
d4000557
00000000
d5504500
00d21000
2a00aa00
00000000
28000aa8
d5555557
00100000

1fd5dddc
00010000
00000000
2aaaaaa8
2aaaaaa8
00000000
d5d75557
d5dd5557
00000000
28aaaaa8
eeeaeeec

00000000
01115000
d5444557
d5401557
00510057
00000000
000a00a8
2888aaa8
28a02aa8
00000000
00000000

2a2aaa00
2bbbfaa8
ffeeefff
d5401557
d5555557
04a40000
2aaaaaa8
28a8aaa8
fff77fff
d5555557
d5005500

15775554
2aaaaaa8
00000000
00000000
2aaaaaa8
04840000
d5d55557
00200000
02000000
d5d5d557
2aaaaaa8

15555554
c0000003
00000000
00000000
d18af500
00200000
2a45fa00
00000000
00020000
282a2aa8
2a2a2aa8

3f55ff54
c1000003
d5511557
fd606f57
048ca000
00000000
01205000
ff8aafa8
2888aaa8
00000000
ffaaffa8

01080000
ffffffff
fffbbfff
fdea7fff
1488e554
02bfb000
00145000
ffdfafff
ffffffff
fd555fff
00200000

15455554
eaaaaaab
00000000
008800a8
04000000
00000000
c0000003
00550057
00020000
fd555fff
2aa8aaa8

2a08aa00
c0400003
00000000
00021000
d5005500
ff00ff00
2a00aa00
00000000
02200000
00000000
d5405500

00000000
14155554
00000000
28002a00
00000000
00000000
00000000
d5400500
00000000
00000000
02000000

14455554
2abaaaa8
2eaaaaa8
28aa2aa8
02800280
00000000
00000000
d5550557
d5555557
d5775557
2888aaa8

3e55ff54
ebbbaaab
00000000
00aa00a8
d1005780
ff00ff00
2a00aa00
00150057
00000000
d7775557
fd88afa8

154c4554
01010000
04000000
00000000
00000000
00000000
00000000
00000000
00000000
02000000
0040d000

000e0000
00040000
00000000
00000000
00010057
00000000
002000a8
00000000
00000000
00800000
00110000

2a8eaaa8
2aaeaaa8
ffffffff
feaaafff
ffffffff
00ff0000
fff5ffff
fd7f5fff
ffffffff
d5dd5557
d5595557

22047220
eaaefaab
d4401557
d4000557
2abaaaa8
00d40000
d5555557
28000aa8
28000aa8
d55df557
1148a113

00045000
c0045003
d4401557
d4400557
d5445500
002b0000
2880aa00
288a0aa8
288a0aa8
0000a000
0000b000

08848888
00040000
00000000
00000000
00000000
00000000
02000000
00000000
00000000
00800000
c4824444

00140000
2aaeaaa8
2aaaaaa8
2aeaaaa8
2aeeaaff
00000000
d5d555ff
d5df5557
d5df5557
d5d55557
00800000

2a9ffaa8
eaaffaab
d4000557
d0051557
ffffffff
003f2000
ffffffff
20022aa8
28200aa8
d577f557
d5fef557

22067220
00045000
d4510557
d4455557
00110000
00252000
002a0000
288a2aa8
28a80aa8
0020a000
11b2b113

00550000
00550000
00010000
00004000
d5005500
001a0000
28008a00
00000000
00000000
00a20000
00260000

08dd8888
eaffaaab
2aeaaaa8
2eeaaaa8
2aaaaaa8
00000000
d7557557
dddd5557
d5dd5557
d5ff5557
c46a4444

00755000
eafffaab
00100000
00000000
00510057
00000000
008800a8
00000000
00000000
d57ff557
006ea000

2af5daa8
00555000
00000000
00000000
d5555557
00260000
2aaaaaa8
00000000
00000000
0022a000
d567f557

22440220
00550000
00000000
00000000
2aaaaaa8
00060000
d5555557
00000000
00000000
00820000
10831113

00540000
eafeaaab
ffffffff
d4400557
d5065500
00200000
2a02aa00
288a0aa8
ffffffff
d5d55557
00800000

08d5d888
2afffaa8
d4000557
2aaaaaa8
2aaaaaa8
00000000
d5755557
d5555557
28000aa8
d577f557
c5a2e444

00c65000
00555000
00000000
00400000
00550057
00000000
00aa00a8
00880000
00020000
0022a000
00a2a000

2a8eaaa8
c0000003
00000000
00000000
d5555557
08027000
2aaaaaa8
00000000
00000000
00800000
d5555557

20006220
eaaaeaab
ffffffff
d4400557
2aa8aaa8
00007000
d5555557
288a0aa8
ffffffff
d5d5d557
11009113

020dd000
eaaafaab
d4000557
00000000
d5005500
08020000
2800aa00
00000000
28000aa8
d555f557
0000e000

08050888
00000000
00000000
2aeaaaa8
2aaaaaa8
00000000
d7555557
d5df5557
00000000
00000000
c4550444

02050000
00050000
d4504557
d4114557
00410057
00000000
008800a8
2a88aaa8
2a88aaa8
00880000
00800000

2a12ea00
2abfeaa8
fefaffff
d4554557
d5555557
04360000
2aaaaaa8
2aaaaaa8
ffffffff
d5fdd557
d5a1d500

00145000
2abffaa8
00001000
00040000
2aaaaaa8
00020000
d5555557
00000000
00220000
d57df557
00a0a000

00050000
c0050003
00000000
00400000
ff26ffa8
04340000
3c02ff54
00220000
00000000
00080000
00800000

2844aa00
c0410003
d4115557
ff15cf57
289a0aa8
00000000
16314554
ffaacfa8
2aa08aa8
00800000
d5005500

00524000
eafbeaab
fefbffff
ffbfcfff
294a0be8
3d4c5ffc
169147d4
fffecfff
fffddfff
d5f5d557
00218000

02455000
eaebfaab
00400000
00a800a8
00000280
00000000
c0000143
00540057
00000000
d555f557
0000a000

2a47aa00
c0410003
00000000
00020000
d5005780
ff00ff00
2a48ab40
00000000
00080000
00000000
d5005500

00450000
00400000
00000000
2a008a00
00000280
00000000
00080140
d5004500
00000000
00800000
00800000

00504000
2afaeaa8
2aaaaaa8
2aaa8aa8
00000280
00000000
00000140
d5554557
d55d5557
d5f5d557
00a08000

2844ea00
eaeaeaab
00000000
00a800a8
d5005500
fd00ff00
2800aa00
00550057
00080000
d555f557
d580f500

00470000
00400000
00000000
00020000
00000000
02000000
02000000
00000000
00000000
00000000
00800000

22222220
00000000
00000000
00000000
00550057
00000000
00a200a8
00000000
00000000
00000000
11111113

2a22aaa8
2aaaaaa8
ffffffff
febfffff
ffffffff
00080000
ffffffff
fd77ffff
ffffffff
d5555557
d5515557

00400000
eaeaaaab
d4105557
d4115557
2aaaaaa8
00080000
d55d5557
2822aaa8
2822aaa8
d5d55557
00800000

08408888
c0400003
d4115557
d4115557
d5005500
00000000
2a00aa00
2822aaa8
2822aaa8
00800000
c4c04444

00000000
00000000
00000000
00000000
00000000
00000000
00000000
00000000
00000000
00000000
00000000

22222220
2aaaaaa8
2aabaaa8
2aaaaaa8
2abfaaff
00000000
d57f55ff
d5555557
d5555557
d5555557
11111113

2aeaaaa8
eaeaaaab
d4115557
d4115557
ffffffff
00cc0000
ffffffff
2022aaa8
2822aaa8
d5d55557
d5955557

00400000
00400000
d4115557
d4115557
00000000
00c80000
00000000
2a22aaa8
28a2aaa8
00800000
00800000

088c8888
00040000
00000000
00000000
d5005500
00040000
2a80aa00
00000000
00000000
00080000
c40c4444

00040000
2aaeaaa8
2aaaaaa8
2aaaaaa8
2aeaaaa8
00000000
d5555557
d5555557
d5555557
d55d5557
00080000

226a2220
eaeaaaab
00000000
00000000
00550057
00000000
02aa00a8
0a000000
00800000
d5d55557
11911113

2aeaaaa8
c0400003
00000000
00000000
d5555557
02000000
2aaaaaa8
00000000
00000000
00800000
d5d55557

00040000
00040000
00000000
00000000
2aaaaaa8
02000000
d5555557
00000000
00000000
00080000
00080000

08048888
2aaeaaa8
ffffffff
d4115557
d5005500
00000000
2800aa00
2822aaa8
ffffffff
d55d5557
c4484444

00c00000
eaeaaaab
d4115557
2aaaaaa8
2aaaaaa8
00000000
d5555557
d5555557
2822aaa8
d5d55557
00840000

22e22220
00400000
00000000
00000000
00540057
00000000
008800a8
00000000
00000000
00800000
11911113

2aaaaaa8
c0000003
00000000
00000000
d5555557
00230000
2aaaaaa8
00000000
00000000
00000000
d5515557

00000000
eaaaaaab
ffffffff
d4115557
2aaaaaa8
00200000
d5555557
2822aaa8
ffffffff
d5d55557
00800000

08488888
eaeaaaab
d4115557
00000000
d5015500
00030000
2a22aa00
00000000
2822aaa8
d5d55557
c4c04444

00400000
c0400003
00000000
2aaaaaa8
2aaaaaa8
00000000
d5555557
d5555557
00000000
00000000
00000000

00000000
00000000
d5555557
d5515557
00550057
00000000
00aa00a8
2aa2aaa8
2aa2aaa8
00000000
00000000

2a04aa00
2aaeaaa8
ffffffff
d5515557
d5555557
00000000
2aaaaaa8
2aa2aaa8
fff7ffff
d5d55557
d5805500

00440000
2aeeaaa8
00000000
00000000
2aaaaaa8
00000000
d5555557
00000000
00000000
d5d55557
00880000

00400000
00400000
00000000
00000000
ff2affa8
00000000
3f51ff54
00000000
00000000
00000000
00080000

2a04aa00
c0040003
d5515557
f551ff57
2a22aaa8
00000000
15115554
ffaaffa8
2aa2aaa8
00080000
d5085500

00040000
eaaeaaab
fffbffff
f5ffffff
2beaabe8
3f37fffc
179157d4
ffffffff
fff7ffff
d5dd5557
00880000

00440000
eaeeaaab
00000000
00ae00a8
00000280
00000000
c0000143
00550057
00000000
d5dd5557
00880000

2a44aa00
c0440003
00000000
00000000
d5005780
ff00ff00
2a00ab40
00000000
00000000
00080000
d5085500

00000000
00000000
00000000
2000aa00
00000280
00000000
00000140
d1005500
00000000
00080000
04000000

00040000
2aaeaaa8
2aaaaaa8
20aaaaa8
00000280
00000000
00000140
d5555557
d5555557
d5dd5557
00800000

2a44aa00
eaeeaaab
00000000
00aa00a8
d5005500
ff00ff00
2a00aa00
00550057
00000000
d5dd5557
d1885500

00400000
00400000
00000000
00000000
00000000
00000000
00000000
04000000
00000000
00080000
00080000

22222220
00040000
00000000
00000000
00550057
00000000
00aa00a8
00000000
00000000
00000000
11111113

3ff7fffc
2aaeaaa8
ffffffff
ffffffff
ffffffff
00000000
ffffffff
ffffffff
ffffffff
d5555557
ffffffff

00000000
eaaaaaab
d4015557
d4115557
2aaaaaa8
00000000
d5555557
2822aaa8
2822aaa8
d5555557
00000000

08808888
c1000003
d4115557
d4115557
d5005500
00000000
2a00aa00
2822aaa8
2822aaa8
00000000
c4444444

00400000
15555554
00000000
00000000
00000000
00000000
00000000
00000000
00000000
2822aaa8
00800000

37377774
2aaaaaa8
2abaaaa8
2aaaaaa8
2afbaaff
00080000
d5ff55ff
d5555557
d5555557
fd77ffff
3b3bbbbb

2aaaaaa8
eaeaaaab
d4115557
d4115557
ffffffff
000c0000
ffffffff
2822aaa8
2822aaa8
d5555557
d5555557

14115554
14155554
d4115557
d4115557
00000000
00000000
00000000
2822aaa8
2822aaa8
00000000
2826aaa8

1c99dddc
01440000
00000000
00000000
d5005500
00040000
2a00aa00
00000000
00000000
00000000
ec62eeec

00000000
ebeeaaab
2aaaaaa8
2aaaaaa8
2aaeaaa8
00000000
d5555557
d5555557
d5555557
ffffffff
00000000

22222220
eaaaaaab
00000000
00000000
00550057
00000000
00aa00a8
00000000
00000000
d5555557
11111113

3fb3fffc
00000000
00000000
00000000
d5555557
00000000
2aaaaaa8
00000000
00000000
00000000
fd73ffff

15555554
14515554
00000000
00000000
2aaaaaa8
00000000
d5555557
00000000
00000000
00800000
28a2aaa8

08808888
ffffffff
ffffffff
d4115557
d5005500
00000000
2a00aa00
2822aaa8
ffffffff
ff7fffff
c4404444

00000000
2aaeaaa8
d4115557
2aaaaaa8
2aaaaaa8
00000000
d5555557
d5555557
2822aaa8
d5555557
00000000

22662220
01000000
00000000
00000000
00540057
00000000
00aa00a8
00000000
00000000
00000000
11911113

2ba6aaa8
d5515557
00000000
00000000
d5555557
00010000
2aaaaaa8
00000000
00000000
00000000
d75d5557

00400000
fffbffff
ffffffff
d4115557
2aaaaaa8
00000000
d5555557
2822aaa8
ffffffff
d5555557
00800000

08808888
eaaaaaab
d4115557
00000000
d5005500
00010000
2a00aa00
00000000
2822aaa8
d5555557
c4404444

15555554
00000000
00000000
2aaaaaa8
2aabaaa8
00000000
d5555557
d5555557
00000000
00000000
2aaeaaa8

00000000
15555554
d5115557
d5555557
00550057
00000000
00aa00a8
2aaaaaa8
2aaaaaa8
28aaaaa8
00000000

2a00aa00
3ffffffc
fffbffff
d5555557
d5555557
00000000
2aaaaaa8
2aaaaaa8
ffffffff
ffffffff
d5505500

15555554
2aaaaaa8
00000000
00000000
2aaaaaa8
00000000
d5555557
00000000
00000000
d5555557
2afaaaa8

15555554
c0000003
00400000
00000000
d7885500
00000000
2b40aa00
00000000
00000000
02000000
2aaaaaa8

2a00aa00
d5555557
d5115557
ff55ff57
02880000
00000000
01400000
ffeaffa8
2aaaaaa8
28a2aaa8
ffaaffa8

00000000
ffffffff
ffbbffff
ffffffff
16995554
03cc0000
01400000
ffffffff
ffffffff
ffffffff
00000000

15555554
eaaaaaab
00000000
00aa00a8
00000000
00000000
c0000003
00150057
00000000
d55d5557
2aaaaaa8

2b00aa00
c0000003
00000000
00000000
d5005500
ff00ff00
2a00aa00
00000000
00000000
02000000
d5005500

00040000
15555554
00000000
2a00aa00
00000000
00000000
00000000
d5005500
00000000
28a2aaa8
00000000

14515554
3ffffffc
2aaaaaa8
2aaaaaa8
02800280
00000000
00000000
d5555557
d5555557
ffffffff
2aaaaaa8

3e51ff54
eaaaaaab
00000000
00aa00a8
d5005780
ff00ff00
2a00aa00
00550057
00000000
d55d5557
ffaaffa8

15515554
00000000
00000000
00000000
00000000
00000000
00000000
00000000
00000000
02000000
2aaaaaa8

02000000
00000000
00000000
00000000
00550057
00000000
00aa00a8
00000000
00000000
00000000
00000000

2aeaaaa8
2aaaaaa8
ffffffff
febfffff
ffffffff
00000000
ffffffff
fd7fffff
ffffffff
d5d55557
d5d55557

20222220
eaeaaaab
d5545557
d5555557
2aaaaaa8
00000000
d5555557
2aaaaaa8
2aa8aaa8
d5555557
10111113

00480000
c0400003
d5555557
d5555557
d5005500
00000000
2a00aa00
2aaaaaa8
2aaaaaa8
00800000
01800000

08808888
00000000
00000000
00000000
00000000
00000000
00000000
00000000
00000000
00000000
c4444444

02440000
2aaaaaa8
2aabaaa8
2aaaaaa8
2affaaff
00000000
d5ff55ff
d5555557
d5575557
d5d55557
00800000

2aaeaaa8
eaeaaaab
d5555557
d5555557
ffffffff
00080000
ffffffff
28aaaaa8
2aaaaaa8
d55d5557
d55d5557

20622220
00400000
d5555557
d5555557
00000000
00080000
00000000
2aaaaaa8
2aaaaaa8
00880000
11991113

00040000
00040000
00000000
00000000
d5005500
00000000
2a00aa00
00000000
00000000
00080000
00080000

08cc8888
eaaeaaab
2aaaaaa8
2aaaaaa8
2aaaaaa8
00000000
d5555557
d5555557
d5555557
d5dd5557
c4cc4444

00040000
eaeeaaab
00000000
00000000
00550057
00000000
00aa00a8
02000000
00000000
d55d5557
00080000

2ae6aaa8
00440000
00000000
00000000
d5555557
00000000
2aaaaaa8
00000000
00000000
00880000
d5dd5557

22222220
00040000
00000000
00000000
2aaaaaa8
00000000
d5555557
00000000
00000000
00000000
11111113

00440000
eaaeaaab
ffffffff
d5555557
d5005500
00000000
2a00aa00
2aaaaaa8
ffffffff
d5d55557
00800000

08848888
2aeeaaa8
d5555557
2aaaaaa8
2aaaaaa8
00000000
d5555557
d5555557
2aaaaaa8
d55d5557
c44c4444

02400000
00440000
00000000
00000000
04550057
04000000
00a800a8
00000000
00000000
00880000
00880000

2aaaaaa8
c0000003
00000000
00000000
d5555557
04020000
2aaaaaa8
00000000
00000000
00000000
d5555557

20622220
eaaaaaab
ffffffff
d5555557
2aaaaaa8
00000000
d5555557
2aaaaaa8
ffffffff
d5d55557
11911113

00000000
eaeaaaab
d5555557
00000000
d1005500
00020000
2a02aa00
00000000
2aaaaaa8
d5555557
00000000

08c88888
00400000
00000000
2aaaaaa8
2aaaaaa8
00000000
d5555557
d5555557
00000000
00800000
c4c44444

00000000
00000000
d4115557
d4115557
00550057
00000000
008a00a8
2822aaa8
2822aaa8
00000000
00000000

2a44aa00
2aaeaaa8
febbffff
d4115557
d5555557
00200000
2aaaaaa8
2822aaa8
fd77ffff
d5d55557
d5805500

00040000
2aeeaaa8
00000000
00000000
2aaaaaa8
00200000
d5555557
00000000
00000000
d5555557
00080000

00400000
c0400003
00000000
00000000
ff22ffa8
00000000
3e71ff54
00000000
00000000
00800000
00880000

2a04aa00
c0040003
d4115557
fd15ff57
2a22aaa8
00000000
14115554
fd2affa8
2822aaa8
00080000
d5085500

00440000
eaaeaaab
febbffff
fdbfffff
2be2abe8
3f3ffffc
169157d4
fd7fffff
fd77ffff
d5dd5557
00880000

00040000
eaeeaaab
00000000
00aa00a8
00000280
00000000
c0000143
00550057
00000000
d55d5557
00080000

2a44aa00
c0440003
00000000
00000000
d5005780
ff00ff00
2a00ab40
00000000
00000000
00880000
d5885500

00000000
00000000
00000000
2800aa00
00000280
00000000
00000140
d5005500
00000000
00080000
00000000

00440000
2aaeaaa8
2aaaaaa8
28aaaaa8
00000280
00000000
00000140
d5555557
d5555557
d5dd5557
00800000

2a04aa00
eaeeaaab
00000000
00aa00a8
d5005500
ff00ff00
2a00aa00
00550057
00000000
d55d5557
d5085500

00400000
00400000
00000000
00000000
00000000
00000000
00000000
00000000
00000000
00880000
00880000

00000000
00000000
00000000
00000000
00550057
00080000
00aa00a8
00000000
00000000
00000000
00000000

2aaaaaa8
2aaaaaa8
ffffffff
ffffffff
ffffffff
00080000
ffffffff
ffffffff
ffffffff
d5555557
d5555557

22222220
eaaaaaab
d5415557
d5555557
2aaaaaa8
00000000
d5555557
2aaaaaa8
2aaaaaa8
d5555557
11111113

00000000
c0000003
d5515557
d5555557
d5005500
00000000
2a00aa00
2aaaaaa8
2aaaaaa8
00000000
00000000

08888888
00000000
00100000
00000000
00000000
00000000
00000000
00000000
00000000
00000000
c4444444

00000000
2aaaaaa8
2aaaaaa8
2aaaaaa8
2affaaff
00000000
d5ff55ff
d5555557
d5555557
d5555557
01000000

2aaaaaa8
eaaaaaab
d5155557
d5554557
ffffffff
00000000
ffffffff
2aaaaaa8
2aaaaaa8
d5555557
d5555557

22222220
00000000
d5555557
d5555557
00000000
00000000
00000000
2aaaaaa8
2aaaaaa8
00000000
10111113

00000000
00000000
00000000
00000000
d4005500
00000000
2a00aa00
00000000
00000000
00000000
00040000

08888888
2aaaaaa8
2aaaaaa8
2aaaaaa8
2baaaaa8
00000000
d5555557
d5555557
d5555557
d5555557
c4404444

00000000
eaaaaaab
00400000
00001000
00510057
00000000
00aa00a8
00000000
00000000
d5555557
00000000

2aaaaaa8
c0000003
00000000
00000000
d5555557
00040000
2aaaaaa8
00000000
00000000
00000000
d5555557

22222220
00000000
00000000
00000000
2aaeaaa8
00040000
d5555557
00000000
00000000
00000000
11111113

00000000
2aaaaaa8
ffffffff
d5555557
d4005500
00000000
2a01aa00
2aaaaaa8
ffffffff
d5555557
00000000

08888888
eaaaaaab
d5545557
2aaaaaa8
2baaaaa8
00000000
d5555557
d5555557
2aaaaaa8
d5555557
c4444444

00080000
00000000
00010000
00000000
00540057
00000000
00aa00a8
00000000
00000000
00000000
00000000

2aaaaaa8
c0000003
00000000
00000000
d5555557
00010000
2aaaaaa8
00000000
00000000
00000000
d5555557

22222220
eaaaaaab
ffffffff
d5555557
2aaaaaa8
00010000
d5545557
2aaaaaa8
ffffffff
d5555557
11111113

00000000
eaaaaaab
d5555557
00000000
d4015500
00000000
2a00aa00
00000000
2aaaaaa8
d5555557
00000000

08808888
c0000003
00000000
2aaaaaa8
2baaaaa8
00000000
d5555557
d5555557
00000000
00000000
c4444444

00000000
00000000
d5555557
d5555557
00540057
00000000
00aa00a8
2aaaaaa8
2aaaaaa8
00000000
01000000

2a00aa00
2aaaaaa8
ffffffff
d5555557
d5555557
00010000
2aaaaaa8
2aaaaaa8
ffffffff
d5555557
d5005500

00000000
2aaaaaa8
00000000
00000000
2aaaaaa8
00000000
d5555557
00000000
00000000
d5555557
00000000

00000000
00000000
00000000
00000000
feabffa8
00010000
3f55ff54
00000000
00000000
00000000
00000000

2a00aa00
c0000003
d5155557
ff15ff57
2baaaaa8
00000000
15555554
ffaaefa8
2aaaaaa8
00000000
d4005500

00000000
eaaaaaab
ffffffff
ffbfffff
2beaabe8
3ffffffc
17d557d4
ffffefff
ffffffff
d5555557
00000000

00000000
eaaaaaab
00000000
00aa00a8
02800280
00000000
c1400143
00550057
00000000
d5555557
01000000

2a00aa00
c0000003
00400000
00000000
d7805780
ff00ff00
2b40ab40
00000000
00000000
00000000
d5005500

00000000
00000000
00000000
2a00aa00
02800280
00000000
01400140
d5004500
00000000
00000000
00000000

00000000
2aaaaaa8
2aaaaaa8
2aaaaaa8
02800280
00000000
01400140
d5554557
d5555557
d5555557
00000000

2a00aa00
eaaaaaab
00000000
00aa00a8
d4005500
fe00ff00
2a00aa00
00550057
00000000
d5555557
d4005500

00000000
00000000
00000000
00000000
01000000
01000000
00000000
00000000
00000000
00000000
00000000

22222220
15555554
00000000
00000000
00000000
00000000
00000000
00000000
00000000
2aaaaaa8
11111113

3ffffffc
3ffffffc
ffffffff
ffffffff
ffffffff
00000000
ffffffff
ffffffff
ffffffff
ffffffff
ffffffff

00000000
eaaaaaab
d5555557
d5555557
2affaaff
00000000
d5ff55ff
2aaaaaa8
2aaaaaa8
d5555557
00000000

08888888
c0000003
d5555557
d5555557
00000000
00000000
00000000
2aaaaaa8
2aaaaaa8
00000000
c4444444

00000000
15555554
00000000
00000000
d5005500
00000000
2a00aa00
00000000
00000000
2aaaaaa8
00000000

37777774
3ffffffc
2aaaaaa8
2aaaaaa8
2aaaaaa8
00000000
d5555557
d5555557
d5555557
ffffffff
3bbbbbbb

2aaaaaa8
eaaaaaab
d5555557
d5555557
ffffffff
00000000
ffffffff
2aaaaaa8
2aaaaaa8
d5555557
d5555557

15555554
00000000
d5555557
d5555557
00550057
00000000
00aa00a8
2aaaaaa8
2aaaaaa8
00000000
2aaaaaa8

1ddddddc
15555554
00000000
00000000
00000000
00000000
00000000
00000000
00000000
2aaaaaa8
eeeeeeec

00000000
ffffffff
2aaaaaa8
2aaaaaa8
ffaaffa8
00000000
ff55ff57
d5555557
d5555557
ffffffff
00000000

22222220
eaaaaaab
00000000
00000000
00000000
00000000
00000000
00000000
00000000
d5555557
11111113

3ffffffc
00000000
00000000
00000000
d5555557
00000000
2aaaaaa8
00000000
00000000
00000000
ffffffff

15555554
15555554
00000000
00000000
2affaaff
00000000
d5ff55ff
00000000
00000000
00000000
2aaaaaa8

08888888
ffffffff
ffffffff
d5555557
00000000
00000000
00000000
2aaaaaa8
ffffffff
d5555557
c4444444

00000000
2aaaaaa8
d5555557
2aaaaaa8
ffaaffa8
00000000
ff55ff57
d5555557
2aaaaaa8
d5555557
00000000

22222220
00000000
00000000
00000000
00000000
00000000
00000000
00000000
00000000
00000000
11111113

2aaaaaa8
d5555557
00000000
00000000
d5555557
00000000
2aaaaaa8
00000000
00000000
00000000
d5555557

00000000
ffffffff
ffffffff
d5555557
2affaaff
00000000
d5ff55ff
2aaaaaa8
ffffffff
d5555557
00000000

08888888
eaaaaaab
d5555557
00000000
00000000
00000000
00000000
00000000
2aaaaaa8
d5555557
c4444444

15555554
00000000
00000000
2aaaaaa8
ffaaffa8
00000000
ff55ff57
d5555557
00000000
2aaaaaa8
2aaaaaa8

2a00aa00
00000000
d5555557
d5555557
00000000
00000000
00000000
2aaaaaa8
2aaaaaa8
00000000
d5005500

2aaaaaa8
2aaaaaa8
ffffffff
d5555557
d5555557
00000000
2aaaaaa8
2aaaaaa8
ffffffff
d5555557
d5555557

15555554
2aaaaaa8
00000000
00000080
2affaa7f
00000000
d5ff55ff
00000000
00000000
d5555557
2aaaaaa8

15ff55fc
c0000003
00000000
00000000
00000000
00000000
00000000
00000000
00000000
2aaaaaa8
2affaaff

15555554
c0000003
d5555557
ffffffff
d5005500
00000000
2a00aa00
ffffffff
2aaaaaa8
00000000
2aaaaaa8

00000000
ffffffff
ffffffff
ffffffff
15555554
00000000
00000000
ffffffff
ffffffff
ffffffff
00000000

3f55ff54
eaaaaaab
00000000
00000000
00000000
00000000
c0000003
00000000
00000000
ffffffff
ffaaffa8

2aaaaaa8
c0000003
00000000
00000000
d5555557
ffffffff
2aaaaaa8
00000000
00000000
00000000
d5555557

00000000
15555554
00000000
2aaaaaa8
00000000
00000000
00000000
d5555557
00000000
00000000
00000000

15ff55fc
2aaaaaa8
2aaaaaa8
2aaaaaa8
02d502d7
00ff00ff
00aa00a8
d5555557
d5555557
d5555557
2affaaff

15555554
eaaaaaab
00000000
00000000
02800280
00000000
00000000
00000000
00000000
d5555557
2aaaaaa8

15555554
00000000
00000000
00000000
d5005500
ff00ff00
2a00aa00
00000000
00000000
00000000
00000000

22222220
00000000
00000000
00000000
00000000
00000000
00000000
00000000
00000000
00000000
11111113

2aaaaaa8
2aaaaaa8
ffffffff
ffffffff
ffffffff
00000000
ffffffff
ffffffff
ffffffff
d5555557
d5555557

00000000
eaaaaaab
d5555557
d5555557
2affaaff
00000000
d5ff55ff
2aaaaaa8
2aaaaaa8
d5555557
00000000

08888888
c0000003
d5555557
d5555557
00000000
00000000
00000000
2aaaaaa8
2aaaaaa8
00000000
c4444444

00000000
00000000
00000000
00000000
d5005500
00000000
2a00aa00
00000000
00000000
00000000
00000000

22222220
2aaaaaa8
2aaaaaa8
2aaaaaa8
2aaaaaa8
00000000
d5555557
d5555557
d5555557
d5555557
11111113

2aaaaaa8
eaaaaaab
d5555557
d5555557
ffffffff
00000000
ffffffff
2aaaaaa8
2aaaaaa8
d5555557
d5555557

00000000
00000000
d5555557
d5555557
00550057
00000000
00aa00a8
2aaaaaa8
2aaaaaa8
00000000
00000000

08888888
00000000
00000000
00000000
00000000
00000000
00000000
00000000
00000000
00000000
c4444444

00000000
eaaaaaab
2aaaaaa8
2aaaaaa8
ffaaffa8
00000000
ff55ff57
d5555557
d5555557
d5555557
00000000

22222220
eaaaaaab
00000000
00000000
00000000
00000000
00000000
00000000
00000000
d5555557
11111113

2aaaaaa8
00000000
00000000
00000000
d5555557
00000000
2aaaaaa8
00000000
00000000
00000000
d5555557

00000000
00000000
00000000
00000000
2affaaff
00000000
d5ff55ff
00000000
00000000
00000000
00000000

08888888
eaaaaaab
ffffffff
d5555557
00000000
00000000
00000000
2aaaaaa8
ffffffff
d5555557
c4444444

00000000
2aaaaaa8
d5555557
2aaaaaa8
ffaaffa8
00000000
ff55ff57
d5555557
2aaaaaa8
d5555557
00000000

22222220
00000000
00000000
00000000
00000000
00000000
00000000
00000000
00000000
00000000
11111113

2aaaaaa8
c0000003
00000000
00000000
d5555557
00000000
2aaaaaa8
00000000
00000000
00000000
d5555557

00000000
eaaaaaab
ffffffff
d5555557
2affaaff
00000000
d5ff55ff
2aaaaaa8
ffffffff
d5555557
00000000

08888888
eaaaaaab
d5555557
00000000
00000000
00000000
00000000
00000000
2aaaaaa8
d5555557
c4444444

00000000
00000000
00000000
2aaaaaa8
ffaaffa8
00000000
ff55ff57
d5555557
00000000
00000000
00000000

2a00aa00
00000000
d5555557
d5555557
00000000
00000000
00000000
2aaaaaa8
2aaaaaa8
00000000
d5005500

2aaaaaa8
2aaaaaa8
ffffffff
d5555557
d5555557
00000000
2aaaaaa8
2aaaaaa8
ffffffff
d5555557
d5555557

00000000
2aaaaaa8
00000000
00000000
2affaaff
00000000
d5ff55ff
00000000
00000000
d5555557
00000000

00aa00a8
c0000003
00000000
00000000
2aaaaaa8
00000000
15555554
00000000
00000000
00000000
00550057

00000000
c0000003
d5555557
ffffffff
ffaaffa8
00000000
3f55ff54
ffffffff
2aaaaaa8
00000000
00000000

00000000
eaaaaaab
ffffffff
ffffffff
2beaabe8
3ffffffc
17d557d4
ffffffff
ffffffff
d5555557
00000000

2a00aa00
eaaaaaab
00000000
00000000
02800280
00000000
c1400143
00000000
00000000
d5555557
d5005500

2aaaaaa8
c0000003
00000000
00000000
d7d557d7
ffffffff
2beaabe8
00000000
00000000
00000000
d5555557

00000000
00000000
00000000
2aaaaaa8
02800280
00000000
01400140
d5555557
00000000
00000000
00000000

00aa00a8
2aaaaaa8
2aaaaaa8
2aaaaaa8
02d502d7
00ff00ff
01ea01e8
d5555557
d5555557
d5555557
00550057

00000000
eaaaaaab
00000000
00000000
00000000
00000000
00000000
00000000
00000000
d5555557
00000000

00000000
00000000
00000000
00000000
d5005500
ff00ff00
2a00aa00
00000000
00000000
00000000
00000000

00000000
00000000
00000000
00000000
00000000
00000000
00000000
00000000
00000000
00000000
00000000

2aaaaaa8
2aaaaaa8
ffffffff
ffffffff
ffffffff
00000000
ffffffff
ffffffff
ffffffff
d5555557
d5555557

22222220
eaaaaaab
d5555557
d5555557
2affaaff
00000000
d5ff55ff
2aaaaaa8
2aaaaaa8
d5555557
11111113

00000000
c0000003
d5555557
d5555557
00000000
00000000
00000000
2aaaaaa8
2aaaaaa8
00000000
00000000

08888888
00000000
00000000
00000000
d5005500
00000000
2a00aa00
00000000
00000000
00000000
c4444444

00000000
2aaaaaa8
2aaaaaa8
2aaaaaa8
2aaaaaa8
00000000
d5555557
d5555557
d5555557
d5555557
00000000

2aaaaaa8
eaaaaaab
d5555557
d5555557
ffffffff
00000000
ffffffff
2aaaaaa8
2aaaaaa8
d5555557
d5555557

22222220
00000000
d5555557
d5555557
00550057
00000000
00aa00a8
2aaaaaa8
2aaaaaa8
00000000
11111113

00000000
00000000
00000000
00000000
00000000
00000000
00000000
00000000
00000000
00000000
00000000

08888888
2aaaaaa8
2aaaaaa8
2aaaaaa8
ffaaffa8
00000000
ff55ff57
d5555557
d5555557
d5555557
c4444444

00000000
eaaaaaab
00000000
00000000
00000000
00000000
00000000
00000000
00000000
d5555557
00000000

2aaaaaa8
c0000003
00000000
00000000
d5555557
00000000
2aaaaaa8
00000000
00000000
00000000
d5555557

22222220
00000000
00000000
00000000
2affaaff
00000000
d5ff55ff
00000000
00000000
00000000
11111113

00000000
2aaaaaa8
ffffffff
d5555557
00000000
00000000
00000000
2aaaaaa8
ffffffff
d5555557
00000000

08888888
eaaaaaab
d5555557
2aaaaaa8
ffaaffa8
00000000
ff55ff57
d5555557
2aaaaaa8
d5555557
c4444444

00000000
00000000
00000000
00000000
00000000
00000000
00000000
00000000
00000000
00000000
00000000

2aaaaaa8
c0000003
00000000
00000000
d5555557
00000000
2aaaaaa8
00000000
00000000
00000000
d5555557

22222220
eaaaaaab
ffffffff
d5555557
2affaaff
00000000
d5ff55ff
2aaaaaa8
ffffffff
d5555557
11111113

00000000
eaaaaaab
d5555557
00000000
00000000
00000000
00000000
00000000
2aaaaaa8
d5555557
00000000

08888888
c0000003
00000000
2aaaaaa8
ffaaffa8
00000000
ff55ff57
d5555557
00000000
00000000
c4444444

2a00aa00
00000000
d5555557
d5555557
00000000
00000000
00000000
2aaaaaa8
2aaaaaa8
00000000
d5005500

2aaaaaa8
2aaaaaa8
ffffffff
d5555557
d5555557
00000000
2aaaaaa8
2aaaaaa8
ffffffff
d5555557
d5555557

00000000
2aaaaaa8
00000000
00000000
2affaaff
00000000
d5ff55ff
00000000
00000000
d5555557
00000000

00aa00a8
00000000
00000000
00000000
2aaaaaa8
00000000
15555554
00000000
00000000
00000000
00550057

00000000
c0000003
d5555557
ffffffff
ffaaffa8
00000000
3f55ff54
ffffffff
2aaaaaa8
00000000
00000000

00000000
eaaaaaab
ffffffff
ffffffff
2beaabe8
3ffffffc
17d557d4
ffffffff
ffffffff
d5555557
00000000

2a00aa00
eaaaaaab
00000000
00000000
02800280
00000000
c1400143
00000000
00000000
d5555557
d5005500

2aaaaaa8
c0000003
00000000
00000000
d7d557d7
ffffffff
2beaabe8
00000000
00000000
00000000
d5555557

00000000
00000000
00000000
2aaaaaa8
02800280
00000000
01400140
d5555557
00000000
00000000
00000000

00aa00a8
2aaaaaa8
2aaaaaa8
2aaaaaa8
02d502d7
00ff00ff
01ea01e8
d5555557
d5555557
d5555557
00550057

00000000
eaaaaaab
00000000
00000000
00000000
00000000
00000000
00000000
00000000
d5555557
00000000

00000000
00000000
00000000
00000000
d5005500
ff00ff00
2a00aa00
00000000
00000000
00000000
00000000

00000000
00000000
00000000
00000000
00000000
00000000
00000000
00000000
00000000
00000000
00000000

3ffffffc
2aaaaaa8
ffffffff
ffffffff
ffffffff
00000000
ffffffff
ffffffff
ffffffff
d5555557
ffffffff

22222220
eaaaaaab
d5555557
d5555557
2affaaff
00000000
d5ff55ff
2aaaaaa8
2aaaaaa8
d5555557
11111113

00000000
c0000003
d5555557
d5555557
00000000
00000000
00000000
2aaaaaa8
2aaaaaa8
00000000
00000000

08888888
15555554
00000000
00000000
d5005500
00000000
2a00aa00
00000000
00000000
2aaaaaa8
c4444444

15555554
2aaaaaa8
2aaaaaa8
2aaaaaa8
2aaaaaa8
00000000
d5555557
d5555557
d5555557
ffffffff
2aaaaaa8

2aaaaaa8
eaaaaaab
d5555557
d5555557
ffffffff
00000000
ffffffff
2aaaaaa8
2aaaaaa8
d5555557
d5555557

37777774
15555554
d5555557
d5555557
00550057
00000000
00aa00a8
2aaaaaa8
2aaaaaa8
00000000
3bbbbbbb

15555554
00000000
00000000
00000000
00000000
00000000
00000000
00000000
00000000
00000000
2aaaaaa8

08888888
eaaaaaab
2aaaaaa8
2aaaaaa8
ffaaffa8
00000000
ff55ff57
d5555557
d5555557
ffffffff
c4444444

00000000
eaaaaaab
00000000
00000000
00000000
00000000
00000000
00000000
00000000
d5555557
00000000

3ffffffc
00000000
00000000
00000000
d5555557
00000000
2aaaaaa8
00000000
00000000
00000000
ffffffff

37777774
15555554
00000000
00000000
2affaaff
00000000
d5ff55ff
00000000
00000000
00000000
3bbbbbbb

00000000
ffffffff
ffffffff
d5555557
00000000
00000000
00000000
2aaaaaa8
ffffffff
ffffffff
00000000

08888888
2aaaaaa8
d5555557
2aaaaaa8
ffaaffa8
00000000
ff55ff57
d5555557
2aaaaaa8
d5555557
c4444444

00000000
00000000
00000000
00000000
00000000
00000000
00000000
00000000
00000000
00000000
00000000

2aaaaaa8
d5555557
00000000
00000000
d5555557
00000000
2aaaaaa8
00000000
00000000
00000000
d5555557

22222220
ffffffff
ffffffff
d5555557
2affaaff
00000000
d5ff55ff
2aaaaaa8
ffffffff
d5555557
11111113

00000000
eaaaaaab
d5555557
00000000
00000000
00000000
00000000
00000000
2aaaaaa8
d5555557
00000000

1ddddddc
00000000
00000000
2aaaaaa8
ffaaffa8
00000000
ff55ff57
d5555557
00000000
00000000
eeeeeeec

2a00aa00
15555554
d5555557
d5555557
00000000
00000000
00000000
2aaaaaa8
2aaaaaa8
2aaaaaa8
d5005500

2aaaaaa8
3ffffffc
ffffffff
d5555557
d5555557
00000000
2aaaaaa8
2aaaaaa8
ffffffff
ffffffff
d5555557

15555554
2aaaaaa8
00000000
00000000
2affaaff
00000000
d5ff55ff
00000000
00000000
d5555557
2aaaaaa8

15ff55fc
c0000003
00000000
00000000
00000000
00000000
00000000
00000000
00000000
00000000
2affaaff

00000000
d5555557
d5555557
ffffffff
d5005500
00000000
2a00aa00
ffffffff
2aaaaaa8
2aaaaaa8
2aaaaaa8

00000000
ffffffff
ffffffff
ffffffff
15555554
00000000
00000000
ffffffff
ffffffff
ffffffff
00000000

3f55ff54
eaaaaaab
00000000
00000000
00000000
00000000
c0000003
00000000
00000000
d5555557
ffaaffa8

2aaaaaa8
c0000003
00000000
00000000
d5555557
ffffffff
2aaaaaa8
00000000
00000000
00000000
d5555557

00000000
15555554
00000000
2aaaaaa8
00000000
00000000
00000000
d5555557
00000000
2aaaaaa8
00000000

15ff55fc
3ffffffc
2aaaaaa8
2aaaaaa8
02d502d7
00ff00ff
00aa00a8
d5555557
d5555557
ffffffff
2affaaff

15555554
eaaaaaab
00000000
00000000
02800280
00000000
00000000
00000000
00000000
d5555557
2aaaaaa8

15555554
00000000
00000000
00000000
d5005500
ff00ff00
2a00aa00
00000000
00000000
00000000
2aaaaaa8

22222220
00000000
00000000
00000000
00000000
00000000
00000000
00000000
00000000
00000000
11111113

2aaaaaa8
2aaaaaa8
ffffffff
ffffffff
ffffffff
00000000
ffffffff
ffffffff
ffffffff
d5555557
d5555557

00000000
eaaaaaab
d5555557
d5555557
2affaaff
00000000
d5ff55ff
2aaaaaa8
2aaaaaa8
d5555557
00000000

08888888
c0000003
d5555557
d5555557
00000000
00000000
00000000
2aaaaaa8
2aaaaaa8
00000000
c4444444

00000000
00000000
00000000
00000000
d5005500
00000000
2a00aa00
00000000
00000000
00000000
00000000

22222220
2aaaaaa8
2aaaaaa8
2aaaaaa8
2aaaaaa8
00000000
d5555557
d5555557
d5555557
d5555557
11111113

2aaaaaa8
eaaaaaab
d5555557
d5555557
ffffffff
00000000
ffffffff
2aaaaaa8
2aaaaaa8
d5555557
d5555557

00000000
00000000
d5555557
d5555557
00550057
00000000
00aa00a8
2aaaaaa8
2aaaaaa8
00000000
00000000

08888888
00000000
00000000
00000000
00000000
00000000
00000000
00000000
00000000
00000000
c4444444

00000000
eaaaaaab
2aaaaaa8
2aaaaaa8
ffaaffa8
00000000
ff55ff57
d5555557
d5555557
d5555557
00000000

22222220
eaaaaaab
00000000
00000000
00000000
00000000
00000000
00000000
00000000
d5555557
11111113

2aaaaaa8
00000000
00000000
00000000
d5555557
00000000
2aaaaaa8
00000000
00000000
00000000
d5555557

00000000
00000000
00000000
00000000
2affaaff
00000000
d5ff55ff
00000000
00000000
00000000
00000000

08888888
eaaaaaab
ffffffff
d5555557
00000000
00000000
00000000
2aaaaaa8
ffffffff
d5555557
c4444444

00000000
2aaaaaa8
d5555557
2aaaaaa8
ffaaffa8
00000000
ff55ff57
d5555557
2aaaaaa8
d5555557
00000000

22222220
00000000
00000000
00000000
00000000
00000000
00000000
00000000
00000000
00000000
11111113

2aaaaaa8
c0000003
00000000
00000000
d5555557
00000000
2aaaaaa8
00000000
00000000
00000000
d5555557

00000000
eaaaaaab
ffffffff
d5555557
2affaaff
00000000
d5ff55ff
2aaaaaa8
ffffffff
d5555557
00000000

08888888
eaaaaaab
d5555557
00000000
00000000
00000000
00000000
00000000
2aaaaaa8
d5555557
c4444444

00000000
00000000
00000000
2aaaaaa8
ffaaffa8
00000000
ff55ff57
d5555557
00000000
00000000
00000000

2a00aa00
00000000
d5555557
d5555557
00000000
00000000
00000000
2aaaaaa8
2aaaaaa8
00000000
d5005500

2aaaaaa8
2aaaaaa8
ffffffff
d5555557
d5555557
00000000
2aaaaaa8
2aaaaaa8
ffffffff
d5555557
d5555557

00000000
2aaaaaa8
00000000
00000000
2affaaff
00000000
d5ff55ff
00000000
00000000
d5555557
00000000

00aa00a8
c0000003
00000000
00000000
2aaaaaa8
00000000
15555554
00000000
00000000
00000000
00550057

00000000
c0000003
d5555557
ffffffff
ffaaffa8
00000000
3f55ff54
ffffffff
2aaaaaa8
00000000
00000000

00000000
eaaaaaab
ffffffff
ffffffff
2beaabe8
3ffffffc
17d557d4
ffffffff
ffffffff
d5555557
00000000

2a00aa00
eaaaaaab
00000000
00000000
02800280
00000000
c1400143
00000000
00000000
d5555557
d5005500

2aaaaaa8
c0000003
00000000
00000000
d7d557d7
ffffffff
2beaabe8
00000000
00000000
00000000
d5555557

00000000
00000000
00000000
2aaaaaa8
02800280
00000000
01400140
d5555557
00000000
00000000
00000000

00aa00a8
2aaaaaa8
2aaaaaa8
2aaaaaa8
02d502d7
00ff00ff
01ea01e8
d5555557
d5555557
d5555557
00550057

00000000
eaaaaaab
00000000
00000000
00000000
00000000
00000000
00000000
00000000
d5555557
00000000

00000000
00000000
00000000
00000000
d5005500
ff00ff00
2a00aa00
00000000
00000000
00000000
00000000

22222220
00000000
00000000
00000000
00000000
00000000
00000000
00000000
00000000
00000000
11111113

2aaaaaa8
2aaaaaa8
ffffffff
ffffffff
ffffffff
00000000
ffffffff
ffffffff
ffffffff
d5555557
d5555557

00000000
eaaaaaab
d5555557
d5555557
2affaaff
00000000
d5ff55ff
2aaaaaa8
2aaaaaa8
d5555557
00000000

08888888
c0000003
d5555557
d5555557
00000000
00000000
00000000
2aaaaaa8
2aaaaaa8
00000000
c4444444

00000000
00000000
00000000
00000000
d5005500
00000000
2a00aa00
00000000
00000000
00000000
00000000

22222220
2aaaaaa8
2aaaaaa8
2aaaaaa8
2aaaaaa8
00000000
d5555557
d5555557
d5555557
d5555557
11111113

2aaaaaa8
eaaaaaab
d5555557
d5555557
ffffffff
00000000
ffffffff
2aaaaaa8
2aaaaaa8
d5555557
d5555557

00000000
00000000
d5555557
d5555557
00550057
00000000
00aa00a8
2aaaaaa8
2aaaaaa8
00000000
00000000

08888888
00000000
00000000
00000000
00000000
00000000
00000000
00000000
00000000
00000000
c4444444

00000000
2aaaaaa8
2aaaaaa8
2aaaaaa8
ffaaffa8
00000000
ff55ff57
d5555557
d5555557
d5555557
00000000

22222220
eaaaaaab
00000000
00000000
00000000
00000000
00000000
00000000
00000000
d5555557
11111113

2aaaaaa8
c0000003
00000000
00000000
d5555557
00000000
2aaaaaa8
00000000
00000000
00000000
d5555557

00000000
00000000
00000000
00000000
2affaaff
00000000
d5ff55ff
00000000
00000000
00000000
00000000

08888888
2aaaaaa8
ffffffff
d5555557
00000000
00000000
00000000
2aaaaaa8
ffffffff
d5555557
c4444444

00000000
eaaaaaab
d5555557
2aaaaaa8
ffaaffa8
00000000
ff55ff57
d5555557
2aaaaaa8
d5555557
00000000

22222220
00000000
00000000
00000000
00000000
00000000
00000000
00000000
00000000
00000000
11111113

2aaaaaa8
c0000003
00000000
00000000
d5555557
00000000
2aaaaaa8
00000000
00000000
00000000
d5555557

00000000
eaaaaaab
ffffffff
d5555557
2affaaff
00000000
d5ff55ff
2aaaaaa8
ffffffff
d5555557
00000000

08888888
eaaaaaab
d5555557
00000000
00000000
00000000
00000000
00000000
2aaaaaa8
d5555557
c4444444

00000000
c0000003
00000000
2aaaaaa8
ffaaffa8
00000000
ff55ff57
d5555557
00000000
00000000
00000000

2a00aa00
00000000
d5555557
d5555557
00000000
00000000
00000000
2aaaaaa8
2aaaaaa8
00000000
d5005500

2aaaaaa8
2aaaaaa8
ffffffff
d5555557
d5555557
00000000
2aaaaaa8
2aaaaaa8
ffffffff
d5555557
d5555557

00000000
2aaaaaa8
00000000
00000000
2affaaff
00000000
d5ff55ff
00000000
00000000
d5555557
00000000

00aa00a8
00000000
00000000
00000000
2aaaaaa8
00000000
15555554
00000000
00000000
00000000
00550057

00000000
c0000003
d5555557
ffffffff
ffaaffa8
00000000
3f55ff54
ffffffff
2aaaaaa8
00000000
00000000

00000000
eaaaaaab
ffffffff
ffffffff
2beaabe8
3ffffffc
17d557d4
ffffffff
ffffffff
d5555557
00000000

2a00aa00
eaaaaaab
00000000
00000000
02808280
00000000
c1410143
00000000
00000000
d5555557
d5005500

2aaaaaa8
c0000003
00000000
00000000
d7d5d7d7
ffffffff
2bebabe8
00000000
00000000
00000000
d5555557

00000000
00000000
00000000
2aaaaaa8
02800280
00000000
01400140
d5555557
00000000
00000000
00000000

00aa00a8
2aaaaaa8
2aaaaaa8
2aaaaaa8
02d502d7
00ff00ff
01ea01e8
d5555557
d5555557
d5555557
00550057

00000000
eaaaaaab
00000000
00000000
00000000
00000000
00000000
00000000
00000000
d5555557
00000000

00000000
00000000
00000000
00000000
d5005500
ff00ff00
2a00aa00
00000000
00000000
00000000
00000000

00000000
15555554
00000000
00000000
00000000
00000000
00000000
00000000
00000000
2aaaaaa8
00000000

3ffffffc
3ffffffc
ffffffff
ffffffff
ffffffff
00000000
ffffffff
ffffffff
ffffffff
ffffffff
ffffffff

22222220
eaaaaaab
d5555557
d5555557
2affaaff
00000000
d5ff55ff
2aaaaaa8
2aaaaaa8
d5555557
11111113

00000000
c0000003
d5555557
d5555557
00000000
00000000
00000000
2aaaaaa8
2aaaaaa8
00000000
00000000

08888888
15555554
00000000
00000000
d5005500
00000000
2a00aa00
00000000
00000000
2aaaaaa8
c4444444

15555554
3ffffffc
2aaaaaa8
2aaaaaa8
2aaaaaa8
00000000
d5555557
d5555557
d5555557
ffffffff
2aaaaaa8

2aaaaaa8
eaaaaaab
d5555557
d5555557
ffffffff
00000000
ffffffff
2aaaaaa8
2aaaaaa8
d5555557
d5555557

37777774
00000000
d5555557
d5555557
00550057
00000000
00aa00a8
2aaaaaa8
2aaaaaa8
00000000
3bbbbbbb

15555554
15555554
00000000
00000000
00000000
00000000
00000000
00000000
00000000
2aaaaaa8
2aaaaaa8

08888888
ffffffff
2aaaaaa8
2aaaaaa8
ffaaffa8
00000000
ff55ff57
d5555557
d5555557
ffffffff
c4444444

00000000
eaaaaaab
00000000
00000000
00000000
00000000
00000000
00000000
00000000
d5555557
00000000

3ffffffc
00000000
00000000
00000000
d5555557
00000000
2aaaaaa8
00000000
00000000
00000000
ffffffff

37777774
15555554
00000000
00000000
2affaaff
00000000
d5ff55ff
00000000
00000000
00000000
3bbbbbbb

00000000
ffffffff
ffffffff
d5555557
00000000
00000000
00000000
2aaaaaa8
ffffffff
d5555557
00000000

08888888
2aaaaaa8
d5555557
2aaaaaa8
ffaaffa8
00000000
ff55ff57
d5555557
2aaaaaa8
d5555557
c4444444

00000000
00000000
00000000
00000000
00000000
00000000
00000000
00000000
00000000
00000000
00000000

2aaaaaa8
d5555557
00000000
00000000
d5555557
00000000
2aaaaaa8
00000000
00000000
00000000
d5555557

22222220
ffffffff
ffffffff
d5555557
2affaaff
00000000
d5ff55ff
2aaaaaa8
ffffffff
d5555557
11111113

00000000
eaaaaaab
d5555557
00000000
00000000
00000000
00000000
00000000
2aaaaaa8
d5555557
00000000

1ddddddc
00000000
00000000
2aaaaaa8
ffaaffa8
00000000
ff55ff57
d5555557
00000000
2aaaaaa8
eeeeeeec

2a00aa00
00000000
d5555557
d5555557
00000000
00000000
00000000
2aaaaaa8
2aaaaaa8
00000000
d5005500

2aaaaaa8
2aaaaaa8
ffffffff
d5555557
d5555557
00000000
2aaaaaa8
2aaaaaa8
ffffffff
d5555557
d5555557

15555554
2aaaaaa8
00000000
00000000
2affaaff
00000000
d5ff55ff
00000000
00000000
d5555557
2aaaaaa8

15ff55fc
c0000003
00000000
00000000
00000000
00000000
00000000
00000000
00000000
2aaaaaa8
2affaaff

15555554
c0000003
d5555557
ffffffff
d5005500
00000000
2a00aa00
ffffffff
2aaaaaa8
00000000
2aaaaaa8

00000000
ffffffff
ffffffff
ffffffff
15555554
00000000
00000000
ffffffff
ffffffff
ffffffff
00000000

3f55ff54
eaaaaaab
00000000
00000000
00000000
00000000
c0000003
00000000
00000000
ffffffff
ffaaffa8

2aaaaaa8
c0000003
00000000
00000000
d555d557
ffffffff
2aabaaa8
00000000
00000000
00000000
d5555557

00000000
15555554
00000000
2aaaaaa8
00008000
00000000
00010000
d5555557
00000000
00000000
00000000

15ff55fc
2aaaaaa8
2aaaaaa8
2aaaaaa8
02d502d7
00ff00ff
00aa00a8
d5555557
d5555557
d5555557
2affaaff

15555554
eaaaaaab
00000000
00000000
02800280
00000000
00000000
00000000
00000000
d5555557
2aaaaaa8

15555554
00000000
00000000
00000000
d5005500
ff00ff00
2a00aa00
00000000
00000000
00000000
00000000

00000000
00000000
00000000
00000000
00000000
00000000
00000000
00000000
00000000
00000000
00000000

2aaaaaa8
2aaaaaa8
ffffffff
ffffffff
ffffffff
00000000
ffffffff
ffffffff
ffffffff
d5555557
d5555557

22222220
eaaaaaab
d5555557
d5555557
2affaaff
00000000
d5ff55ff
2aaaaaa8
2aaaaaa8
d5555557
11111113

00000000
c0000003
d5555557
d5555557
00000000
00000000
00000000
2aaaaaa8
2aaaaaa8
00000000
00000000

08888888
00000000
00000000
00000000
d5005500
00000000
2a00aa00
00000000
00000000
00000000
c4444444

00000000
2aaaaaa8
2aaaaaa8
2aaaaaa8
2aaaaaa8
00000000
d5555557
d5555557
d5555557
d5555557
00000000

2aaaaaa8
eaaaaaab
d5555557
d5555557
ffffffff
00000000
ffffffff
2aaaaaa8
2aaaaaa8
d5555557
d5555557

22222220
00000000
d5555557
d5555557
00550057
00000000
00aa00a8
2aaaaaa8
2aaaaaa8
00000000
11111113

00000000
00000000
00000000
00000000
00000000
00000000
00000000
00000000
00000000
00000000
00000000

08888888
eaaaaaab
2aaaaaa8
2aaaaaa8
ffaaffa8
00000000
ff55ff57
d5555557
d5555557
d5555557
c4444444

00000000
eaaaaaab
00000000
00000000
00000000
00000000
00000000
00000000
00000000
d5555557
00000000

2aaaaaa8
00000000
00000000
00000000
d5555557
00000000
2aaaaaa8
00000000
00000000
00000000
d5555557

22222220
00000000
00000000
00000000
2affaaff
00000000
d5ff55ff
00000000
00000000
00000000
11111113

00000000
eaaaaaab
ffffffff
d5555557
00000000
00000000
00000000
2aaaaaa8
ffffffff
d5555557
00000000

08888888
2aaaaaa8
d5555557
2aaaaaa8
ffaaffa8
00000000
ff55ff57
d5555557
2aaaaaa8
d5555557
c4444444

00000000
00000000
00000000
00000000
00000000
00000000
00000000
00000000
00000000
00000000
00000000

2aaaaaa8
c0000003
00000000
00000000
d5555557
00000000
2aaaaaa8
00000000
00000000
00000000
d5555557

22222220
eaaaaaab
ffffffff
d5555557
2affaaff
00000000
d5ff55ff
2aaaaaa8
ffffffff
d5555557
11111113

00000000
eaaaaaab
d5555557
00000000
00000000
00000000
00000000
00000000
2aaaaaa8
d5555557
00000000

08888888
00000000
00000000
2aaaaaa8
ffaaffa8
00000000
ff55ff57
d5555557
00000000
00000000
c4444444

2a00aa00
00000000
d5555557
d5555557
00000000
00000000
00000000
2aaaaaa8
2aaaaaa8
00000000
d5005500

2aaaaaa8
2aaaaaa8
ffffffff
d5555557
d5555557
00000000
2aaaaaa8
2aaaaaa8
ffffffff
d5555557
d5555557

00000000
2aaaaaa8
00000000
00000000
2affaaff
00000000
d5ff55ff
00000000
00000000
d5555557
00000000

00aa00a8
c0000003
00000000
00000000
2aaaaaa8
00000000
15555554
00000000
00000000
00000000
00550057

00000000
c0000003
d5555557
ffffffff
ffaaffa8
00000000
3f55ff54
ffffffff
2aaaaaa8
00000000
00000000

00000000
eaaaaaab
ffffffff
ffffffff
2beaabe8
3ffffffc
17d557d4
ffffffff
ffffffff
d5555557
00000000

2a00aa00
eaaaaaab
00000000
00000000
02808280
00000000
c1410143
00000000
00000000
d5555557
d5005500

2aaaaaa8
c0000003
00000000
00000000
d7d5d7d7
ffffffff
2bebabe8
00000000
00000000
00000000
d5555557

00000000
00000000
00000000
2aaaaaa8
02800280
00000000
01400140
d5555557
00000000
00000000
00000000

00aa00a8
2aaaaaa8
2aaaaaa8
2aaaaaa8
02d502d7
00ff00ff
01ea01e8
d5555557
d5555557
d5555557
00550057

00000000
eaaaaaab
00000000
00000000
00000000
00000000
00000000
00000000
00000000
d5555557
00000000

00000000
00000000
00000000
00000000
d5005500
ff00ff00
2a00aa00
00000000
00000000
00000000
00000000

22222220
00000000
00000000
00000000
00550057
00000000
00aa00a8
00000000
00000000
00000000
11111113

2aaaaaa8
2aaaaaa8
ffffffff
ffffffff
ffffffff
00000000
ffffffff
ffffffff
ffffffff
d5555557
d5555557

00000000
eaaaaaab
d5555557
d5555557
2aaaaaa8
00000000
d5555557
2aaaaaa8
2aaaaaa8
d5555557
00000000

08888888
c0000003
d5555557
d5555557
d5005500
00000000
2a00aa00
2aaaaaa8
2aaaaaa8
00000000
c4444444

00000000
00000000
00000000
00000000
00000000
00000000
00000000
00000000
00000000
00000000
00000000

22222220
2aaaaaa8
2aaaaaa8
2aaaaaa8
2affaaff
00000000
d5ff55ff
d5555557
d5555557
d5555557
11111113

2aaaaaa8
2aaaaaa8
d5555557
d5555557
ffffffff
00000000
ffffffff
2aaaaaa8
2aaaaaa8
d5555557
d5555557

00000000
00000000
d5555557
d5555557
00000000
00000000
00000000
2aaaaaa8
2aaaaaa8
00000000
00000000

08888888
00000000
00000000
00000000
d5005500
00000000
2a00aa00
00000000
00000000
00000000
c4444444

00000000
2aaaaaa8
2aaaaaa8
2aaaaaa8
2aaaaaa8
00000000
d5555557
d5555557
d5555557
d5555557
00000000

22222220
eaaaaaab
00000000
00000000
00550057
00000000
00aa00a8
00000000
00000000
d5555557
11111113

2aaaaaa8
c0000003
00000000
00000000
d5555557
00000000
2aaaaaa8
00000000
00000000
00000000
d5555557

00000000
00000000
00000000
00000000
2aaaaaa8
00000000
d5555557
00000000
00000000
00000000
00000000

08888888
2aaaaaa8
ffffffff
d5555557
d5005500
00000000
2a00aa00
2aaaaaa8
ffffffff
d5555557
c4444444

00000000
2aaaaaa8
d5555557
2aaaaaa8
2aaaaaa8
00000000
d5555557
d5555557
2aaaaaa8
d5555557
00000000

22222220
00000000
00000000
00000000
00550057
00000000
00aa00a8
00000000
00000000
00000000
11111113

2aaaaaa8
c0000003
00000000
00000000
d5555557
00000000
2aaaaaa8
00000000
00000000
00000000
d5555557

00000000
eaaaaaab
ffffffff
d5555557
2aaaaaa8
00000000
d5555557
2aaaaaa8
ffffffff
d5555557
00000000

08888888
eaaaaaab
d5555557
00000000
d5005500
00000000
2a00aa00
00000000
2aaaaaa8
d5555557
c4444444

00000000
c0000003
00000000
2aaaaaa8
2aaaaaa8
00000000
d5555557
d5555557
00000000
00000000
00000000

00000000
00000000
d5555557
d5555557
00550057
00000000
00aa00a8
2aaaaaa8
2aaaaaa8
00000000
00000000

2a00aa00
2aaaaaa8
ffffffff
d5555557
d5555557
00000000
2aaaaaa8
2aaaaaa8
ffffffff
d5555557
d5005500

00000000
eaaaaaab
00000000
00000000
2aaaaaa8
00000000
d5555557
00000000
00000000
d5555557
00000000

00000000
00000000
00000000
00000000
ffaaffa8
00000000
3f55ff54
00000000
00000000
00000000
00000000

2a00aa00
c0000003
d5555557
ff55ff57
2aaaaaa8
00000000
15555554
ffaaffa8
2aaaaaa8
00000000
d5005500

00000000
eaaaaaab
ffffffff
ffffffff
2beaabe8
3ffffffc
17d557d4
ffffffff
ffffffff
d5555557
00000000

00000000
eaaaaaab
00000000
00aa00a8
00000000
00000000
c0010003
00550057
00000000
d5555557
00000000

2a00aa00
c0000003
00000000
00000000
d5005500
ff00ff00
2a01aa00
00000000
00000000
00000000
d5005500

00000000
00000000
00000000
2a00aa00
00000000
00000000
00000000
d5005500
00000000
00000000
00000000

00000000
2aaaaaa8
2aaaaaa8
2aaaaaa8
00000000
00000000
00000000
d5555557
d5555557
d5555557
00000000

2a00aa00
2aaaaaa8
00000000
00aa00a8
d7805780
ff00ff00
2b40ab40
00550057
00000000
d5555557
d5005500

00000000
00000000
00000000
00000000
00000000
00000000
00000000
00000000
00000000
00000000
00000000

22222220
00000000
00000000
00000000
00550057
00000000
00aa00a8
00000000
00000000
00000000
11111113

3ffffffc
2aaaaaa8
ffffffff
ffffffff
ffffffff
00000000
ffffffff
ffffffff
ffffffff
d5555557
ffffffff

00000000
eaaaaaab
d5555557
d5555557
2aaaaaa8
00000000
d5555557
2aaaaaa8
2aaaaaa8
d5555557
00000000

08888888
c0000003
d5555557
d5555557
d5005500
00000000
2a00aa00
2aaaaaa8
2aaaaaa8
00000000
c4444444

00000000
15555554
00000000
00000000
00000000
00000000
00000000
00000000
00000000
2aaaaaa8
00000000

37777774
2aaaaaa8
2aaaaaa8
2aaaaaa8
2affaaff
00000000
d5ff55ff
d5555557
d5555557
ffffffff
3bbbbbbb

2aaaaaa8
2aaaaaa8
d5555557
d5555557
ffffffff
00000000
ffffffff
2aaaaaa8
2aaaaaa8
d5555557
d5555557

15555554
15555554
d5555557
d5555557
00000000
00000000
00000000
2aaaaaa8
2aaaaaa8
00000000
2aaaaaa8

1ddddddc
00000000
00000000
00000000
d5005500
00000000
2a00aa00
00000000
00000000
00000000
eeeeeeec

00000000
eaaaaaab
2aaaaaa8
2aaaaaa8
2aaaaaa8
00000000
d5555557
d5555557
d5555557
ffffffff
00000000

22222220
eaaaaaab
00000000
00000000
00550057
00000000
00aa00a8
00000000
00000000
d5555557
11111113

3ffffffc
00000000
00000000
00000000
d5555557
00000000
2aaaaaa8
00000000
00000000
00000000
ffffffff

15555554
15555554
00000000
00000000
2aaaaaa8
00000000
d5555557
00000000
00000000
00000000
2aaaaaa8

08888888
3ffffffc
ffffffff
d5555557
d5005500
00000000
2a00aa00
2aaaaaa8
ffffffff
ffffffff
c4444444

00000000
2aaaaaa8
d5555557
2aaaaaa8
2aaaaaa8
00000000
d5555557
d5555557
2aaaaaa8
d5555557
00000000

22222220
00000000
00000000
00000000
00550057
00000000
00aa00a8
00000000
00000000
00000000
11111113

3ffffffc
d5555557
00000000
00000000
d5555557
00000000
2aaaaaa8
00000000
00000000
00000000
ffffffff

00000000
ffffffff
ffffffff
d5555557
2aaaaaa8
00000000
d5555557
2aaaaaa8
ffffffff
d5555557
00000000

08888888
eaaaaaab
d5555557
00000000
d5005500
00000000
2a00aa00
00000000
2aaaaaa8
d5555557
c4444444

15555554
00000000
00000000
2aaaaaa8
2aaaaaa8
00000000
d5555557
d5555557
00000000
00000000
2aaaaaa8

00000000
15555554
d5555557
d5555557
00550057
00000000
00aa00a8
2aaaaaa8
2aaaaaa8
2aaaaaa8
00000000

2a00aa00
ffffffff
ffffffff
d5555557
d5555557
00000000
2aaaaaa8
2aaaaaa8
ffffffff
ffffffff
d5005500

15555554
2aaaaaa8
00000000
00000000
2aaaaaa8
00000000
d5555557
00000000
00000000
d5555557
2aaaaaa8

15555554
c0000003
00000000
00000000
d5005500
00000000
2a00aa00
00000000
00000000
00000000
2aaaaaa8

2a00aa00
d5555557
d5555557
ff55ff57
00000000
00000000
00000000
ffaaffa8
2aaaaaa8
2aaaaaa8
ffaaffa8

00000000
ffffffff
ffffffff
ffffffff
15555554
00000000
00000000
ffffffff
ffffffff
ffffffff
00000000

15555554
eaaaaaab
00000000
00aa00a8
00000000
00000000
c0000003
00550057
00000000
d5555557
2aaaaaa8

2a00aa00
c0000003
00000000
00000000
d500d500
ff00ff00
2a01aa00
00000000
00000000
00000000
d5005500

00000000
15555554
00000000
2a00aa00
00008000
00000000
00010000
d5005500
00000000
2aaaaaa8
00000000

15555554
3ffffffc
2aaaaaa8
2aaaaaa8
02800280
00000000
00000000
d5555557
d5555557
ffffffff
2aaaaaa8

3f55ff54
2aaaaaa8
00000000
00aa00a8
d7805780
ff00ff00
2a00aa00
00550057
00000000
d5555557
ffaaffa8

15555554
00000000
00000000
00000000
00000000
00000000
00000000
00000000
00000000
00000000
2aaaaaa8

00000000
00000000
00000000
00000000
00550057
00000000
00aa00a8
00000000
00000000
00000000
00000000

2aaaaaa8
2aaaaaa8
ffffffff
ffffffff
ffffffff
00000000
ffffffff
ffffffff
ffffffff
d5555557
d5555557

22222220
eaaaaaab
d5555557
d5555557
2aaaaaa8
00000000
d5555557
2aaaaaa8
2aaaaaa8
d5555557
11111113

00000000
c0000003
d5555557
d5555557
d5005500
00000000
2a00aa00
2aaaaaa8
2aaaaaa8
00000000
00000000

08888888
00000000
00000000
00000000
00000000
00000000
00000000
00000000
00000000
00000000
c4444444

00000000
2aaaaaa8
2aaaaaa8
2aaaaaa8
2affaaff
00000000
d5ff55ff
d5555557
d5555557
d5555557
00000000

2aaaaaa8
2aaaaaa8
d5555557
d5555557
ffffffff
00000000
ffffffff
2aaaaaa8
2aaaaaa8
d5555557
d5555557

22222220
00000000
d5555557
d5555557
00000000
00000000
00000000
2aaaaaa8
2aaaaaa8
00000000
11111113

00000000
00000000
00000000
00000000
d5005500
00000000
2a00aa00
00000000
00000000
00000000
00000000

08888888
eaaaaaab
2aaaaaa8
2aaaaaa8
2aaaaaa8
00000000
d5555557
d5555557
d5555557
d5555557
c4444444

00000000
eaaaaaab
00000000
00000000
00550057
00000000
00aa00a8
00000000
00000000
d5555557
00000000

2aaaaaa8
00000000
00000000
00000000
d5555557
00000000
2aaaaaa8
00000000
00000000
00000000
d5555557

22222220
00000000
00000000
00000000
2aaaaaa8
00000000
d5555557
00000000
00000000
00000000
11111113

00000000
2aaaaaa8
ffffffff
d5555557
d5005500
00000000
2a00aa00
2aaaaaa8
ffffffff
d5555557
00000000

08888888
2aaaaaa8
d5555557
2aaaaaa8
2aaaaaa8
00000000
d5555557
d5555557
2aaaaaa8
d5555557
c4444444

00000000
00000000
00000000
00000000
00550057
00000000
00aa00a8
00000000
00000000
00000000
00000000

2aaaaaa8
c0000003
00000000
00000000
d5555557
00000000
2aaaaaa8
00000000
00000000
00000000
d5555557

22222220
eaaaaaab
ffffffff
d5555557
2aaaaaa8
00000000
d5555557
2aaaaaa8
ffffffff
d5555557
11111113

00000000
eaaaaaab
d5555557
00000000
d5005500
00000000
2a00aa00
00000000
2aaaaaa8
d5555557
00000000

08888888
00000000
00000000
2aaaaaa8
2aaaaaa8
00000000
d5555557
d5555557
00000000
00000000
c4444444

00000000
00000000
d5555557
d5555557
00550057
00000000
00aa00a8
2aaaaaa8
2aaaaaa8
00000000
00000000

2a00aa00
eaaaaaab
ffffffff
d5555557
d5555557
00000000
2aaaaaa8
2aaaaaa8
ffffffff
d5555557
d5005500

00000000
2aaaaaa8
00000000
00000000
2aaaaaa8
00000000
d5555557
00000000
00000000
d5555557
00000000

00000000
c0000003
00000000
00000000
ffaaffa8
00000000
3f55ff54
00000000
00000000
00000000
00000000

2a00aa00
c0000003
d5555557
ff55ff57
2aaaaaa8
00000000
15555554
ffaaffa8
2aaaaaa8
00000000
d5005500

00000000
eaaaaaab
ffffffff
ffffffff
2beaabe8
3ffffffc
17d557d4
ffffffff
ffffffff
d5555557
00000000

00000000
eaaaaaab
00000000
00aa00a8
00000000
00000000
c0000003
00550057
00000000
d5555557
00000000

2a00aa00
c0000003
00000000
00000000
d5005500
ff00ff00
2a00aa00
00000000
00000000
00000000
d5005500

00000000
00000000
00000000
2a00aa00
00000000
00000000
00000000
d5005500
00000000
00000000
00000000

00000000
2aaaaaa8
2aaaaaa8
2aaaaaa8
00000000
00000000
00000000
d5555557
d5555557
d5555557
00000000

2a00aa00
2aaaaaa8
00000000
00aa00a8
d7805780
ff00ff00
2b40ab40
00550057
00000000
d5555557
d5005500

00000000
00000000
00000000
00000000
00000000
00000000
00000000
00000000
00000000
00000000
00000000

00000000
00000000
00000000
00000000
00550057
00000000
00aa00a8
00000000
00000000
00000000
00000000

2aaaaaa8
2aaaaaa8
ffffffff
ffffffff
ffffffff
00000000
ffffffff
ffffffff
ffffffff
d5555557
d5555557

22222220
eaaaaaab
d5555557
d5555557
2aaaaaa8
00000000
d5555557
2aaaaaa8
2aaaaaa8
d5555557
11111113

00000000
c0000003
d5555557
d5555557
d5005500
00000000
2a00aa00
2aaaaaa8
2aaaaaa8
00000000
00000000

08888888
00000000
00000000
00000000
00000000
00000000
00000000
00000000
00000000
00000000
c4444444

00000000
2aaaaaa8
2aaaaaa8
2aaaaaa8
2affaaff
00000000
d5ff55ff
d5555557
d5555557
d5555557
00000000

2aaaaaa8
2aaaaaa8
d5555557
d5555557
ffffffff
00000000
ffffffff
2aaaaaa8
2aaaaaa8
d5555557
d5555557

22222220
00000000
d5555557
d5555557
00000000
00000000
00000000
2aaaaaa8
2aaaaaa8
00000000
11111113

00000000
00000000
00000000
00000000
d5005500
00000000
2a00aa00
00000000
00000000
00000000
00000000

08888888
2aaaaaa8
2aaaaaa8
2aaaaaa8
2aaaaaa8
00000000
d5555557
d5555557
d5555557
d5555557
c4444444

00000000
eaaaaaab
00000000
00000000
00550057
00000000
00aa00a8
00000000
00000000
d5555557
00000000

2aaaaaa8
c0000003
00000000
00000000
d5555557
00000000
2aaaaaa8
00000000
00000000
00000000
d5555557

22222220
00000000
00000000
00000000
2aaaaaa8
00000000
d5555557
00000000
00000000
00000000
11111113

00000000
2aaaaaa8
ffffffff
d5555557
d5005500
00000000
2a00aa00
2aaaaaa8
ffffffff
d5555557
00000000

08888888
2aaaaaa8
d5555557
2aaaaaa8
2aaaaaa8
00000000
d5555557
d5555557
2aaaaaa8
d5555557
c4444444

00000000
00000000
00000000
00000000
00550057
00000000
00aa00a8
00000000
00000000
00000000
00000000

2aaaaaa8
c0000003
00000000
00000000
d5555557
00000000
2aaaaaa8
00000000
00000000
00000000
d5555557

22222220
eaaaaaab
ffffffff
d5555557
2aaaaaa8
00000000
d5555557
2aaaaaa8
ffffffff
d5555557
11111113

00000000
eaaaaaab
d5555557
00000000
d5005500
00000000
2a00aa00
00000000
2aaaaaa8
d5555557
00000000

08888888
c0000003
00000000
2aaaaaa8
2aaaaaa8
00000000
d5555557
d5555557
00000000
00000000
c4444444

00000000
00000000
d5555557
d5555557
00550057
00000000
00aa00a8
2aaaaaa8
2aaaaaa8
00000000
00000000

2a00aa00
2aaaaaa8
ffffffff
d5555557
d5555557
00000000
2aaaaaa8
2aaaaaa8
ffffffff
d5555557
d5005500

00000000
eaaaaaab
00000000
00000000
2aaaaaa8
00000000
d5555557
00000000
00000000
d5555557
00000000

00000000
00000000
00000000
00000000
ffaaffa8
00000000
3f55ff54
00000000
00000000
00000000
00000000

2a00aa00
c0000003
d5555557
ff55ff57
2aaaaaa8
00000000
15555554
ffaaffa8
2aaaaaa8
00000000
d5005500

00000000
eaaaaaab
ffffffff
ffffffff
2beaabe8
3ffffffc
17d557d4
ffffffff
ffffffff
d5555557
00000000

00000000
eaaaaaab
00000000
00aa00a8
00000000
00000000
c0000003
00550057
00000000
d5555557
00000000

2a00aa00
c0000003
00000000
00000000
d5005500
ff00ff00
2a00aa00
00000000
00000000
00000000
d5005500

00000000
00000000
00000000
2a00aa00
02800280
00000000
01400140
d5005500
00000000
00000000
00000000

00000000
2aaaaaa8
2aaaaaa8
2aaaaaa8
02800280
00000000
01400140
d5555557
d5555557
d5555557
00000000

2a00aa00
2aaaaaa8
00000000
00aa00a8
d7805780
ff00ff00
2b40ab40
00550057
00000000
d5555557
d5005500

00000000
00000000
00000000
00000000
00000000
00000000
00000000
00000000
00000000
00000000
00000000

22222220
15555554
00000000
00000000
00550057
00000000
00aa00a8
00000000
00000000
2aaaaaa8
11111113

3ffffffc
3ffffffc
ffffffff
ffffffff
ffffffff
00000000
ffffffff
ffffffff
ffffffff
ffffffff
ffffffff

00000000
eaaaaaab
d5555557
d5555557
2aaaaaa8
00000000
d5555557
2aaaaaa8
2aaaaaa8
d5555557
00000000

08888888
c0000003
d5555557
d5555557
d5005500
00000000
2a00aa00
2aaaaaa8
2aaaaaa8
00000000
c4444444

00000000
15555554
00000000
00000000
00000000
00000000
00000000
00000000
00000000
2aaaaaa8
00000000

37777774
3ffffffc
2aaaaaa8
2aaaaaa8
2affaaff
00000000
d5ff55ff
d5555557
d5555557
ffffffff
3bbbbbbb

2aaaaaa8
2aaaaaa8
d5555557
d5555557
ffffffff
00000000
ffffffff
2aaaaaa8
2aaaaaa8
d5555557
d5555557

15555554
00000000
d5555557
d5555557
00000000
00000000
00000000
2aaaaaa8
2aaaaaa8
00000000
2aaaaaa8

1ddddddc
15555554
00000000
00000000
d5005500
00000000
2a00aa00
00000000
00000000
2aaaaaa8
eeeeeeec

00000000
ffffffff
2aaaaaa8
2aaaaaa8
2aaaaaa8
00000000
d5555557
d5555557
d5555557
ffffffff
00000000

22222220
eaaaaaab
00000000
00000000
00550057
00000000
00aa00a8
00000000
00000000
d5555557
11111113

3ffffffc
00000000
00000000
00000000
d5555557
00000000
2aaaaaa8
00000000
00000000
00000000
ffffffff

15555554
15555554
00000000
00000000
2aaaaaa8
00000000
d5555557
00000000
00000000
00000000
2aaaaaa8

08888888
3ffffffc
ffffffff
d5555557
d5005500
00000000
2a00aa00
2aaaaaa8
ffffffff
d5555557
c4444444

00000000
2aaaaaa8
d5555557
2aaaaaa8
2aaaaaa8
00000000
d5555557
d5555557
2aaaaaa8
d5555557
00000000

22222220
00000000
00000000
00000000
00550057
00000000
00aa00a8
00000000
00000000
00000000
11111113

3ffffffc
d5555557
00000000
00000000
d5555557
00000000
2aaaaaa8
00000000
00000000
00000000
ffffffff

00000000
ffffffff
ffffffff
d5555557
2aaaaaa8
00000000
d5555557
2aaaaaa8
ffffffff
d5555557
00000000

08888888
eaaaaaab
d5555557
00000000
d5005500
00000000
2a00aa00
00000000
2aaaaaa8
d5555557
c4444444

15555554
00000000
00000000
2aaaaaa8
2aaaaaa8
00000000
d5555557
d5555557
00000000
2aaaaaa8
2aaaaaa8

00000000
00000000
d5555557
d5555557
00550057
00000000
00aa00a8
2aaaaaa8
2aaaaaa8
00000000
00000000

2a00aa00
eaaaaaab
ffffffff
d5555557
d5555557
00000000
2aaaaaa8
2aaaaaa8
ffffffff
d5555557
d5005500

15555554
2aaaaaa8
00000000
00000000
2aaaaaa8
00000000
d5555557
00000000
00000000
d5555557
2aaaaaa8

15555554
c0000003
00000000
00000000
d5005500
00000000
2a00aa00
00000000
00000000
2aaaaaa8
2aaaaaa8

3f55ff54
c0000003
d5555557
ff55ff57
00000000
00000000
00000000
ffaaffa8
2aaaaaa8
00000000
ffaaffa8

00000000
ffffffff
ffffffff
ffffffff
15555554
00000000
00000000
ffffffff
ffffffff
ffffffff
00000000

15555554
eaaaaaab
00000000
00aa00a8
00000000
00000000
c0000003
00550057
00000000
ffffffff
2aaaaaa8

2a00aa00
c0000003
00000000
00000000
d5005500
ff00ff00
2a00aa00
00000000
00000000
00000000
d5005500

00000000
15555554
00000000
2a00aa00
00000000
00000000
00000000
d5005500
00000000
00000000
00000000

15555554
2aaaaaa8
2aaaaaa8
2aaaaaa8
02800280
00000000
00000000
d5555557
d5555557
d5555557
2aaaaaa8

3f55ff54
2aaaaaa8
00000000
00aa00a8
d7805780
ff00ff00
2a00aa00
00550057
00000000
d5555557
ffaaffa8

15555554
00000000
00000000
00000000
00000000
00000000
00000000
00000000
00000000
00000000
00000000

22222220
00000000
00000000
00000000
00550057
00000000
00aa00a8
00000000
00000000
00000000
11111113

2aaaaaa8
2aaaaaa8
ffffffff
ffffffff
ffffffff
00000000
ffffffff
ffffffff
ffffffff
d5555557
d5555557

00000000
eaaaaaab
d5555557
d5555557
2aaaaaa8
00000000
d5555557
2aaaaaa8
2aaaaaa8
d5555557
00000000

08888888
c0000003
d5555557
d5555557
d5005500
00000000
2a00aa00
2aaaaaa8
2aaaaaa8
00000000
c4444444

00000000
00000000
00000000
00000000
00000000
00000000
00000000
00000000
00000000
00000000
00000000

22222220
2aaaaaa8
2aaaaaa8
2aaaaaa8
2affaaff
00000000
d5ff55ff
d5555557
d5555557
d5555557
11111113

2aaaaaa8
eaaaaaab
d5555557
d5555557
ffffffff
00000000
ffffffff
2aaaaaa8
2aaaaaa8
d5555557
d5555557

00000000
00000000
d5555557
d5555557
00000000
00000000
00000000
2aaaaaa8
2aaaaaa8
00000000
00000000

08888888
00000000
00000000
00000000
d5005500
00000000
2a00aa00
00000000
00000000
00000000
c4444444

00000000
eaaaaaab
2aaaaaa8
2aaaaaa8
2aaaaaa8
00000000
d5555557
d5555557
d5555557
d5555557
00000000

22222220
eaaaaaab
00000000
00000000
00550057
00000000
00aa00a8
00000000
00000000
d5555557
11111113

2aaaaaa8
00000000
00000000
00000000
d5555557
00000000
2aaaaaa8
00000000
00000000
00000000
d5555557

00000000
00000000
00000000
00000000
2aaaaaa8
00000000
d5555557
00000000
00000000
00000000
00000000

08888888
eaaaaaab
ffffffff
d5555557
d5005500
00000000
2a00aa00
2aaaaaa8
ffffffff
d5555557
c4444444

00000000
2aaaaaa8
d5555557
2aaaaaa8
2aaaaaa8
00000000
d5555557
d5555557
2aaaaaa8
d5555557
00000000

22222220
00000000
00000000
00000000
00550057
00000000
00aa00a8
00000000
00000000
00000000
11111113

2aaaaaa8
c0000003
00000000
00000000
d5555557
00000000
2aaaaaa8
00000000
00000000
00000000
d5555557

00000000
eaaaaaab
ffffffff
d5555557
2aaaaaa8
00000000
d5555557
2aaaaaa8
ffffffff
d5555557
00000000

08888888
eaaaaaab
d5555557
00000000
d5005500
00000000
2a00aa00
00000000
2aaaaaa8
d5555557
c4444444

00000000
00000000
00000000
2aaaaaa8
2aaaaaa8
00000000
d5555557
d5555557
00000000
00000000
00000000

00000000
00000000
d5555557
d5555557
00550057
00000000
00aa00a8
2aaaaaa8
2aaaaaa8
00000000
00000000

2a00aa00
2aaaaaa8
ffffffff
d5555557
d5555557
00000000
2aaaaaa8
2aaaaaa8
ffffffff
d5555557
d5005500

00000000
2aaaaaa8
00000000
00000000
2aaaaaa8
00000000
d5555557
00000000
00000000
d5555557
00000000

00000000
c0000003
00000000
00000000
ffaaffa8
00000000
3f55ff54
00000000
00000000
00000000
00000000

2a00aa00
c0000003
d5555557
ff55ff57
2aaaaaa8
00000000
15555554
ffaaffa8
2aaaaaa8
00000000
d5005500

00000000
eaaaaaab
ffffffff
ffffffff
2beaabe8
3ffffffc
17d557d4
ffffffff
ffffffff
d5555557
00000000

00000000
eaaaaaab
00000000
00aa00a8
00000000
00000000
c0000003
00550057
00000000
d5555557
00000000

2a00aa00
c0000003
00000000
00000000
d5005500
ff00ff00
2a00aa00
00000000
00000000
00000000
d5005500

00000000
00000000
00000000
2a00aa00
02800280
00000000
01400140
d5005500
00000000
00000000
00000000

00000000
2aaaaaa8
2aaaaaa8
2aaaaaa8
02800280
00000000
01400140
d5555557
d5555557
d5555557
00000000

2a00aa00
eaaaaaab
00000000
00aa00a8
d7805780
ff00ff00
2b40ab40
00550057
00000000
d5555557
d5005500

00000000
00000000
00000000
00000000
00000000
00000000
00000000
00000000
00000000
00000000
00000000

00000000
00000000
00000000
00000000
00550057
00000000
00aa00a8
00000000
00000000
00000000
00000000

2aaaaaa8
2aaaaaa8
ffffffff
ffffffff
ffffffff
00000000
ffffffff
ffffffff
ffffffff
d5555557
d5555557

22222220
eaaaaaab
d5555557
d5555557
2aaaaaa8
00000000
d5555557
2aaaaaa8
2aaaaaa8
d5555557
11111113

00000000
c0000003
d5555557
d5555557
d5005500
00000000
2a00aa00
2aaaaaa8
2aaaaaa8
00000000
00000000

08888888
00000000
00000000
00000000
00000000
00000000
00000000
00000000
00000000
00000000
c4444444

00000000
2aaaaaa8
2aaaaaa8
2aaaaaa8
2affaaff
00000000
d5ff55ff
d5555557
d5555557
d5555557
00000000

2aaaaaa8
2aaaaaa8
d5555557
d5555557
ffffffff
00000000
ffffffff
2aaaaaa8
2aaaaaa8
d5555557
d5555557

22222220
00000000
d5555557
d5555557
00000000
00000000
00000000
2aaaaaa8
2aaaaaa8
00000000
11111113

00000000
00000000
00000000
00000000
d5005500
00000000
2a00aa00
00000000
00000000
00000000
00000000

08888888
2aaaaaa8
2aaaaaa8
2aaaaaa8
2aaaaaa8
00000000
d5555557
d5555557
d5555557
d5555557
c4444444

00000000
eaaaaaab
00000000
00000000
00550057
00000000
00aa00a8
00000000
00000000
d5555557
00000000

2aaaaaa8
c0000003
00000000
00000000
d5555557
00000000
2aaaaaa8
00000000
00000000
00000000
d5555557

22222220
00000000
00000000
00000000
2aaaaaa8
00000000
d5555557
00000000
00000000
00000000
11111113

00000000
2aaaaaa8
ffffffff
d5555557
d5005500
00000000
2a00aa00
2aaaaaa8
ffffffff
d5555557
00000000

08888888
2aaaaaa8
d5555557
2aaaaaa8
2aaaaaa8
00000000
d5555557
d5555557
2aaaaaa8
d5555557
c4444444

00000000
00000000
00000000
00000000
00550057
00000000
00aa00a8
00000000
00000000
00000000
00000000

2aaaaaa8
c0000003
00000000
00000000
d5555557
00000000
2aaaaaa8
00000000
00000000
00000000
d5555557

22222220
eaaaaaab
ffffffff
d5555557
2aaaaaa8
00000000
d5555557
2aaaaaa8
ffffffff
d5555557
11111113

00000000
eaaaaaab
d5555557
00000000
d5005500
00000000
2a00aa00
00000000
2aaaaaa8
d5555557
00000000

08888888
c0000003
00000000
2aaaaaa8
2aaaaaa8
00000000
d5555557
d5555557
00000000
00000000
c4444444

00000000
00000000
d5555557
d5555557
00550057
00000000
00aa00a8
2aaaaaa8
2aaaaaa8
00000000
00000000

2a00aa00
2aaaaaa8
ffffffff
d5555557
d5555557
00000000
2aaaaaa8
2aaaaaa8
ffffffff
d5555557
d5005500

00000000
eaaaaaab
00000000
00000000
2aaaaaa8
00000000
d5555557
00000000
00000000
d5555557
00000000

00000000
00000000
00000000
00000000
ffaaffa8
00000000
3f55ff54
00000000
00000000
00000000
00000000

2a00aa00
c0000003
d5555557
ff55ff57
2aaaaaa8
00000000
15555554
ffaaffa8
2aaaaaa8
00000000
d5005500

00000000
eaaaaaab
ffffffff
ffffffff
2beaabe8
3ffffffc
17d557d4
ffffffff
ffffffff
d5555557
00000000

00000000
eaaaaaab
00000000
00aa00a8
02800280
00000000
c1400143
00550057
00000000
d5555557
00000000

2a00aa00
c0000003
00000000
00000000
d7805780
ff00ff00
2b40ab40
00000000
00000000
00000000
d5005500

00000000
00000000
00000000
2a00aa00
00000000
00000000
00000000
d5005500
00000000
00000000
00000000

00000000
2aaaaaa8
2aaaaaa8
2aaaaaa8
00000000
00000000
00000000
d5555557
d5555557
d5555557
00000000

2a00aa00
2aaaaaa8
00000000
00aa00a8
d7805780
ff00ff00
2b40ab40
00550057
00000000
d5555557
d5005500

00000000
00000000
00000000
00000000
00000000
00000000
00000000
00000000
00000000
00000000
00000000

00000000
00000000
00000000
00000000
00550057
00000000
00aa00a8
00000000
00000000
00000000
00000000

3ffffffc
2aaaaaa8
ffffffff
ffffffff
ffffffff
00000000
ffffffff
ffffffff
ffffffff
d5555557
ffffffff

22222220
eaaaaaab
d5555557
d5555557
2aaaaaa8
00000000
d5555557
2aaaaaa8
2aaaaaa8
d5555557
11111113

00000000
c0000003
d5555557
d5555557
d5005500
00000000
2a00aa00
2aaaaaa8
2aaaaaa8
00000000
00000000

08888888
15555554
00000000
00000000
00000000
00000000
00000000
00000000
00000000
2aaaaaa8
c4444444

15555554
2aaaaaa8
2aaaaaa8
2aaaaaa8
2affaaff
00000000
d5ff55ff
d5555557
d5555557
ffffffff
2aaaaaa8

2aaaaaa8
eaaaaaab
d5555557
d5555557
ffffffff
00000000
ffffffff
2aaaaaa8
2aaaaaa8
d5555557
d5555557

37777774
15555554
d5555557
d5555557
00000000
00000000
00000000
2aaaaaa8
2aaaaaa8
00000000
3bbbbbbb

15555554
00000000
00000000
00000000
d5005500
00000000
2a00aa00
00000000
00000000
00000000
2aaaaaa8

08888888
eaaaaaab
2aaaaaa8
2aaaaaa8
2aaaaaa8
00000000
d5555557
d5555557
d5555557
ffffffff
c4444444

00000000
eaaaaaab
00000000
00000000
00550057
00000000
00aa00a8
00000000
00000000
d5555557
00000000

3ffffffc
00000000
00000000
00000000
d5555557
00000000
2aaaaaa8
00000000
00000000
00000000
ffffffff

37777774
15555554
00000000
00000000
2aaaaaa8
00000000
d5555557
00000000
00000000
00000000
3bbbbbbb

00000000
ffffffff
ffffffff
d5555557
d5005500
00000000
2a00aa00
2aaaaaa8
ffffffff
ffffffff
00000000

08888888
2aaaaaa8
d5555557
2aaaaaa8
2aaaaaa8
00000000
d5555557
d5555557
2aaaaaa8
d5555557
c4444444

00000000
00000000
00000000
00000000
00550057
00000000
00aa00a8
00000000
00000000
00000000
00000000

3ffffffc
d5555557
00000000
00000000
d5555557
00000000
2aaaaaa8
00000000
00000000
00000000
ffffffff

22222220
ffffffff
ffffffff
d5555557
2aaaaaa8
00000000
d5555557
2aaaaaa8
ffffffff
d5555557
11111113

00000000
eaaaaaab
d5555557
00000000
d5005500
00000000
2a00aa00
00000000
2aaaaaa8
d5555557
00000000

1ddddddc
00000000
00000000
2aaaaaa8
2aaaaaa8
00000000
d5555557
d5555557
00000000
00000000
eeeeeeec

00000000
15555554
d5555557
d5555557
00550057
00000000
00aa00a8
2aaaaaa8
2aaaaaa8
2aaaaaa8
00000000

2a00aa00
3ffffffc
ffffffff
d5555557
d5555557
00000000
2aaaaaa8
2aaaaaa8
ffffffff
ffffffff
d5005500

15555554
2aaaaaa8
00000000
00000000
2aaaaaa8
00000000
d5555557
00000000
00000000
d5555557
2aaaaaa8

15555554
c0000003
00000000
00000000
d5005500
00000000
2a00aa00
00000000
00000000
00000000
2aaaaaa8

2a00aa00
d5555557
d5555557
ff55ff57
00000000
00000000
00000000
ffaaffa8
2aaaaaa8
2aaaaaa8
ffaaffa8

00000000
ffffffff
ffffffff
ffffffff
15555554
00000000
00000000
ffffffff
ffffffff
ffffffff
00000000

15555554
eaaaaaab
00000000
00aa00a8
00000000
00000000
c0000003
00550057
00000000
d5555557
2aaaaaa8

2a00aa00
c0000003
00000000
00000000
d5005500
ff00ff00
2a00aa00
00000000
00000000
00000000
d5005500

00000000
15555554
00000000
2a00aa00
00000000
00000000
00000000
d5005500
00000000
2aaaaaa8
00000000

15555554
3ffffffc
2aaaaaa8
2aaaaaa8
02800280
00000000
00000000
d5555557
d5555557
ffffffff
2aaaaaa8

3f55ff54
eaaaaaab
00000000
00aa00a8
d7805780
ff00ff00
2a00aa00
00550057
00000000
d5555557
ffaaffa8

15555554
00000000
00000000
00000000
00000000
00000000
00000000
00000000
00000000
00000000
2aaaaaa8

22222220
00000000
00000000
00000000
00000000
00000000
00000000
00000000
00000000
00000000
11111113

2aaaaaa8
2aaaaaa8
ffffffff
ffffffff
ffffffff
00000000
ffffffff
ffffffff
ffffffff
d5555557
d5555557

00000000
eaaaaaab
d5555557
d5555557
2affaaff
00000000
d5ff55ff
2aaaaaa8
2aaaaaa8
d5555557
00000000

08888888
c0000003
d5555557
d5555557
00000000
00000000
00000000
2aaaaaa8
2aaaaaa8
00000000
c4444444

00000000
00000000
00000000
00000000
d5005500
00000000
2a00aa00
00000000
00000000
00000000
00000000

22222220
2aaaaaa8
2aaaaaa8
2aaaaaa8
2aaaaaa8
00000000
d5555557
d5555557
d5555557
d5555557
11111113

2aaaaaa8
2aaaaaa8
d5555557
d5555557
ffffffff
00000000
ffffffff
2aaaaaa8
2aaaaaa8
d5555557
d5555557

00000000
00000000
d5555557
d5555557
00550057
00000000
00aa00a8
2aaaaaa8
2aaaaaa8
00000000
00000000

08888888
00000000
00000000
00000000
00000000
00000000
00000000
00000000
00000000
00000000
c4444444

00000000
eaaaaaab
2aaaaaa8
2aaaaaa8
ffaaffa8
00000000
ff55ff57
d5555557
d5555557
d5555557
00000000

22222220
eaaaaaab
00000000
00000000
00000000
00000000
00000000
00000000
00000000
d5555557
11111113

2aaaaaa8
00000000
00000000
00000000
d5555557
00000000
2aaaaaa8
00000000
00000000
00000000
d5555557

00000000
00000000
00000000
00000000
2affaaff
00000000
d5ff55ff
00000000
00000000
00000000
00000000

08888888
2aaaaaa8
ffffffff
d5555557
00000000
00000000
00000000
2aaaaaa8
ffffffff
d5555557
c4444444

00000000
2aaaaaa8
d5555557
2aaaaaa8
ffaaffa8
00000000
ff55ff57
d5555557
2aaaaaa8
d5555557
00000000

22222220
00000000
00000000
00000000
00000000
00000000
00000000
00000000
00000000
00000000
11111113

2aaaaaa8
c0000003
00000000
00000000
d5555557
00000000
2aaaaaa8
00000000
00000000
00000000
d5555557

00000000
eaaaaaab
ffffffff
d5555557
2affaaff
00000000
d5ff55ff
2aaaaaa8
ffffffff
d5555557
00000000

08888888
eaaaaaab
d5555557
00000000
00000000
00000000
00000000
00000000
2aaaaaa8
d5555557
c4444444

00000000
00000000
00000000
2aaaaaa8
ffaaffa8
00000000
ff55ff57
d5555557
00000000
00000000
00000000

2a00aa00
00000000
d5555557
d5555557
00000000
00000000
00000000
2aaaaaa8
2aaaaaa8
00000000
d5005500

2aaaaaa8
eaaaaaab
ffffffff
d5555557
d5555557
00000000
2aaaaaa8
2aaaaaa8
ffffffff
d5555557
d5555557

00000000
2aaaaaa8
00000000
00000000
2affaaff
00000000
d5ff55ff
00000000
00000000
d5555557
00000000

00aa00a8
c0000003
00000000
00000000
2aaaaaa8
00000000
15555554
00000000
00000000
00000000
00550057

00000000
c0000003
d5555557
ffffffff
ffaaffa8
00000000
3f55ff54
ffffffff
2aaaaaa8
00000000
00000000

00000000
eaaaaaab
ffffffff
ffffffff
2beaabe8
3ffffffc
17d557d4
ffffffff
ffffffff
d5555557
00000000

2a00aa00
eaaaaaab
00000000
00000000
02800280
00000000
c1400143
00000000
00000000
d5555557
d5005500

2aaaaaa8
c0000003
00000000
00000000
d7d557d7
ffffffff
2beaabe8
00000000
00000000
00000000
d5555557

00000000
00000000
00000000
2aaaaaa8
00000000
00000000
00000000
d5555557
00000000
00000000
00000000

00aa00a8
2aaaaaa8
2aaaaaa8
2aaaaaa8
00550057
00ff00ff
00aa00a8
d5555557
d5555557
d5555557
00550057

00000000
2aaaaaa8
00000000
00000000
02800280
00000000
01400140
00000000
00000000
d5555557
00000000

00000000
00000000
00000000
00000000
d5005500
ff00ff00
2a00aa00
00000000
00000000
00000000
00000000

22222220
00000000
00000000
00000000
00000000
00000000
00000000
00000000
00000000
00000000
11111113

2aaaaaa8
2aaaaaa8
ffffffff
ffffffff
ffffffff
00000000
ffffffff
ffffffff
ffffffff
d5555557
d5555557

00000000
eaaaaaab
d5555557
d5555557
2affaaff
00000000
d5ff55ff
2aaaaaa8
2aaaaaa8
d5555557
00000000

08888888
c0000003
d5555557
d5555557
00000000
00000000
00000000
2aaaaaa8
2aaaaaa8
00000000
c4444444

00000000
00000000
00000000
00000000
d5005500
00000000
2a00aa00
00000000
00000000
00000000
00000000

22222220
2aaaaaa8
2aaaaaa8
2aaaaaa8
2aaaaaa8
00000000
d5555557
d5555557
d5555557
d5555557
11111113

2aaaaaa8
2aaaaaa8
d5555557
d5555557
ffffffff
00000000
ffffffff
2aaaaaa8
2aaaaaa8
d5555557
d5555557

00000000
00000000
d5555557
d5555557
00550057
00000000
00aa00a8
2aaaaaa8
2aaaaaa8
00000000
00000000

08888888
00000000
00000000
00000000
00000000
00000000
00000000
00000000
00000000
00000000
c4444444

00000000
2aaaaaa8
2aaaaaa8
2aaaaaa8
ffaaffa8
00000000
ff55ff57
d5555557
d5555557
d5555557
00000000

22222220
eaaaaaab
00000000
00000000
00000000
00000000
00000000
00000000
00000000
d5555557
11111113

2aaaaaa8
c0000003
00000000
00000000
d5555557
00000000
2aaaaaa8
00000000
00000000
00000000
d5555557

00000000
00000000
00000000
00000000
2affaaff
00000000
d5ff55ff
00000000
00000000
00000000
00000000

08888888
2aaaaaa8
ffffffff
d5555557
00000000
00000000
00000000
2aaaaaa8
ffffffff
d5555557
c4444444

00000000
2aaaaaa8
d5555557
2aaaaaa8
ffaaffa8
00000000
ff55ff57
d5555557
2aaaaaa8
d5555557
00000000

22222220
00000000
00000000
00000000
00000000
00000000
00000000
00000000
00000000
00000000
11111113

2aaaaaa8
c0000003
00000000
00000000
d5555557
00000000
2aaaaaa8
00000000
00000080
00000000
d5555557

00000000
eaaaaaab
ffffffff
d5555557
2affaaff
00000000
d5ff55ff
2aaaaaa8
ffffffff
d5555557
00000000

08888888
eaaaaaab
d5555557
00000000
00000000
00000000
00000000
00000000
2aaaaa28
d5555557
c4444444

00000000
c0000003
00000000
2aaaaaa8
ffaaffa8
00000000
ff55ff57
d5555557
00000000
00000000
00000000

2a00aa00
00000000
d5555557
d5555557
00000000
00000000
00000000
2aaaaaa8
2aaaaaa8
00000000
d5005500

2aaaaaa8
2aaaaaa8
ffffffff
d5555557
d5555557
00000000
2aaaaaa8
2aaaaaa8
ffffffff
d5555557
d5555557

00000000
eaaaaaab
00000000
00000000
2affaaff
00000000
d5ff55ff
00000000
00000000
d5555557
00000000

00aa00a8
00000000
00000000
00000000
2aaaaaa8
00000000
15555554
00000000
00000000
00000000
00550057

00000000
c0000003
d5555557
ffffff7f
ffaaffa8
00000000
3f55ff54
ffffffff
2aaaaaa8
00000000
00000000

00000000
eaaaaaab
ffffffff
ffffff7f
2beaabe8
3ffffffc
17d557d4
ffffffff
ffffffff
d5555557
00000000

2a00aa00
eaaaaaab
00000000
00000000
00000000
00000000
c0000003
00000000
00000000
d5555557
d5005500

2aaaaaa8
c0000003
00000000
00000000
d5555557
ffffffff
2aaaaaa8
00000000
00000000
00000000
d5555557

00000000
00000000
00000000
2aaaaa28
00000000
00000000
00000000
d5555557
00000000
00000000
00000000

00aa00a8
2aaaaa28
2aaaaaa8
2aaaaa28
00550057
00ff00ff
00aa00a8
d5555557
d5555557
d5555557
00550057

00000000
2aaaaa28
00000000
00000000
02800280
00000000
01400140
00000000
00000000
d5555557
00000000

00000000
00000000
00000000
00000000
d5005500
ff00ff00
2a00aa00
00000000
00000000
00000000
00000000

00000000
15555554
00000000
00000000
00000000
00000000
00000000
00000000
00000000
2aaaaaa8
00000000

3ffffffc
3ffffffc
ffffffff
ffffffff
ffffffff
00000000
ffffffff
ffffffff
ffffffff
ffffffff
ffffffff

22222220
eaaaaaab
d5555557
d5555557
2affaaff
00000000
d5ff55ff
2aaaaaa8
2aaaaaa8
d5555557
11111113

00000000
c0000003
d5555557
d5555557
00000000
00000000
00000000
2aaaaaa8
2aaaaaa8
00000000
00000000

08888888
15555554
00000000
00000000
d5005500
00000000
2a00aa00
00000000
00000000
2aaaaaa8
c4444444

15555554
3ffffffc
2aaaaaa8
2aaaaaa8
2aaaaaa8
00000000
d5555557
d5555557
d5555557
ffffffff
2aaaaaa8

2aaaaaa8
2aaaaaa8
d5555557
d5555557
ffffffff
00000000
ffffffff
2aaaaaa8
2aaaaaa8
d5555557
d5555557

37777774
00000000
d5555557
d5555557
00550057
00000000
00aa00a8
2aaaaaa8
2aaaaaa8
00000000
3bbbbbbb

15555554
15555554
00000000
00000000
00000000
00000000
00000000
00000000
00000000
2aaaaaa8
2aaaaaa8

08888888
ffffffff
2aaaaaa8
2aaaaaa8
ffaaffa8
00000000
ff55ff57
d5555557
d5555557
ffffffff
c4444444

00000000
eaaaaaab
00000000
00000000
00000000
00000000
00000000
00000000
00000000
d5555557
00000000

3ffffffc
00000000
00000000
00000000
d5555557
00000000
2aaaaaa8
00000000
00000000
00000000
ffffffff

37777774
15555554
00000000
00000000
2affaaff
00000000
d5ff55ff
00000000
00000000
00000000
3bbbbbbb

00000000
3ffffffc
ffffffff
d5555557
00000000
00000000
00000000
2aaaaaa8
ffffffff
d5555557
00000000

08888888
2aaaaaa8
d5555557
2aaaaaa8
ffaaffa8
00000000
ff55ff57
d5555557
2aaaaaa8
d5555557
c4444444

00000000
00000000
00000000
00000000
00000000
00000000
00000000
00000000
00000000
00000000
00000000

3ffffffc
d5555557
00000000
00000000
d5555557
00000000
2aaaaaa8
00000000
00000000
00000000
ffffffff

22222220
ffffffff
ffffffff
d5555557
2affaaff
00000000
d5ff55ff
2aaaaaa8
ffffffff
d5555557
11111113

00000000
eaaaaaab
d5555557
00000000
00000000
00000000
00000000
00000000
2aaaaaa8
d5555557
00000000

1ddddddc
00000000
00000000
2aaaaaa8
ffaaffa8
00000000
ff55ff57
d5555557
00000000
2aaaaaa8
eeeeeeec

2a00aa00
00000000
d5555557
d5555557
00000000
00000000
00000000
2aaaaaa8
2aaaaaa8
00000000
d5005500

2aaaaaa8
eaaaaaab
ffffffff
d5555557
d5555557
00000000
2aaaaaa8
2aaaaaa8
ffffffff
d5555557
d5555557

15555554
2aaaaaa8
00000000
00000000
2affaaff
00000000
d5ff55ff
00000000
00000000
d5555557
2aaaaaa8

15ff55fc
c0000003
00000000
00000000
00000000
00000000
00000000
00000000
00000000
2aaaaaa8
2affaaff

15555554
c0000003
d5555557
ffffffff
d5005500
00000000
2a00aa00
ffffffff
2aaaaaa8
00000000
2aaaaaa8

00000000
ffffffff
ffffffff
ffffffff
15555554
00000000
00000000
ffffffff
ffffffff
ffffffff
00000000

3f55ff54
eaaaaaab
00000000
00000000
00000000
00000000
c0000003
00000000
00000000
ffffffff
ffaaffa8

2aaaaaa8
c0000003
00000000
00000000
d5555557
ffffffff
2aaaaaa8
00000000
00000000
00000000
d5555557

00000000
15555554
00000000
2aaaaaa8
00000000
00000000
00000000
d5555557
00000000
00000000
00000000

15ff55fc
2aaaaaa8
2aaaaaa8
2aaaaaa8
02d502d7
00ff00ff
00aa00a8
d5555557
d5555557
d5555557
2affaaff

15555554
2aaaaaa8
00000000
00000000
02800280
00000000
00000000
00000000
00000000
d5555557
2aaaaaa8

15555554
00000000
00000000
00000000
d5005500
ff00ff00
2a00aa00
00000000
00000000
00000000
00000000

00000000
00000000
00000000
00000000
00000000
00000000
00000000
00000000
00000000
00000000
00000000

2aaaaaa8
2aaaaaa8
ffffffff
ffffffff
ffffffff
00000000
ffffffff
ffffffff
ffffffff
d5555557
d5555557

22222220
eaaaaaab
d5555557
d5555557
2affaaff
00000000
d5ff55ff
2aaaaaa8
2aaaaaa8
d5555557
11111113

00000000
c0000003
d5555557
d5555557
00000000
00000000
00000000
2aaaaaa8
2aaaaaa8
00000000
00000000

08888888
00000000
00000000
00000000
d5005500
00000000
2a00aa00
00000000
00000000
00000000
c4444444

00000000
2aaaaaa8
2aaaaaa8
2aaaaaa8
2aaaaaa8
00000000
d5555557
d5555557
d5555557
d5555557
00000000

2aaaaaa8
2aaaaaa8
d5555557
d5555557
ffffffff
00000000
ffffffff
2aaaaaa8
2aaaaaa8
d5555557
d5555557

22222220
00000000
d5555557
d5555557
00550057
00000000
00aa00a8
2aaaaaa8
2aaaaaa8
00000000
11111113

00000000
00000000
00000000
00000000
00000000
00000000
00000000
00000000
00000000
00000000
00000000

08888888
eaaaaaab
2aaaaaa8
2aaaaaa8
ffaaffa8
00000000
ff55ff57
d5555557
d5555557
d5555557
c4444444

00000000
eaaaaaab
00000000
00000000
00000000
00000000
00000000
00000000
00000000
d5555557
00000000

2aaaaaa8
00000000
00000000
00000000
d5555557
00000000
2aaaaaa8
00000000
00000000
00000000
d5555557

22222220
00000000
00000000
00000000
2affaaff
00000000
d5ff55ff
00000000
00000000
00000000
11111113

00000000
2aaaaaa8
ffffffff
d5555557
00000000
00000000
00000000
2aaaaaa8
ffffffff
d5555557
00000000

08888888
2aaaaaa8
d5555557
2aaaaaa8
ffaaffa8
00000000
ff55ff57
d5555557
2aaaaaa8
d5555557
c4444444

00000000
00000000
00000000
00000000
00000000
00000000
00000000
00000000
00000000
00000000
00000000

2aaaaaa8
c0000003
00000000
00000000
d5555557
00000000
2aaaaaa8
00000000
00000000
00000000
d5555557

22222220
eaaaaaab
ffffffff
d5555557
2affaaff
00000000
d5ff55ff
2aaaaaa8
ffffffff
d5555557
11111113

00000000
eaaaaaab
d5555557
00000000
00000000
00000000
00000000
00000000
2aaaaaa8
d5555557
00000000

08888888
00000000
00000000
2aaaaaa8
ffaaffa8
00000000
ff55ff57
d5555557
00000000
00000000
c4444444

2a00aa00
00000000
d5555557
d5555557
00000000
00000000
00000000
2aaaaaa8
2aaaaaa8
00000000
d5005500

2aaaaaa8
eaaaaaab
ffffffff
d5555557
d5555557
00000000
2aaaaaa8
2aaaaaa8
ffffffff
d5555557
d5555557

00000000
2aaaaaa8
00000000
00000000
2affaaff
00000000
d5ff55ff
00000000
00000000
d5555557
00000000

00aa00a8
c0000003
00000000
00000000
2aaaaaa8
00000000
15555554
00000000
00000000
00000000
00550057

00000000
c0000003
d5555557
ffffffff
ffaaffa8
00000000
3f55ff54
ffffffff
2aaaaaa8
00000000
00000000

00000000
eaaaaaab
ffffffff
ffffffff
2beaabe8
3ffffffc
17d557d4
ffffffff
ffffffff
d5555557
00000000

2a00aa00
eaaaaaab
00000000
00000000
00000000
00000000
c0000003
00000000
00000000
d5555557
d5005500

2aaaaaa8
c0000003
00000000
00000000
d5555557
ffffffff
2aaaaaa8
00000000
00000000
00000000
d5555557

00000000
00000000
00000000
2aaaaaa8
00000000
00000000
00000000
d5555557
00000000
00000000
00000000

00aa00a8
2aaaaaa8
2aaaaaa8
2aaaaaa8
00550057
00ff00ff
00aa00a8
d5555557
d5555557
d5555557
00550057

00000000
2aaaaaa8
00000000
00000000
02800280
00000000
01400140
00000000
00000000
d5555557
00000000

00000000
00000000
00000000
00000000
d5005500
ff00ff00
2a00aa00
00000000
00000000
00000000
00000000

22222220
00000000
00000000
00000000
00000000
00000000
00000000
00000000
00000000
00000000
11111113

2aaaaaa8
2aaaaaa8
ffffffff
ffffffff
ffffffff
00000000
ffffffff
ffffffff
ffffffff
d5555557
d5555557

00000000
eaaaaaab
d5555557
d5555557
2affaaff
00000000
d5ff55ff
2aaaaaa8
2aaaaaa8
d5555557
00000000

08888888
c0000003
d5555557
d5555557
00000000
00000000
00000000
2aaaaaa8
2aaaaaa8
00000000
c4444444

00000000
00000000
00000000
00000000
d5005500
00000000
2a00aa00
00000000
00000000
00000000
00000000

22222220
2aaaaaa8
2aaaaaa8
2aaaaaa8
2aaaaaa8
00000000
d5555557
d5555557
d5555557
d5555557
11111113

2aaaaaa8
2aaaaaa8
d5555557
d5555557
ffffffff
00000000
ffffffff
2aaaaaa8
2aaaaaa8
d5555557
d5555557

00000000
00000000
d5555557
d5555557
00550057
00000000
00aa00a8
2aaaaaa8
2aaaaaa8
00000000
00000000

08888888
00000000
00000000
00000000
00000000
00000000
00000000
00000000
00000000
00000000
c4444444

00000000
2aaaaaa8
2aaaaaa8
2aaaaaa8
ffaaffa8
00000000
ff55ff57
d5555557
d5555557
d5555557
00000000

22222220
eaaaaaab
00000000
00000000
00000000
00000000
00000000
00000000
00000000
d5555557
11111113

2aaaaaa8
c0000003
00000000
00000000
d5555557
00000000
2aaaaaa8
00000000
00000000
00000000
d5555557

00000000
00000000
00000000
00000000
2affaaff
00000000
d5ff55ff
00000000
00000000
00000000
00000000

08888888
2aaaaaa8
ffffffff
d5555557
00000000
00000000
00000000
2aaaaaa8
ffffffff
d5555557
c4444444

00000000
2aaaaaa8
d5555557
2aaaaaa8
ffaaffa8
00000000
ff55ff57
d5555557
2aaaaaa8
d5555557
00000000

22222220
00000000
00000000
00000000
00000000
00000000
00000000
00000000
00000000
00000000
11111113

2aaaaaa8
c0000003
00000000
00000000
d5555557
00000000
2aaaaaa8
00000000
00000000
00000000
d5555557

00000000
eaaaaaab
ffffffff
d5555557
2affaaff
00000000
d5ff55ff
2aaaaaa8
ffffffff
d5555557
00000000

08888888
eaaaaaab
d5555557
00000000
00000000
00000000
00000000
00000000
2aaaaaa8
d5555557
c4444444

00000000
c0000003
00000000
2aaaaaa8
ffaaffa8
00000000
ff55ff57
d5555557
00000000
00000000
00000000

2a00aa00
00000000
d5555557
d5555557
00000000
00000000
00000000
2aaaaaa8
2aaaaaa8
00000000
d5005500

2aaaaaa8
2aaaaaa8
ffffffff
d5555557
d5555557
00000000
2aaaaaa8
2aaaaaa8
ffffffff
d5555557
d5555557

00000000
eaaaaaab
00000000
00000000
2affaaff
00000000
d5ff55ff
00000000
00000000
d5555557
00000000

00aa00a8
00000000
00000000
00000000
2aaaaaa8
00000000
15555554
00000000
00000000
00000000
00550057

00000000
c0000003
d5555557
ffffffff
ffaaffa8
00000000
3f55ff54
ffffffff
2aaaaaa8
00000000
00000000

00000000
eaaaaaab
ffffffff
ffffffff
2beaabe8
3ffffffc
17d557d4
ffffffff
ffffffff
d5555557
00000000

2a00aa00
eaaaaaab
00000000
00000000
02800280
00000000
c1400143
00000000
00000000
d5555557
d5005500

2aaaaaa8
c0000003
00000000
00000000
d7d557d7
ffffffff
2beaabe8
00000000
00000000
00000000
d5555557

00000000
00000000
00000000
2aaaaaa8
00000000
00000000
00000000
d5555557
00000000
00000000
00000000

00aa00a8
2aaaaaa8
2aaaaaa8
2aaaaaa8
00550057
00ff00ff
00aa00a8
d5555557
d5555557
d5555557
00550057

00000000
2aaaaaa8
00000000
00000000
02800280
00000000
01400140
00000000
00000000
d5555557
00000000

00000000
00000000
00000000
00000000
d5005500
ff00ff00
2a00aa00
00000000
00000000
00000000
00000000

22222220
00000000
00000000
00000000
00000000
00000000
00000000
00000000
00000000
00000000
11111113

3ffffffc
2aaaaaa8
ffffffff
ffffffff
ffffffff
00000000
ffffffff
ffffffff
ffffffff
d5555557
ffffffff

00000000
eaaaaaab
d5555557
d5555557
2affaaff
00000000
d5ff55ff
2aaaaaa8
2aaaaa28
d5555557
00000000

08888888
c0000003
d5555557
d5555557
00000000
00000000
00000000
2aaaaaa8
2aaaaaa8
00000000
c4444444

00000000
15555554
00000000
00000000
d5005500
00000000
2a00aa00
00000000
00000000
2aaaaaa8
00000000

37777774
2aaaaaa8
2aaaaaa8
2aaaaaa8
2aaaaaa8
00000000
d5555557
d5555557
d55555d7
ffffffff
3bbbbbbb

2aaaaaa8
eaaaaaab
d5555557
d5555557
ffffffff
00000000
ffffffff
2aaaaaa8
2aaaaaa8
d5555557
d5555557

15555554
15555554
d5555557
d5555557
00550057
00000000
00aa00a8
2aaaaaa8
2aaaaaa8
00000000
2aaaaaa8

1ddddddc
00000000
00000000
00000000
00000000
00000000
00000000
00000000
00000000
00000000
eeeeeeec

00000000
eaaaaaab
2aaaaaa8
2aaaaaa8
ffaaffa8
00000000
ff55ff57
d5555557
d5555557
ffffffff
00000000

22222220
eaaaaaab
00000000
00000000
00000000
00000000
00000000
00000000
00000000
d5555557
11111113

3ffffffc
00000000
00000000
00000000
d5555557
00000000
2aaaaaa8
00000000
00000000
00000000
ffffffff

15555554
15555554
00000000
00000000
2affaaff
00000000
d5ff55ff
00000000
00000000
00000000
2aaaaaa8

08888888
ffffffff
ffffffff
d5555557
00000000
00000000
00000000
2aaaaaa8
ffffffff
ffffffff
c4444444

00000000
2aaaaaa8
d5555557
2aaaaaa8
ffaaffa8
00000000
ff55ff57
d5555557
2aaaaaa8
d5555557
00000000

22222220
00000000
00000000
00000000
00000000
00000000
00000000
00000000
00000000
00000000
11111113

3ffffffc
d5555557
00000000
00000000
d5555557
00000000
2aaaaaa8
00000000
00000000
00000000
ffffffff

00000000
ffffffff
ffffffff
d5555557
2affaaff
00000000
d5ff55ff
2aaaaaa8
ffffffff
d5555557
00000000

08888888
eaaaaaab
d5555557
00000000
00000000
00000000
00000000
00000000
2aaaaaa8
d5555557
c4444444

15555554
00000000
00000000
2aaaaaa8
ffaaffa8
00000000
ff55ff57
d5555557
00000000
00000000
2aaaaaa8

2a00aa00
15555554
d5555557
d5555557
00000000
00000000
00000000
2aaaaaa8
2aaaaaa8
2aaaaaa8
d5005500

2aaaaaa8
3ffffffc
ffffffff
d5555557
d5555557
00000000
2aaaaaa8
2aaaaaa8
ffffffff
ffffffff
d5555557

15555554
2aaaaaa8
00000000
00000000
2affaaff
00000000
d5ff55ff
00000000
00000000
d5555557
2aaaaaa8

15ff55fc
c0000003
00000000
00000000
00000000
00000000
00000000
00000000
00000000
00000000
2affaaff

00000000
d5555557
d5555557
ffffffff
d5005500
00000000
2a00aa00
ffffffff
2aaaaaa8
2aaaaaa8
2aaaaaa8

00000000
ffffffff
ffffffff
ffffffff
15555554
00000000
00000000
ffffffff
ffffffff
ffffffff
00000000

3f55ff54
eaaaaaab
00000000
00000000
00000000
00000000
c0000003
00000000
00000000
d5555557
ffaaffa8

2aaaaaa8
c0000003
00000000
00000000
d5555557
ffffffff
2aaaaaa8
00000000
00000000
00000000
d5555557

00000000
15555554
00000000
2aaaaaa8
00000000
00000000
00000000
d5555557
00000000
2aaaaaa8
00000000

15ff55fc
3ffffffc
2aaaaaa8
2aaaaaa8
02d502d7
00ff00ff
00aa00a8
d5555557
d5555557
ffffffff
2affaaff

15555554
eaaaaaab
00000000
00000000
02800280
00000000
00000000
00000000
00000000
d5555557
2aaaaaa8

15555554
00000000
00000000
00000000
d5005500
ff00ff00
2a00aa00
00000000
00000000
00000000
2aaaaaa8

00000000
00000000
00000000
00000000
00000000
00000000
00000000
00000000
00000000
00000000
00000000

2aaaaaa8
2aaaaaa8
ffffffff
ffffffff
ffffffff
00000000
ffffffff
ffffffff
ffffffff
d5555557
d5555557

22222220
eaaaaaab
d5555557
d5555557
2affaaff
00000000
d5ff55ff
2aaaaaa8
2aaaaaa8
d5555557
11111113

00000000
c0000003
d5555557
d5555557
00000000
00000000
00000000
2aaaaaa8
2aaaaaa8
00000000
00000000

08888888
00000000
00000000
00000000
d5005500
00000000
2a00aa00
00000000
00000000
00000000
c4444444

00000000
2aaaaaa8
2aaaaaa8
2aaaaaa8
2aaaaaa8
00000000
d5555557
d5555557
d5555557
d5555557
00000000

2aaaaaa8
2aaaaaa8
d5555557
d5555557
ffffffff
00000000
ffffffff
2aaaaaa8
2aaaaaa8
d5555557
d5555557

22222220
00000000
d5555557
d5555557
00550057
00000000
00aa00a8
2aaaaaa8
2aaaaaa8
00000000
11111113

00000000
00000000
00000000
00000000
00000000
00000000
00000000
00000000
00000000
00000000
00000000

08888888
eaaaaaab
2aaaaaa8
2aaaaaa8
ffaaffa8
00000000
ff55ff57
d5555557
d5555557
d5555557
c4444444

00000000
eaaaaaab
00000000
00000000
00000000
00000000
00000000
00000000
00000000
d5555557
00000000

2aaaaaa8
00000000
00000000
00000000
d5555557
00000000
2aaaaaa8
00000000
00000000
00000000
d5555557

22222220
00000000
00000000
00000000
2affaaff
00000000
d5ff55ff
00000000
00000000
00000000
11111113

00000000
2aaaaaa8
ffffffff
d5555557
00000000
00000000
00000000
2aaaaaa8
ffffffff
d5555557
00000000

08888888
2aaaaaa8
d5555557
2aaaaaa8
ffaaffa8
00000000
ff55ff57
d5555557
2aaaaaa8
d5555557
c4444444

00000000
00000000
00000000
00000000
00000000
00000000
00000000
00000000
00000000
00000000
00000000

2aaaaaa8
c0000003
00000000
00000000
d5555557
00000000
2aaaaaa8
00000000
00000000
00000000
d5555557

22222220
eaaaaaab
ffffffff
d5555557
2affaaff
00000000
d5ff55ff
2aaaaaa8
ffffffff
d5555557
11111113

00000000
eaaaaaab
d5555557
00000000
00000000
00000000
00000000
00000000
2aaaaaa8
d5555557
00000000

08888888
00000000
00000000
2aaaaaa8
ffaaffa8
00000000
ff55ff57
d5555557
00000000
00000000
c4444444

2a00aa00
00000000
d5555557
d5555557
00000000
00000000
00000000
2aaaaaa8
2aaaaaa8
00000000
d5005500

2aaaaaa8
eaaaaaab
ffffffff
d5555557
d5555557
00000000
2aaaaaa8
2aaaaaa8
ffffffff
d5555557
d5555557

00000000
2aaaaaa8
00000000
00000000
2affaaff
00000000
d5ff55ff
00000000
00000000
d5555557
00000000

00aa00a8
c0000003
00000000
00000000
2aaaaaa8
00000000
15555554
00000000
00000000
00000000
00550057

00000000
c0000003
d5555557
ffffffff
ffaaffa8
00000000
3f55ff54
ffffffff
2aaaaaa8
00000000
00000000

00000000
eaaaaaab
ffffffff
ffffffff
2beaabe8
3ffffffc
17d557d4
ffffffff
ffffffff
d5555557
00000000

2a00aa00
eaaaaaab
00000000
00000000
02800280
00000000
c1400143
00000000
00000000
d5555557
d5005500

2aaaaaa8
c0000003
00000000
00000000
d7d557d7
ffffffff
2beaabe8
00000000
00000000
00000000
d5555557

00000000
00000000
00000000
2aaaaaa8
00000000
00000000
00000000
d5555557
00000000
00000000
00000000

00aa00a8
2aaaaaa8
2aaaaaa8
2aaaaaa8
00550057
00ff00ff
00aa00a8
d5555557
d5555557
d5555557
00550057

00000000
2aaaaaa8
00000000
00000000
02800280
00000000
01400140
00000000
00000000
d5555557
00000000

00000000
00000000
00000000
00000000
d5005500
ff00ff00
2a00aa00
00000000
00000000
00000000
00000000

00000000
00000000
00000000
00000000
00000000
00000000
00000000
00000000
00000000
00000000
00000000

2aaaaaa8
2aaaaaa8
ffffffff
ffffffff
ffffffff
00000000
ffffffff
ffffffff
ffffffff
d5555557
d5555557

23622360
ffffffff
d5555557
d5555557
2affaaff
00000000
d5ff55ff
2aaaaaa8
2aaaaaa8
fd7ffd7f
11111113

01400140
d5555557
d5555557
d5555557
00000000
00000000
00000000
2aaaaaa8
2aaaaaa8
282aa828
00000000

08888888
00000000
00000000
00000000
d5005500
00000000
2a00aa00
00000000
00000000
00000000
c4444444

00000000
2aaaaaa8
2aaaaaa8
2aaaaaa8
2aaaaaa8
00000000
d5555557
d5555557
d5555557
d5555557
00000000

2beaabe8
ffffffff
d5555557
d5555557
ffffffff
00000000
ffffffff
2aaaaaa8
2aaaaaa8
fd7ffd7f
d5555557

22222220
00000000
d5555557
d5555557
00550057
00000000
00aa00a8
2aaaaaa8
2aaaaaa8
00000000
11111113

00000000
00000000
00000000
00000000
00000000
00000000
00000000
00000000
00000000
00000000
00000000

08888888
2aaaaaa8
2aaaaaa8
2aaaaaa8
ffaaffa8
00000000
ff55ff57
d5555557
d5555557
d5555557
c4444444

01400140
ffffffff
00000000
00000000
00000000
00000000
00000000
00000000
00000000
fd7ffd7f
00000000

2beaabe8
d5555557
00000000
00000000
d5555557
00000000
2aaaaaa8
00000000
00000000
282aa828
d5555557

22222220
00000000
00000000
00000000
2affaaff
00000000
d5ff55ff
00000000
00000000
00000000
11111113

00000000
2aaaaaa8
ffffffff
d5555557
00000000
00000000
00000000
2aaaaaa8
ffffffff
d5555557
00000000

09c889c8
ffffffff
d5555557
2aaaaaa8
ffaaffa8
00000000
ff55ff57
d5555557
2aaaaaa8
fd7ffd7f
c4444444

00000000
00000000
00000000
00000000
00000000
00000000
00000000
00000000
00000000
00000000
00000000

2beaabe8
d5555547
00000000
00000000
d5555557
00000000
2aaaaaa8
00000000
00000000
282aa828
d5555557

23622360
ffffffff
ffffffff
d5555557
2affaaff
00000000
d5ff55ff
2aaaaaa8
ffffffff
fd7ffd7f
11111113

01400140
ffffffff
d5555557
00000000
00000000
00000000
00000000
00000000
2aaaaaa8
fd7ffd7f
00000000

09c889c8
d5555557
00000000
2aaaaaa8
ffaaffa8
00000000
ff55ff57
d5555557
00000000
282aa828
c4444444

2a00aa00
00000000
d5555557
d5555557
00000000
00000000
00000000
2aaaaaa8
2aaaaaa8
00000000
d5005500

2aaaaaa8
2aaaaaa8
ffffffff
d5555557
d5555557
00000000
2aaaaaa8
2aaaaaa8
ffffffff
d5555557
d5555557

00000000
2aaaaaa8
00000000
00000000
2affaaff
00000000
d5ff55ff
00000000
00000000
d5555557
00000000

00aa00a8
00000000
00000000
00000000
00000000
00000000
00000010
00000000
00000000
00000000
00550057

01400140
d5555557
d5555557
ffffffff
d5005500
00000000
2a00aa00
ffffffdf
2aaaaaa8
282aa828
00000000

01400140
ffffffff
ffffffff
ffffffff
00000000
00000010
00000010
ffffffff
ffffffff
fd7ffd7f
00000000

2b40ab40
ffffffff
00000000
00000000
2aaaaaa8
00000000
d5555557
00000020
00000000
fd7ffd7f
d5005500

2beaabe8
d5555557
00000000
00000000
d5555557
ffffffff
2aaaaaa8
00000000
00000000
282aa828
d5555557

00000000
00000000
00000000
2aaaaaa8
00000000
00000000
00000000
d5555557
00000000
00000000
00000000

00aa00a8
2aaaaaa8
2aaaaaa8
2aaaaaa8
00550057
00ff00ff
00aa00a8
d5555557
d5555557
d5555557
00550057

01400140
ffffffff
00000000
00000000
00000000
00000000
00000000
00000000
00000000
fd7ffd7f
00000000

00000000
00000000
00000000
00000000
d5005500
ff00ff00
2a00aa00
00000000
00000000
00000000
00000000

