Timing Summary
==============

   POST-ROUTE

         Group  No. Clocks  No. Clock Pairs  WNS(ps)  TNS(ps)  TNS Endpoints      
   -----------  ----------  ---------------  -------  -------  -------------      
    <UDEF_clk>           1                1    -4370  -263438            120      




Clocks
======

            Clock    Clock net        Group  Constrained Period(ps)      Waveform(ps)   Achievable Period(ps)  Achievable Frequency(MHz)
   --------------  -----------  -----------  ----------------------  -----------------  ---------------------  -------------------------
              clk          clk   <UDEF_clk>           (auto) 2000            (0,1000)                   6369                    157.011 




Clock Relationships
===================

       From Clock        To Clock               Group    Endpoints     WNS(ps)    TNS(ps)  TNS Endpoints
   --------------  --------------  ------------------  -----------  ----------  ---------  -------------
              clk             clk          <UDEF_clk>          120       -4370    -263438            120




Timing Details for Clock Pair clk and clk
=========================================

       From Clock        To Clock               Group    Endpoints     WNS(ps)    TNS(ps)  TNS Endpoints
   --------------  --------------  ------------------  -----------  ----------  ---------  -------------
              clk             clk          <UDEF_clk>          120       -4370    -263438            120

Path 1:
   Slack (not met):                         -4370ps
     Path type:                               SETUP
     Group:                              <UDEF_clk>
     Launching clock:                           clk (rising edge)
     Capturing clock:                           clk (rising edge)

     Requested period:                       2000ps
   + Delay of the capturing clock:           2319ps
   - Clock uncertainty:                       150ps
   = Required time:                          4169ps
   - Propagation time:                       6380ps (61.4% logic, 38.6% route, logic stage 3)
   - Delay of the launching clock:           2159ps
   = Slack:                                 -4370ps

   Instance/Pin or Net Name                                              Type         ID    Location or Fanout   Delay(ps)  Edge  Arrival Time(ps)    Instance detail                                                                                     
   ---------------------------------------------------------------------------------------------------------------------------------------------------------------------------------------------------------------------------------------------------------
   clk                                                                   CLOCK-PORT    -                     -     launch     r               0                                                                                                           
   clk                                                                   Clock net     2          (fanout=352)       2159                     -                                                                                                           
   RBB_12/CLK                                                            RBB_6L       12  [TILE 0 0, RBB 1 16]          -     r            2159                                                                                                           
   ---------------------------------------------------------------------------------------------------------------------------------------------------------------------------------------------------------------------------------------------------------
   RBB_12/DMUX                                                           RBB_6L       12  [TILE 0 0, RBB 1 16]       1466     r            3625     {inst58: u_spi_target.o_rx_data_valid_FDCE_Q_CE_LUT6_O_I3_CARRY4_CO_S_INV_O_I_FDCE_Q (FDC,site=dffo)} 
   u_spi_target.o_rx_data_valid_FDCE_Q_CE_LUT6_O_I3_CARRY4_CO_S_INV_O_I  Net          51            (fanout=3)        930                     -                                                                                                           
   RBB_8/A1                                                              RBB_6L        8  [TILE 0 0, RBB 1 14]          -     r            4555                                                                                                           
   RBB_8/BMUX                                                            RBB_6L        8  [TILE 0 0, RBB 1 14]       1238     r            5793     {inst52: u_spi_target.o_rx_data_valid_FDCE_Q_CE_LUT6_O_I3_CARRY4_CO (CARRY4)}                         
   u_spi_target.o_rx_data_valid_FDCE_Q_CE_LUT6_O_I3[3]                   Net          65            (fanout=2)        872                     -                                                                                                           
   RBB_9/C6                                                              RBB_6L        9  [TILE 0 0, RBB 1 18]          -     r            6665                                                                                                           
   RBB_9/C                                                               RBB_6L        9  [TILE 0 0, RBB 1 18]        478     r            7143     {inst51: u_spi_target.o_rx_data_valid_FDCE_Q_CE_LUT6_O (LUT,site=clut,cluto)}                         
   u_spi_target.o_rx_data_valid_FDCE_Q_CE                                Net          29            (fanout=1)        662                     -                                                                                                           
   RBB_9/A6                                                              RBB_6L        9  [TILE 0 0, RBB 1 18]          -     r            7805     {<CE>inst50: u_spi_target.o_rx_data_valid_FDCE_Q (FDCE,site=dff)}                                     
   ---------------------------------------------------------------------------------------------------------------------------------------------------------------------------------------------------------------------------------------------------------
   RBB_9/CLK                                                             RBB_6L        9  [TILE 0 0, RBB 1 18]        734     r            8539                                                                                                           
   clk                                                                   Clock net     2          (fanout=352)      -2319                     -                                                                                                           
   clk                                                                   CLOCK-PORT    -                     -    capture     r            6220                                                                                                           
   ---------------------------------------------------------------------------------------------------------------------------------------------------------------------------------------------------------------------------------------------------------


Path 262:
   Slack (not met):                         -4247ps
     Path type:                               SETUP
     Group:                              <UDEF_clk>
     Launching clock:                           clk (rising edge)
     Capturing clock:                           clk (rising edge)

     Requested period:                       2000ps
   + Delay of the capturing clock:           2324ps
   - Clock uncertainty:                       150ps
   = Required time:                          4174ps
   - Propagation time:                       6103ps (58.2% logic, 41.8% route, logic stage 3)
   - Delay of the launching clock:           2318ps
   = Slack:                                 -4247ps

   Instance/Pin or Net Name          Type         ID    Location or Fanout   Delay(ps)  Edge  Arrival Time(ps)    Instance detail                                                            
   --------------------------------------------------------------------------------------------------------------------------------------------------------------------------------------------
   clk                               CLOCK-PORT    -                     -     launch     r               0                                                                                  
   clk                               Clock net     2          (fanout=352)       2318                     -                                                                                  
   RBB_10/CLK                        RBB_6L       10  [TILE 0 0, RBB 1 20]          -     r            2318                                                                                  
   --------------------------------------------------------------------------------------------------------------------------------------------------------------------------------------------
   RBB_10/DMUX                       RBB_6L       10  [TILE 0 0, RBB 1 20]       1466     r            3784     {inst37: spi_miso_en_INV_O_I_FDPE_Q (FDP,site=dffo)}                         
   spi_miso_en_INV_O_I               Net          47            (fanout=2)        957                     -                                                                                  
   RBB_12/A2                         RBB_6L       12  [TILE 0 0, RBB 1 16]          -     r            4741                                                                                  
   RBB_12/A                          RBB_6L       12  [TILE 0 0, RBB 1 16]        665     r            5406     {inst38: spi_miso_en_INV_O_I_LUT2_I0 (LUT,site=alut)}                        
   spi_miso_en_INV_O_I_LUT2_I0_O[1]  Net          46            (fanout=8)        634                     -                                                                                  
   RBB_12/C3                         RBB_6L       12  [TILE 0 0, RBB 1 16]          -     r            6040                                                                                  
   RBB_12/C                          RBB_6L       12  [TILE 0 0, RBB 1 16]        711     r            6751     {inst24: spi_miso_LUT6_I0 (LUT,site=clut,cluto)}                             
   spi_miso_FDCE_Q_D                 Net          30            (fanout=1)        960                     -                                                                                  
   RBB_3/O[0]                        IOB           3  [TILE 0 0, RBB 0 23]          -     r            7711     {inst80: spi_miso_OUT (FDC)} {(output_port) inst75: g_75_spi_miso_obuf (IO)} 
   --------------------------------------------------------------------------------------------------------------------------------------------------------------------------------------------
   RBB_3/CLK                         IOB           3  [TILE 0 0, RBB 0 23]        710     r            8421                                                                                  
   clk                               Clock net     2          (fanout=352)      -2324                     -                                                                                  
   clk                               CLOCK-PORT    -                     -    capture     r            6097                                                                                  
   --------------------------------------------------------------------------------------------------------------------------------------------------------------------------------------------


Path 113:
   Slack (not met):                         -4149ps
     Path type:                               SETUP
     Group:                              <UDEF_clk>
     Launching clock:                           clk (rising edge)
     Capturing clock:                           clk (rising edge)

     Requested period:                       2000ps
   + Delay of the capturing clock:           2318ps
   - Clock uncertainty:                       150ps
   = Required time:                          4168ps
   - Propagation time:                       5999ps (45.3% logic, 54.7% route, logic stage 2)
   - Delay of the launching clock:           2318ps
   = Slack:                                 -4149ps

   Instance/Pin or Net Name                                                Type         ID    Location or Fanout   Delay(ps)  Edge  Arrival Time(ps)    Instance detail                                                                                                                                                                                         
   ---------------------------------------------------------------------------------------------------------------------------------------------------------------------------------------------------------------------------------------------------------------------------------------------------------------------------------------------------------------
   clk                                                                     CLOCK-PORT    -                     -     launch     r               0                                                                                                                                                                                                               
   clk                                                                     Clock net     2          (fanout=352)       2318                     -                                                                                                                                                                                                               
   RBB_10/CLK                                                              RBB_6L       10  [TILE 0 0, RBB 1 20]          -     r            2318                                                                                                                                                                                                               
   ---------------------------------------------------------------------------------------------------------------------------------------------------------------------------------------------------------------------------------------------------------------------------------------------------------------------------------------------------------------
   RBB_10/DQ                                                               RBB_6L       10  [TILE 0 0, RBB 1 20]        800     r            3118     {inst54: u_spi_target.o_rx_data_valid_FDCE_Q_CE_LUT6_O_I3_CARRY4_CO_O_1_LUT4_I3_O_FDCE_D (FDC,site=dff)}                                                                                                  
   u_spi_target.o_rx_data_valid_FDCE_Q_CE_LUT6_O_I3_LUT5_I4_O_FDCE_D_Q[1]  Net          37            (fanout=5)       1786                     -                                                                                                                                                                                                               
   RBB_8/C1                                                                RBB_6L        8  [TILE 0 0, RBB 1 14]          -     r            4904                                                                                                                                                                                                               
   RBB_8/CQ                                                                RBB_6L        8  [TILE 0 0, RBB 1 14]       1056     r            5960     {inst52: u_spi_target.o_rx_data_valid_FDCE_Q_CE_LUT6_O_I3_CARRY4_CO (CARRY4)}                                                                                                                             
   u_spi_target.o_rx_data_valid_FDCE_Q_CE_LUT6_O_I3_CARRY4_CO_O_1[1]       Net          87            (fanout=1)       1493                     -                                                                                                                                                                                                               
   RBB_10/D4                                                               RBB_6L       10  [TILE 0 0, RBB 1 20]          -     r            7453     {inst53: u_spi_target.o_rx_data_valid_FDCE_Q_CE_LUT6_O_I3_CARRY4_CO_O_1_LUT4_I3 (LUT,site=dlut)} {inst54: u_spi_target.o_rx_data_valid_FDCE_Q_CE_LUT6_O_I3_CARRY4_CO_O_1_LUT4_I3_O_FDCE_D (FDC,site=dff)} 
   ---------------------------------------------------------------------------------------------------------------------------------------------------------------------------------------------------------------------------------------------------------------------------------------------------------------------------------------------------------------
   RBB_10/CLK                                                              RBB_6L       10  [TILE 0 0, RBB 1 20]        864     r            8317                                                                                                                                                                                                               
   clk                                                                     Clock net     2          (fanout=352)      -2318                     -                                                                                                                                                                                                               
   clk                                                                     CLOCK-PORT    -                     -    capture     r            5999                                                                                                                                                                                                               
   ---------------------------------------------------------------------------------------------------------------------------------------------------------------------------------------------------------------------------------------------------------------------------------------------------------------------------------------------------------------


Path 3:
   Slack (not met):                         -4129ps
     Path type:                               SETUP
     Group:                              <UDEF_clk>
     Launching clock:                           clk (rising edge)
     Capturing clock:                           clk (rising edge)

     Requested period:                       2000ps
   + Delay of the capturing clock:           2159ps
   - Clock uncertainty:                       150ps
   = Required time:                          4009ps
   - Propagation time:                       5979ps (60.9% logic, 39.1% route, logic stage 2)
   - Delay of the launching clock:           2159ps
   = Slack:                                 -4129ps

   Instance/Pin or Net Name                                              Type         ID    Location or Fanout   Delay(ps)  Edge  Arrival Time(ps)    Instance detail                                                                                                                                                                                         
   -------------------------------------------------------------------------------------------------------------------------------------------------------------------------------------------------------------------------------------------------------------------------------------------------------------------------------------------------------------
   clk                                                                   CLOCK-PORT    -                     -     launch     r               0                                                                                                                                                                                                               
   clk                                                                   Clock net     2          (fanout=352)       2159                     -                                                                                                                                                                                                               
   RBB_12/CLK                                                            RBB_6L       12  [TILE 0 0, RBB 1 16]          -     r            2159                                                                                                                                                                                                               
   -------------------------------------------------------------------------------------------------------------------------------------------------------------------------------------------------------------------------------------------------------------------------------------------------------------------------------------------------------------
   RBB_12/DMUX                                                           RBB_6L       12  [TILE 0 0, RBB 1 16]       1466     r            3625     {inst58: u_spi_target.o_rx_data_valid_FDCE_Q_CE_LUT6_O_I3_CARRY4_CO_S_INV_O_I_FDCE_Q (FDC,site=dffo)}                                                                                                     
   u_spi_target.o_rx_data_valid_FDCE_Q_CE_LUT6_O_I3_CARRY4_CO_S_INV_O_I  Net          51            (fanout=3)        930                     -                                                                                                                                                                                                               
   RBB_8/A1                                                              RBB_6L        8  [TILE 0 0, RBB 1 14]          -     r            4555                                                                                                                                                                                                               
   RBB_8/BQ                                                              RBB_6L        8  [TILE 0 0, RBB 1 14]       1276     r            5831     {inst52: u_spi_target.o_rx_data_valid_FDCE_Q_CE_LUT6_O_I3_CARRY4_CO (CARRY4)}                                                                                                                             
   u_spi_target.o_rx_data_valid_FDCE_Q_CE_LUT6_O_I3_CARRY4_CO_O_2[1]     Net          73            (fanout=1)       1408                     -                                                                                                                                                                                                               
   RBB_12/D3                                                             RBB_6L       12  [TILE 0 0, RBB 1 16]          -     r            7239     {inst55: u_spi_target.o_rx_data_valid_FDCE_Q_CE_LUT6_O_I3_CARRY4_CO_O_2_LUT4_I3 (LUT,site=dlut)} {inst56: u_spi_target.o_rx_data_valid_FDCE_Q_CE_LUT6_O_I3_CARRY4_CO_O_2_LUT4_I3_O_FDCE_D (FDC,site=dff)} 
   -------------------------------------------------------------------------------------------------------------------------------------------------------------------------------------------------------------------------------------------------------------------------------------------------------------------------------------------------------------
   RBB_12/CLK                                                            RBB_6L       12  [TILE 0 0, RBB 1 16]        899     r            8138                                                                                                                                                                                                               
   clk                                                                   Clock net     2          (fanout=352)      -2159                     -                                                                                                                                                                                                               
   clk                                                                   CLOCK-PORT    -                     -    capture     r            5979                                                                                                                                                                                                               
   -------------------------------------------------------------------------------------------------------------------------------------------------------------------------------------------------------------------------------------------------------------------------------------------------------------------------------------------------------------


Path 23:
   Slack (not met):                         -3701ps
     Path type:                               SETUP
     Group:                              <UDEF_clk>
     Launching clock:                           clk (rising edge)
     Capturing clock:                           clk (rising edge)

     Requested period:                       2000ps
   + Delay of the capturing clock:           2311ps
   - Clock uncertainty:                       150ps
   = Required time:                          4161ps
   - Propagation time:                       5544ps (59.1% logic, 40.9% route, logic stage 3)
   - Delay of the launching clock:           2318ps
   = Slack:                                 -3701ps

   Instance/Pin or Net Name       Type         ID    Location or Fanout   Delay(ps)  Edge  Arrival Time(ps)    Instance detail                                                             
   ------------------------------------------------------------------------------------------------------------------------------------------------------------------------------------------
   clk                            CLOCK-PORT    -                     -     launch     r               0                                                                                   
   clk                            Clock net     2          (fanout=352)       2318                     -                                                                                   
   RBB_10/CLK                     RBB_6L       10  [TILE 0 0, RBB 1 20]          -     r            2318                                                                                   
   ------------------------------------------------------------------------------------------------------------------------------------------------------------------------------------------
   RBB_10/CMUX                    RBB_6L       10  [TILE 0 0, RBB 1 20]       1380     r            3698     {inst49: u_spi_target.o_rx_data_valid_FDCE_D (FDC,site=cffo)}                 
   rx_data_strobe_LUT2_O_I1[1]    Net          52            (fanout=1)       1040                     -                                                                                   
   RBB_9/A2                       RBB_6L        9  [TILE 0 0, RBB 1 18]          -     r            4738                                                                                   
   RBB_9/A                        RBB_6L        9  [TILE 0 0, RBB 1 18]        759     r            5497     {inst22: rx_data_strobe_LUT2_O (LUT,site=alut)}                               
   u_spi_target.o_rx_data_strobe  Net          17            (fanout=1)       1228                     -                                                                                   
   RBB_6/A6                       RBB_6L        6  [TILE 0 0, RBB 1 22]          -     r            6725                                                                                   
   RBB_6/CEout                    RBB_6L        6  [TILE 0 0, RBB 1 22]          2     r            6727                                                                                   
   u_spi_target.o_rx_data_strobe  Net          17            (fanout=1)          0                     -                                                                                   
   RBB_7/CEin                     RBB_6L        7  [TILE 0 0, RBB 4 22]          -     r            6727     {<CE>inst29: spi_miso_LUT6_I0_I1_FDCE_Q_D_LUT6_O_I1_FDCE_Q_1 (FDCE,site=cff)} 
   ------------------------------------------------------------------------------------------------------------------------------------------------------------------------------------------
   RBB_7/CLK                      RBB_6L        7  [TILE 0 0, RBB 4 22]       1135     r            7862                                                                                   
   clk                            Clock net     2          (fanout=352)      -2311                     -                                                                                   
   clk                            CLOCK-PORT    -                     -    capture     r            5551                                                                                   
   ------------------------------------------------------------------------------------------------------------------------------------------------------------------------------------------


Path 21:
   Slack (not met):                         -3701ps
     Path type:                               SETUP
     Group:                              <UDEF_clk>
     Launching clock:                           clk (rising edge)
     Capturing clock:                           clk (rising edge)

     Requested period:                       2000ps
   + Delay of the capturing clock:           2311ps
   - Clock uncertainty:                       150ps
   = Required time:                          4161ps
   - Propagation time:                       5544ps (59.1% logic, 40.9% route, logic stage 3)
   - Delay of the launching clock:           2318ps
   = Slack:                                 -3701ps

   Instance/Pin or Net Name       Type         ID    Location or Fanout   Delay(ps)  Edge  Arrival Time(ps)    Instance detail                                             
   --------------------------------------------------------------------------------------------------------------------------------------------------------------------------
   clk                            CLOCK-PORT    -                     -     launch     r               0                                                                   
   clk                            Clock net     2          (fanout=352)       2318                     -                                                                   
   RBB_10/CLK                     RBB_6L       10  [TILE 0 0, RBB 1 20]          -     r            2318                                                                   
   --------------------------------------------------------------------------------------------------------------------------------------------------------------------------
   RBB_10/CMUX                    RBB_6L       10  [TILE 0 0, RBB 1 20]       1380     r            3698     {inst49: u_spi_target.o_rx_data_valid_FDCE_D (FDC,site=cffo)} 
   rx_data_strobe_LUT2_O_I1[1]    Net          52            (fanout=1)       1040                     -                                                                   
   RBB_9/A2                       RBB_6L        9  [TILE 0 0, RBB 1 18]          -     r            4738                                                                   
   RBB_9/A                        RBB_6L        9  [TILE 0 0, RBB 1 18]        759     r            5497     {inst22: rx_data_strobe_LUT2_O (LUT,site=alut)}               
   u_spi_target.o_rx_data_strobe  Net          17            (fanout=1)       1228                     -                                                                   
   RBB_6/A6                       RBB_6L        6  [TILE 0 0, RBB 1 22]          -     r            6725                                                                   
   RBB_6/CEout                    RBB_6L        6  [TILE 0 0, RBB 1 22]          2     r            6727                                                                   
   u_spi_target.o_rx_data_strobe  Net          17            (fanout=1)          0                     -                                                                   
   RBB_7/CEin                     RBB_6L        7  [TILE 0 0, RBB 4 22]          -     r            6727     {<CE>inst26: spi_miso_LUT6_I0_I1_FDCE_Q_1 (FDCE,site=dff)}    
   --------------------------------------------------------------------------------------------------------------------------------------------------------------------------
   RBB_7/CLK                      RBB_6L        7  [TILE 0 0, RBB 4 22]       1135     r            7862                                                                   
   clk                            Clock net     2          (fanout=352)      -2311                     -                                                                   
   clk                            CLOCK-PORT    -                     -    capture     r            5551                                                                   
   --------------------------------------------------------------------------------------------------------------------------------------------------------------------------


Path 22:
   Slack (not met):                         -3701ps
     Path type:                               SETUP
     Group:                              <UDEF_clk>
     Launching clock:                           clk (rising edge)
     Capturing clock:                           clk (rising edge)

     Requested period:                       2000ps
   + Delay of the capturing clock:           2311ps
   - Clock uncertainty:                       150ps
   = Required time:                          4161ps
   - Propagation time:                       5544ps (59.1% logic, 40.9% route, logic stage 3)
   - Delay of the launching clock:           2318ps
   = Slack:                                 -3701ps

   Instance/Pin or Net Name       Type         ID    Location or Fanout   Delay(ps)  Edge  Arrival Time(ps)    Instance detail                                             
   --------------------------------------------------------------------------------------------------------------------------------------------------------------------------
   clk                            CLOCK-PORT    -                     -     launch     r               0                                                                   
   clk                            Clock net     2          (fanout=352)       2318                     -                                                                   
   RBB_10/CLK                     RBB_6L       10  [TILE 0 0, RBB 1 20]          -     r            2318                                                                   
   --------------------------------------------------------------------------------------------------------------------------------------------------------------------------
   RBB_10/CMUX                    RBB_6L       10  [TILE 0 0, RBB 1 20]       1380     r            3698     {inst49: u_spi_target.o_rx_data_valid_FDCE_D (FDC,site=cffo)} 
   rx_data_strobe_LUT2_O_I1[1]    Net          52            (fanout=1)       1040                     -                                                                   
   RBB_9/A2                       RBB_6L        9  [TILE 0 0, RBB 1 18]          -     r            4738                                                                   
   RBB_9/A                        RBB_6L        9  [TILE 0 0, RBB 1 18]        759     r            5497     {inst22: rx_data_strobe_LUT2_O (LUT,site=alut)}               
   u_spi_target.o_rx_data_strobe  Net          17            (fanout=1)       1228                     -                                                                   
   RBB_6/A6                       RBB_6L        6  [TILE 0 0, RBB 1 22]          -     r            6725                                                                   
   RBB_6/CEout                    RBB_6L        6  [TILE 0 0, RBB 1 22]          2     r            6727                                                                   
   u_spi_target.o_rx_data_strobe  Net          17            (fanout=1)          0                     -                                                                   
   RBB_7/CEin                     RBB_6L        7  [TILE 0 0, RBB 4 22]          -     r            6727     {<CE>inst11: rx_data_strobe_FDCE_CE (FDCE,site=aff)}          
   --------------------------------------------------------------------------------------------------------------------------------------------------------------------------
   RBB_7/CLK                      RBB_6L        7  [TILE 0 0, RBB 4 22]       1135     r            7862                                                                   
   clk                            Clock net     2          (fanout=352)      -2311                     -                                                                   
   clk                            CLOCK-PORT    -                     -    capture     r            5551                                                                   
   --------------------------------------------------------------------------------------------------------------------------------------------------------------------------


Path 20:
   Slack (not met):                         -3701ps
     Path type:                               SETUP
     Group:                              <UDEF_clk>
     Launching clock:                           clk (rising edge)
     Capturing clock:                           clk (rising edge)

     Requested period:                       2000ps
   + Delay of the capturing clock:           2311ps
   - Clock uncertainty:                       150ps
   = Required time:                          4161ps
   - Propagation time:                       5544ps (59.1% logic, 40.9% route, logic stage 3)
   - Delay of the launching clock:           2318ps
   = Slack:                                 -3701ps

   Instance/Pin or Net Name       Type         ID    Location or Fanout   Delay(ps)  Edge  Arrival Time(ps)    Instance detail                                                                                
   -------------------------------------------------------------------------------------------------------------------------------------------------------------------------------------------------------------
   clk                            CLOCK-PORT    -                     -     launch     r               0                                                                                                      
   clk                            Clock net     2          (fanout=352)       2318                     -                                                                                                      
   RBB_10/CLK                     RBB_6L       10  [TILE 0 0, RBB 1 20]          -     r            2318                                                                                                      
   -------------------------------------------------------------------------------------------------------------------------------------------------------------------------------------------------------------
   RBB_10/CMUX                    RBB_6L       10  [TILE 0 0, RBB 1 20]       1380     r            3698     {inst49: u_spi_target.o_rx_data_valid_FDCE_D (FDC,site=cffo)}                                    
   rx_data_strobe_LUT2_O_I1[1]    Net          52            (fanout=1)       1040                     -                                                                                                      
   RBB_9/A2                       RBB_6L        9  [TILE 0 0, RBB 1 18]          -     r            4738                                                                                                      
   RBB_9/A                        RBB_6L        9  [TILE 0 0, RBB 1 18]        759     r            5497     {inst22: rx_data_strobe_LUT2_O (LUT,site=alut)}                                                  
   u_spi_target.o_rx_data_strobe  Net          17            (fanout=1)       1228                     -                                                                                                      
   RBB_6/A6                       RBB_6L        6  [TILE 0 0, RBB 1 22]          -     r            6725                                                                                                      
   RBB_6/CEout                    RBB_6L        6  [TILE 0 0, RBB 1 22]          2     r            6727                                                                                                      
   u_spi_target.o_rx_data_strobe  Net          17            (fanout=1)          0                     -                                                                                                      
   RBB_7/CEin                     RBB_6L        7  [TILE 0 0, RBB 4 22]          -     r            6727     {<CE>inst32: spi_miso_LUT6_I0_I1_FDCE_Q_D_LUT6_O_I1_FDCE_Q_D_LUT6_O_I1_FDCE_Q_1 (FDCE,site=bff)} 
   -------------------------------------------------------------------------------------------------------------------------------------------------------------------------------------------------------------
   RBB_7/CLK                      RBB_6L        7  [TILE 0 0, RBB 4 22]       1135     r            7862                                                                                                      
   clk                            Clock net     2          (fanout=352)      -2311                     -                                                                                                      
   clk                            CLOCK-PORT    -                     -    capture     r            5551                                                                                                      
   -------------------------------------------------------------------------------------------------------------------------------------------------------------------------------------------------------------


Path 11:
   Slack (not met):                         -3668ps
     Path type:                               SETUP
     Group:                              <UDEF_clk>
     Launching clock:                           clk (rising edge)
     Capturing clock:                           clk (rising edge)

     Requested period:                       2000ps
   + Delay of the capturing clock:           2325ps
   - Clock uncertainty:                       150ps
   = Required time:                          4175ps
   - Propagation time:                       5525ps (59.0% logic, 41.0% route, logic stage 2)
   - Delay of the launching clock:           2318ps
   = Slack:                                 -3668ps

   Instance/Pin or Net Name       Type         ID    Location or Fanout   Delay(ps)  Edge  Arrival Time(ps)    Instance detail                                             
   --------------------------------------------------------------------------------------------------------------------------------------------------------------------------
   clk                            CLOCK-PORT    -                     -     launch     r               0                                                                   
   clk                            Clock net     2          (fanout=352)       2318                     -                                                                   
   RBB_10/CLK                     RBB_6L       10  [TILE 0 0, RBB 1 20]          -     r            2318                                                                   
   --------------------------------------------------------------------------------------------------------------------------------------------------------------------------
   RBB_10/CMUX                    RBB_6L       10  [TILE 0 0, RBB 1 20]       1380     r            3698     {inst49: u_spi_target.o_rx_data_valid_FDCE_D (FDC,site=cffo)} 
   rx_data_strobe_LUT2_O_I1[1]    Net          52            (fanout=1)       1040                     -                                                                   
   RBB_9/A2                       RBB_6L        9  [TILE 0 0, RBB 1 18]          -     r            4738                                                                   
   RBB_9/A                        RBB_6L        9  [TILE 0 0, RBB 1 18]        759     r            5497     {inst22: rx_data_strobe_LUT2_O (LUT,site=alut)}               
   u_spi_target.o_rx_data_strobe  Net          17            (fanout=1)       1228                     -                                                                   
   RBB_6/A6                       RBB_6L        6  [TILE 0 0, RBB 1 22]          -     r            6725     {<CE>inst12: rx_data_strobe_FDCE_CE_1 (FDCE,site=dff)}        
   --------------------------------------------------------------------------------------------------------------------------------------------------------------------------
   RBB_6/CLK                      RBB_6L        6  [TILE 0 0, RBB 1 22]       1118     r            7843                                                                   
   clk                            Clock net     2          (fanout=352)      -2325                     -                                                                   
   clk                            CLOCK-PORT    -                     -    capture     r            5518                                                                   
   --------------------------------------------------------------------------------------------------------------------------------------------------------------------------


Path 19:
   Slack (not met):                         -3604ps
     Path type:                               SETUP
     Group:                              <UDEF_clk>
     Launching clock:                           clk (rising edge)
     Capturing clock:                           clk (rising edge)

     Requested period:                       2000ps
   + Delay of the capturing clock:           2325ps
   - Clock uncertainty:                       150ps
   = Required time:                          4175ps
   - Propagation time:                       5461ps (58.5% logic, 41.5% route, logic stage 2)
   - Delay of the launching clock:           2318ps
   = Slack:                                 -3604ps

   Instance/Pin or Net Name       Type         ID    Location or Fanout   Delay(ps)  Edge  Arrival Time(ps)    Instance detail                                             
   --------------------------------------------------------------------------------------------------------------------------------------------------------------------------
   clk                            CLOCK-PORT    -                     -     launch     r               0                                                                   
   clk                            Clock net     2          (fanout=352)       2318                     -                                                                   
   RBB_10/CLK                     RBB_6L       10  [TILE 0 0, RBB 1 20]          -     r            2318                                                                   
   --------------------------------------------------------------------------------------------------------------------------------------------------------------------------
   RBB_10/CMUX                    RBB_6L       10  [TILE 0 0, RBB 1 20]       1380     r            3698     {inst49: u_spi_target.o_rx_data_valid_FDCE_D (FDC,site=cffo)} 
   rx_data_strobe_LUT2_O_I1[1]    Net          52            (fanout=1)       1040                     -                                                                   
   RBB_9/A2                       RBB_6L        9  [TILE 0 0, RBB 1 18]          -     r            4738                                                                   
   RBB_9/A                        RBB_6L        9  [TILE 0 0, RBB 1 18]        759     r            5497     {inst22: rx_data_strobe_LUT2_O (LUT,site=alut)}               
   u_spi_target.o_rx_data_strobe  Net          17            (fanout=1)       1228                     -                                                                   
   RBB_6/A6                       RBB_6L        6  [TILE 0 0, RBB 1 22]          -     r            6725     {<CE>inst15: rx_data_strobe_FDCE_CE_2 (FDCE,site=cff)}        
   --------------------------------------------------------------------------------------------------------------------------------------------------------------------------
   RBB_6/CLK                      RBB_6L        6  [TILE 0 0, RBB 1 22]       1054     r            7779                                                                   
   clk                            Clock net     2          (fanout=352)      -2325                     -                                                                   
   clk                            CLOCK-PORT    -                     -    capture     r            5454                                                                   
   --------------------------------------------------------------------------------------------------------------------------------------------------------------------------


Path 24:
   Slack (not met):                         -3434ps
     Path type:                               SETUP
     Group:                              <UDEF_clk>
     Launching clock:                           clk (rising edge)
     Capturing clock:                           clk (rising edge)

     Requested period:                       2000ps
   + Delay of the capturing clock:           2325ps
   - Clock uncertainty:                       150ps
   = Required time:                          4175ps
   - Propagation time:                       5291ps (57.1% logic, 42.9% route, logic stage 2)
   - Delay of the launching clock:           2318ps
   = Slack:                                 -3434ps

   Instance/Pin or Net Name       Type         ID    Location or Fanout   Delay(ps)  Edge  Arrival Time(ps)    Instance detail                                             
   --------------------------------------------------------------------------------------------------------------------------------------------------------------------------
   clk                            CLOCK-PORT    -                     -     launch     r               0                                                                   
   clk                            Clock net     2          (fanout=352)       2318                     -                                                                   
   RBB_10/CLK                     RBB_6L       10  [TILE 0 0, RBB 1 20]          -     r            2318                                                                   
   --------------------------------------------------------------------------------------------------------------------------------------------------------------------------
   RBB_10/CMUX                    RBB_6L       10  [TILE 0 0, RBB 1 20]       1380     r            3698     {inst49: u_spi_target.o_rx_data_valid_FDCE_D (FDC,site=cffo)} 
   rx_data_strobe_LUT2_O_I1[1]    Net          52            (fanout=1)       1040                     -                                                                   
   RBB_9/A2                       RBB_6L        9  [TILE 0 0, RBB 1 18]          -     r            4738                                                                   
   RBB_9/A                        RBB_6L        9  [TILE 0 0, RBB 1 18]        759     r            5497     {inst22: rx_data_strobe_LUT2_O (LUT,site=alut)}               
   u_spi_target.o_rx_data_strobe  Net          17            (fanout=1)       1228                     -                                                                   
   RBB_6/A6                       RBB_6L        6  [TILE 0 0, RBB 1 22]          -     r            6725     {<CE>inst18: rx_data_strobe_FDCE_CE_3 (FDCE,site=bff)}        
   --------------------------------------------------------------------------------------------------------------------------------------------------------------------------
   RBB_6/CLK                      RBB_6L        6  [TILE 0 0, RBB 1 22]        884     r            7609                                                                   
   clk                            Clock net     2          (fanout=352)      -2325                     -                                                                   
   clk                            CLOCK-PORT    -                     -    capture     r            5284                                                                   
   --------------------------------------------------------------------------------------------------------------------------------------------------------------------------


Path 35:
   Slack (not met):                         -3426ps
     Path type:                               SETUP
     Group:                              <UDEF_clk>
     Launching clock:                           clk (rising edge)
     Capturing clock:                           clk (rising edge)

     Requested period:                       2000ps
   + Delay of the capturing clock:           2325ps
   - Clock uncertainty:                       150ps
   = Required time:                          4175ps
   - Propagation time:                       5283ps (57.1% logic, 42.9% route, logic stage 2)
   - Delay of the launching clock:           2318ps
   = Slack:                                 -3426ps

   Instance/Pin or Net Name       Type         ID    Location or Fanout   Delay(ps)  Edge  Arrival Time(ps)    Instance detail                                             
   --------------------------------------------------------------------------------------------------------------------------------------------------------------------------
   clk                            CLOCK-PORT    -                     -     launch     r               0                                                                   
   clk                            Clock net     2          (fanout=352)       2318                     -                                                                   
   RBB_10/CLK                     RBB_6L       10  [TILE 0 0, RBB 1 20]          -     r            2318                                                                   
   --------------------------------------------------------------------------------------------------------------------------------------------------------------------------
   RBB_10/CMUX                    RBB_6L       10  [TILE 0 0, RBB 1 20]       1380     r            3698     {inst49: u_spi_target.o_rx_data_valid_FDCE_D (FDC,site=cffo)} 
   rx_data_strobe_LUT2_O_I1[1]    Net          52            (fanout=1)       1040                     -                                                                   
   RBB_9/A2                       RBB_6L        9  [TILE 0 0, RBB 1 18]          -     r            4738                                                                   
   RBB_9/A                        RBB_6L        9  [TILE 0 0, RBB 1 18]        759     r            5497     {inst22: rx_data_strobe_LUT2_O (LUT,site=alut)}               
   u_spi_target.o_rx_data_strobe  Net          17            (fanout=1)       1228                     -                                                                   
   RBB_6/A6                       RBB_6L        6  [TILE 0 0, RBB 1 22]          -     r            6725     {<CE>inst20: rx_data_strobe_FDCE_CE_4 (FDCE,site=aff)}        
   --------------------------------------------------------------------------------------------------------------------------------------------------------------------------
   RBB_6/CLK                      RBB_6L        6  [TILE 0 0, RBB 1 22]        876     r            7601                                                                   
   clk                            Clock net     2          (fanout=352)      -2325                     -                                                                   
   clk                            CLOCK-PORT    -                     -    capture     r            5276                                                                   
   --------------------------------------------------------------------------------------------------------------------------------------------------------------------------


Path 16:
   Slack (not met):                         -3314ps
     Path type:                               SETUP
     Group:                              <UDEF_clk>
     Launching clock:                           clk (rising edge)
     Capturing clock:                           clk (rising edge)

     Requested period:                       2000ps
   + Delay of the capturing clock:           2311ps
   - Clock uncertainty:                       150ps
   = Required time:                          4161ps
   - Propagation time:                       5157ps (56.6% logic, 43.4% route, logic stage 2)
   - Delay of the launching clock:           2318ps
   = Slack:                                 -3314ps

   Instance/Pin or Net Name              Type         ID    Location or Fanout   Delay(ps)  Edge  Arrival Time(ps)    Instance detail                                                  
   --------------------------------------------------------------------------------------------------------------------------------------------------------------------------------------
   clk                                   CLOCK-PORT    -                     -     launch     r               0                                                                        
   clk                                   Clock net     2          (fanout=352)       2318                     -                                                                        
   RBB_14/CLK                            RBB_6L       14  [TILE 0 0, RBB 4 18]          -     r            2318                                                                        
   --------------------------------------------------------------------------------------------------------------------------------------------------------------------------------------
   RBB_14/DMUX                           RBB_6L       14  [TILE 0 0, RBB 4 18]       1333     r            3651     {inst70: u_spi_target.w_sck_edge_LUT2_O_I0_FDCE_Q (FDC,site=dffo)} 
   u_spi_target.w_sck_edge_LUT2_O_I0[0]  Net          68            (fanout=2)        871                     -                                                                        
   RBB_9/D1                              RBB_6L        9  [TILE 0 0, RBB 1 18]          -     r            4522                                                                        
   RBB_9/DMUX                            RBB_6L        9  [TILE 0 0, RBB 1 18]        608     r            5130     {inst69: u_spi_target.w_sck_edge_LUT2_O (LUT,site=dluto)}          
   u_spi_target.w_sck_edge               Net          22            (fanout=8)       1365                     -                                                                        
   RBB_15/A6                             RBB_6L       15  [TILE 0 0, RBB 4 24]          -     r            6495     {<CE>inst68: u_spi_target.w_sck_edge_FDCE_CE (FDCE,site=dff)}      
   --------------------------------------------------------------------------------------------------------------------------------------------------------------------------------------
   RBB_15/CLK                            RBB_6L       15  [TILE 0 0, RBB 4 24]        980     r            7475                                                                        
   clk                                   Clock net     2          (fanout=352)      -2311                     -                                                                        
   clk                                   CLOCK-PORT    -                     -    capture     r            5164                                                                        
   --------------------------------------------------------------------------------------------------------------------------------------------------------------------------------------


Path 28:
   Slack (not met):                         -3221ps
     Path type:                               SETUP
     Group:                              <UDEF_clk>
     Launching clock:                           clk (rising edge)
     Capturing clock:                           clk (rising edge)

     Requested period:                       2000ps
   + Delay of the capturing clock:           2318ps
   - Clock uncertainty:                       150ps
   = Required time:                          4168ps
   - Propagation time:                       5230ps (56.0% logic, 44.0% route, logic stage 2)
   - Delay of the launching clock:           2159ps
   = Slack:                                 -3221ps

   Instance/Pin or Net Name          Type         ID    Location or Fanout   Delay(ps)  Edge  Arrival Time(ps)    Instance detail                                                                                                                     
   -----------------------------------------------------------------------------------------------------------------------------------------------------------------------------------------------------------------------------------------------------
   clk                               CLOCK-PORT    -                     -     launch     r               0                                                                                                                                           
   clk                               Clock net     2          (fanout=352)       2159                     -                                                                                                                                           
   RBB_12/CLK                        RBB_6L       12  [TILE 0 0, RBB 1 16]          -     r            2159                                                                                                                                           
   -----------------------------------------------------------------------------------------------------------------------------------------------------------------------------------------------------------------------------------------------------
   RBB_12/CMUX                       RBB_6L       12  [TILE 0 0, RBB 1 16]       1380     r            3539     {inst64: u_spi_target.r_sck_sync_FDCE_Q (FDC,site=cffo)}                                                                              
   u_spi_target.r_sck_sync[1]        Net          21            (fanout=3)        964                     -                                                                                                                                           
   RBB_14/A2                         RBB_6L       14  [TILE 0 0, RBB 4 18]          -     r            4503                                                                                                                                           
   RBB_14/A                          RBB_6L       14  [TILE 0 0, RBB 4 18]        653     r            5156     {inst71: u_spi_target.w_sck_edge_LUT2_O_I0_LUT2_I0 (LUT,site=alut)}                                                                   
   spi_miso_en_INV_O_I_LUT2_I0_O[0]  Net          45            (fanout=8)       1338                     -                                                                                                                                           
   RBB_10/C5                         RBB_6L       10  [TILE 0 0, RBB 1 20]          -     r            6494     {inst14: rx_data_strobe_FDCE_CE_1_Q_FDCE_Q_D_LUT6_O (LUT,site=clut,cluto)} {inst13: rx_data_strobe_FDCE_CE_1_Q_FDCE_Q (FDC,site=cff)} 
   -----------------------------------------------------------------------------------------------------------------------------------------------------------------------------------------------------------------------------------------------------
   RBB_10/CLK                        RBB_6L       10  [TILE 0 0, RBB 1 20]        895     r            7389                                                                                                                                           
   clk                               Clock net     2          (fanout=352)      -2318                     -                                                                                                                                           
   clk                               CLOCK-PORT    -                     -    capture     r            5071                                                                                                                                           
   -----------------------------------------------------------------------------------------------------------------------------------------------------------------------------------------------------------------------------------------------------


Path 32:
   Slack (not met):                         -3216ps
     Path type:                               SETUP
     Group:                              <UDEF_clk>
     Launching clock:                           clk (rising edge)
     Capturing clock:                           clk (rising edge)

     Requested period:                       2000ps
   + Delay of the capturing clock:           2318ps
   - Clock uncertainty:                       150ps
   = Required time:                          4168ps
   - Propagation time:                       5225ps (55.9% logic, 44.1% route, logic stage 2)
   - Delay of the launching clock:           2159ps
   = Slack:                                 -3216ps

   Instance/Pin or Net Name          Type         ID    Location or Fanout   Delay(ps)  Edge  Arrival Time(ps)    Instance detail                                                                                                       
   ---------------------------------------------------------------------------------------------------------------------------------------------------------------------------------------------------------------------------------------
   clk                               CLOCK-PORT    -                     -     launch     r               0                                                                                                                             
   clk                               Clock net     2          (fanout=352)       2159                     -                                                                                                                             
   RBB_12/CLK                        RBB_6L       12  [TILE 0 0, RBB 1 16]          -     r            2159                                                                                                                             
   ---------------------------------------------------------------------------------------------------------------------------------------------------------------------------------------------------------------------------------------
   RBB_12/CMUX                       RBB_6L       12  [TILE 0 0, RBB 1 16]       1380     r            3539     {inst64: u_spi_target.r_sck_sync_FDCE_Q (FDC,site=cffo)}                                                                
   u_spi_target.r_sck_sync[1]        Net          21            (fanout=3)        964                     -                                                                                                                             
   RBB_14/A2                         RBB_6L       14  [TILE 0 0, RBB 4 18]          -     r            4503                                                                                                                             
   RBB_14/A                          RBB_6L       14  [TILE 0 0, RBB 4 18]        653     r            5156     {inst71: u_spi_target.w_sck_edge_LUT2_O_I0_LUT2_I0 (LUT,site=alut)}                                                     
   spi_miso_en_INV_O_I_LUT2_I0_O[0]  Net          45            (fanout=8)       1338                     -                                                                                                                             
   RBB_10/A5                         RBB_6L       10  [TILE 0 0, RBB 1 20]          -     r            6494     {inst21: rx_data_strobe_FDCE_CE_4_Q_LUT5_I1 (LUT,site=alut)} {inst19: rx_data_strobe_FDCE_CE_3_Q_FDCE_Q (FDC,site=aff)} 
   ---------------------------------------------------------------------------------------------------------------------------------------------------------------------------------------------------------------------------------------
   RBB_10/CLK                        RBB_6L       10  [TILE 0 0, RBB 1 20]        890     r            7384                                                                                                                             
   clk                               Clock net     2          (fanout=352)      -2318                     -                                                                                                                             
   clk                               CLOCK-PORT    -                     -    capture     r            5066                                                                                                                             
   ---------------------------------------------------------------------------------------------------------------------------------------------------------------------------------------------------------------------------------------


Path 4:
   Slack (not met):                         -3205ps
     Path type:                               SETUP
     Group:                              <UDEF_clk>
     Launching clock:                           clk (rising edge)
     Capturing clock:                           clk (rising edge)

     Requested period:                       2000ps
   + Delay of the capturing clock:           2312ps
   - Clock uncertainty:                       150ps
   = Required time:                          4162ps
   - Propagation time:                       5208ps (69.1% logic, 30.9% route, logic stage 2)
   - Delay of the launching clock:           2159ps
   = Slack:                                 -3205ps

   Instance/Pin or Net Name                                              Type         ID    Location or Fanout   Delay(ps)  Edge  Arrival Time(ps)    Instance detail                                                                                                                                                             
   ---------------------------------------------------------------------------------------------------------------------------------------------------------------------------------------------------------------------------------------------------------------------------------------------------------------------------------
   clk                                                                   CLOCK-PORT    -                     -     launch     r               0                                                                                                                                                                                   
   clk                                                                   Clock net     2          (fanout=352)       2159                     -                                                                                                                                                                                   
   RBB_12/CLK                                                            RBB_6L       12  [TILE 0 0, RBB 1 16]          -     r            2159                                                                                                                                                                                   
   ---------------------------------------------------------------------------------------------------------------------------------------------------------------------------------------------------------------------------------------------------------------------------------------------------------------------------------
   RBB_12/DMUX                                                           RBB_6L       12  [TILE 0 0, RBB 1 16]       1466     r            3625     {inst58: u_spi_target.o_rx_data_valid_FDCE_Q_CE_LUT6_O_I3_CARRY4_CO_S_INV_O_I_FDCE_Q (FDC,site=dffo)}                                                                         
   u_spi_target.o_rx_data_valid_FDCE_Q_CE_LUT6_O_I3_CARRY4_CO_S_INV_O_I  Net          51            (fanout=3)        930                     -                                                                                                                                                                                   
   RBB_8/A1                                                              RBB_6L        8  [TILE 0 0, RBB 1 14]          -     r            4555                                                                                                                                                                                   
   RBB_8/BMUX                                                            RBB_6L        8  [TILE 0 0, RBB 1 14]       1238     r            5793     {inst52: u_spi_target.o_rx_data_valid_FDCE_Q_CE_LUT6_O_I3_CARRY4_CO (CARRY4)}                                                                                                 
   u_spi_target.o_rx_data_valid_FDCE_Q_CE_LUT6_O_I3[3]                   Net          65            (fanout=2)        681                     -                                                                                                                                                                                   
   RBB_11/D5                                                             RBB_6L       11  [TILE 0 0, RBB 1 12]          -     r            6474     {inst61: u_spi_target.o_rx_data_valid_FDCE_Q_CE_LUT6_O_I3_LUT5_I4 (LUT,site=dlut)} {inst62: u_spi_target.o_rx_data_valid_FDCE_Q_CE_LUT6_O_I3_LUT5_I4_O_FDCE_D (FDC,site=dff)} 
   ---------------------------------------------------------------------------------------------------------------------------------------------------------------------------------------------------------------------------------------------------------------------------------------------------------------------------------
   RBB_11/CLK                                                            RBB_6L       11  [TILE 0 0, RBB 1 12]        893     r            7367                                                                                                                                                                                   
   clk                                                                   Clock net     2          (fanout=352)      -2312                     -                                                                                                                                                                                   
   clk                                                                   CLOCK-PORT    -                     -    capture     r            5055                                                                                                                                                                                   
   ---------------------------------------------------------------------------------------------------------------------------------------------------------------------------------------------------------------------------------------------------------------------------------------------------------------------------------


Path 258:
   Slack (not met):                         -3185ps
     Path type:                               SETUP
     Group:                              <UDEF_clk>
     Launching clock:                           clk (rising edge)
     Capturing clock:                           clk (rising edge)

     Requested period:                       2000ps
   + Delay of the capturing clock:           2311ps
   - Clock uncertainty:                       150ps
   = Required time:                          4161ps
   - Propagation time:                       5022ps (65.5% logic, 34.5% route, logic stage 2)
   - Delay of the launching clock:           2324ps
   = Slack:                                 -3185ps

   Instance/Pin or Net Name              Type         ID    Location or Fanout   Delay(ps)  Edge  Arrival Time(ps)    Instance detail                                                                                                            
   ------------------------------------------------------------------------------------------------------------------------------------------------------------------------------------------------------------------------------------------------
   clk                                   CLOCK-PORT    -                     -     launch     r               0                                                                                                                                  
   clk                                   Clock net     2          (fanout=352)       2324                     -                                                                                                                                  
   RBB_13/CLK                            RBB_6L       13  [TILE 0 0, RBB 1 24]          -     r            2324                                                                                                                                  
   ------------------------------------------------------------------------------------------------------------------------------------------------------------------------------------------------------------------------------------------------
   RBB_13/DQ                             RBB_6L       13  [TILE 0 0, RBB 1 24]        800     r            3124     {inst44: u_spi_target.o_rx_data_FDCE_Q_3 (FDCE,site=dff)}                                                                    
   u_spi_target.o_rx_data[3]             Net          12            (fanout=2)       1733                     -                                                                                                                                  
   RBB_6/D1                              RBB_6L        6  [TILE 0 0, RBB 1 22]          -     r            4857                                                                                                                                  
   RBB_6/COUT                            RBB_6L        6  [TILE 0 0, RBB 1 22]       1560     r            6417     {inst40: u_spi_target.o_rx_data_CARRY4_S_1 (CARRY4)}                                                                         
   u_spi_target.o_rx_data_CARRY4_S_1_CO  Net          84            (fanout=1)          0                     -                                                                                                                                  
   RBB_7/CIN                             RBB_6L        7  [TILE 0 0, RBB 4 22]          -     r            6417     {inst39: u_spi_target.o_rx_data_CARRY4_S (CARRY4)} {inst29: spi_miso_LUT6_I0_I1_FDCE_Q_D_LUT6_O_I1_FDCE_Q_1 (FDCE,site=cff)} 
   ------------------------------------------------------------------------------------------------------------------------------------------------------------------------------------------------------------------------------------------------
   RBB_7/CLK                             RBB_6L        7  [TILE 0 0, RBB 4 22]        929     r            7346                                                                                                                                  
   clk                                   Clock net     2          (fanout=352)      -2311                     -                                                                                                                                  
   clk                                   CLOCK-PORT    -                     -    capture     r            5035                                                                                                                                  
   ------------------------------------------------------------------------------------------------------------------------------------------------------------------------------------------------------------------------------------------------


Path 33:
   Slack (not met):                         -3168ps
     Path type:                               SETUP
     Group:                              <UDEF_clk>
     Launching clock:                           clk (rising edge)
     Capturing clock:                           clk (rising edge)

     Requested period:                       2000ps
   + Delay of the capturing clock:           2318ps
   - Clock uncertainty:                       150ps
   = Required time:                          4168ps
   - Propagation time:                       5177ps (55.5% logic, 44.5% route, logic stage 2)
   - Delay of the launching clock:           2159ps
   = Slack:                                 -3168ps

   Instance/Pin or Net Name          Type         ID    Location or Fanout   Delay(ps)  Edge  Arrival Time(ps)    Instance detail                                                                                                                     
   -----------------------------------------------------------------------------------------------------------------------------------------------------------------------------------------------------------------------------------------------------
   clk                               CLOCK-PORT    -                     -     launch     r               0                                                                                                                                           
   clk                               Clock net     2          (fanout=352)       2159                     -                                                                                                                                           
   RBB_12/CLK                        RBB_6L       12  [TILE 0 0, RBB 1 16]          -     r            2159                                                                                                                                           
   -----------------------------------------------------------------------------------------------------------------------------------------------------------------------------------------------------------------------------------------------------
   RBB_12/CMUX                       RBB_6L       12  [TILE 0 0, RBB 1 16]       1380     r            3539     {inst64: u_spi_target.r_sck_sync_FDCE_Q (FDC,site=cffo)}                                                                              
   u_spi_target.r_sck_sync[1]        Net          21            (fanout=3)        964                     -                                                                                                                                           
   RBB_14/A2                         RBB_6L       14  [TILE 0 0, RBB 4 18]          -     r            4503                                                                                                                                           
   RBB_14/A                          RBB_6L       14  [TILE 0 0, RBB 4 18]        653     r            5156     {inst71: u_spi_target.w_sck_edge_LUT2_O_I0_LUT2_I0 (LUT,site=alut)}                                                                   
   spi_miso_en_INV_O_I_LUT2_I0_O[0]  Net          45            (fanout=8)       1338                     -                                                                                                                                           
   RBB_10/B5                         RBB_6L       10  [TILE 0 0, RBB 1 20]          -     r            6494     {inst17: rx_data_strobe_FDCE_CE_2_Q_FDCE_Q_D_LUT6_O (LUT,site=blut,bluto)} {inst16: rx_data_strobe_FDCE_CE_2_Q_FDCE_Q (FDC,site=bff)} 
   -----------------------------------------------------------------------------------------------------------------------------------------------------------------------------------------------------------------------------------------------------
   RBB_10/CLK                        RBB_6L       10  [TILE 0 0, RBB 1 20]        842     r            7336                                                                                                                                           
   clk                               Clock net     2          (fanout=352)      -2318                     -                                                                                                                                           
   clk                               CLOCK-PORT    -                     -    capture     r            5018                                                                                                                                           
   -----------------------------------------------------------------------------------------------------------------------------------------------------------------------------------------------------------------------------------------------------


Path 259:
   Slack (not met):                         -3160ps
     Path type:                               SETUP
     Group:                              <UDEF_clk>
     Launching clock:                           clk (rising edge)
     Capturing clock:                           clk (rising edge)

     Requested period:                       2000ps
   + Delay of the capturing clock:           2311ps
   - Clock uncertainty:                       150ps
   = Required time:                          4161ps
   - Propagation time:                       4997ps (65.3% logic, 34.7% route, logic stage 2)
   - Delay of the launching clock:           2324ps
   = Slack:                                 -3160ps

   Instance/Pin or Net Name              Type         ID    Location or Fanout   Delay(ps)  Edge  Arrival Time(ps)    Instance detail                                                                                         
   -----------------------------------------------------------------------------------------------------------------------------------------------------------------------------------------------------------------------------
   clk                                   CLOCK-PORT    -                     -     launch     r               0                                                                                                               
   clk                                   Clock net     2          (fanout=352)       2324                     -                                                                                                               
   RBB_13/CLK                            RBB_6L       13  [TILE 0 0, RBB 1 24]          -     r            2324                                                                                                               
   -----------------------------------------------------------------------------------------------------------------------------------------------------------------------------------------------------------------------------
   RBB_13/DQ                             RBB_6L       13  [TILE 0 0, RBB 1 24]        800     r            3124     {inst44: u_spi_target.o_rx_data_FDCE_Q_3 (FDCE,site=dff)}                                                 
   u_spi_target.o_rx_data[3]             Net          12            (fanout=2)       1733                     -                                                                                                               
   RBB_6/D1                              RBB_6L        6  [TILE 0 0, RBB 1 22]          -     r            4857                                                                                                               
   RBB_6/COUT                            RBB_6L        6  [TILE 0 0, RBB 1 22]       1560     r            6417     {inst40: u_spi_target.o_rx_data_CARRY4_S_1 (CARRY4)}                                                      
   u_spi_target.o_rx_data_CARRY4_S_1_CO  Net          84            (fanout=1)          0                     -                                                                                                               
   RBB_7/CIN                             RBB_6L        7  [TILE 0 0, RBB 4 22]          -     r            6417     {inst39: u_spi_target.o_rx_data_CARRY4_S (CARRY4)} {inst26: spi_miso_LUT6_I0_I1_FDCE_Q_1 (FDCE,site=dff)} 
   -----------------------------------------------------------------------------------------------------------------------------------------------------------------------------------------------------------------------------
   RBB_7/CLK                             RBB_6L        7  [TILE 0 0, RBB 4 22]        904     r            7321                                                                                                               
   clk                                   Clock net     2          (fanout=352)      -2311                     -                                                                                                               
   clk                                   CLOCK-PORT    -                     -    capture     r            5010                                                                                                               
   -----------------------------------------------------------------------------------------------------------------------------------------------------------------------------------------------------------------------------


Path 260:
   Slack (not met):                         -3129ps
     Path type:                               SETUP
     Group:                              <UDEF_clk>
     Launching clock:                           clk (rising edge)
     Capturing clock:                           clk (rising edge)

     Requested period:                       2000ps
   + Delay of the capturing clock:           2311ps
   - Clock uncertainty:                       150ps
   = Required time:                          4161ps
   - Propagation time:                       4966ps (65.1% logic, 34.9% route, logic stage 2)
   - Delay of the launching clock:           2324ps
   = Slack:                                 -3129ps

   Instance/Pin or Net Name              Type         ID    Location or Fanout   Delay(ps)  Edge  Arrival Time(ps)    Instance detail                                                                                                                               
   -------------------------------------------------------------------------------------------------------------------------------------------------------------------------------------------------------------------------------------------------------------------
   clk                                   CLOCK-PORT    -                     -     launch     r               0                                                                                                                                                     
   clk                                   Clock net     2          (fanout=352)       2324                     -                                                                                                                                                     
   RBB_13/CLK                            RBB_6L       13  [TILE 0 0, RBB 1 24]          -     r            2324                                                                                                                                                     
   -------------------------------------------------------------------------------------------------------------------------------------------------------------------------------------------------------------------------------------------------------------------
   RBB_13/DQ                             RBB_6L       13  [TILE 0 0, RBB 1 24]        800     r            3124     {inst44: u_spi_target.o_rx_data_FDCE_Q_3 (FDCE,site=dff)}                                                                                       
   u_spi_target.o_rx_data[3]             Net          12            (fanout=2)       1733                     -                                                                                                                                                     
   RBB_6/D1                              RBB_6L        6  [TILE 0 0, RBB 1 22]          -     r            4857                                                                                                                                                     
   RBB_6/COUT                            RBB_6L        6  [TILE 0 0, RBB 1 22]       1560     r            6417     {inst40: u_spi_target.o_rx_data_CARRY4_S_1 (CARRY4)}                                                                                            
   u_spi_target.o_rx_data_CARRY4_S_1_CO  Net          84            (fanout=1)          0                     -                                                                                                                                                     
   RBB_7/CIN                             RBB_6L        7  [TILE 0 0, RBB 4 22]          -     r            6417     {inst39: u_spi_target.o_rx_data_CARRY4_S (CARRY4)} {inst32: spi_miso_LUT6_I0_I1_FDCE_Q_D_LUT6_O_I1_FDCE_Q_D_LUT6_O_I1_FDCE_Q_1 (FDCE,site=bff)} 
   -------------------------------------------------------------------------------------------------------------------------------------------------------------------------------------------------------------------------------------------------------------------
   RBB_7/CLK                             RBB_6L        7  [TILE 0 0, RBB 4 22]        873     r            7290                                                                                                                                                     
   clk                                   Clock net     2          (fanout=352)      -2311                     -                                                                                                                                                     
   clk                                   CLOCK-PORT    -                     -    capture     r            4979                                                                                                                                                     
   -------------------------------------------------------------------------------------------------------------------------------------------------------------------------------------------------------------------------------------------------------------------


Path 26:
   Slack (not met):                         -3111ps
     Path type:                               SETUP
     Group:                              <UDEF_clk>
     Launching clock:                           clk (rising edge)
     Capturing clock:                           clk (rising edge)

     Requested period:                       2000ps
   + Delay of the capturing clock:           2318ps
   - Clock uncertainty:                       150ps
   = Required time:                          4168ps
   - Propagation time:                       4961ps (60.8% logic, 39.2% route, logic stage 2)
   - Delay of the launching clock:           2318ps
   = Slack:                                 -3111ps

   Instance/Pin or Net Name          Type         ID    Location or Fanout   Delay(ps)  Edge  Arrival Time(ps)    Instance detail                                                                                                                                                                                   
   -------------------------------------------------------------------------------------------------------------------------------------------------------------------------------------------------------------------------------------------------------------------------------------------------------------------
   clk                               CLOCK-PORT    -                     -     launch     r               0                                                                                                                                                                                                         
   clk                               Clock net     2          (fanout=352)       2318                     -                                                                                                                                                                                                         
   RBB_10/CLK                        RBB_6L       10  [TILE 0 0, RBB 1 20]          -     r            2318                                                                                                                                                                                                         
   -------------------------------------------------------------------------------------------------------------------------------------------------------------------------------------------------------------------------------------------------------------------------------------------------------------------
   RBB_10/DMUX                       RBB_6L       10  [TILE 0 0, RBB 1 20]       1466     r            3784     {inst37: spi_miso_en_INV_O_I_FDPE_Q (FDP,site=dffo)}                                                                                                                                                
   spi_miso_en_INV_O_I               Net          47            (fanout=2)        957                     -                                                                                                                                                                                                         
   RBB_12/A2                         RBB_6L       12  [TILE 0 0, RBB 1 16]          -     r            4741                                                                                                                                                                                                         
   RBB_12/A                          RBB_6L       12  [TILE 0 0, RBB 1 16]        665     r            5406     {inst38: spi_miso_en_INV_O_I_LUT2_I0 (LUT,site=alut)}                                                                                                                                               
   spi_miso_en_INV_O_I_LUT2_I0_O[1]  Net          46            (fanout=8)        988                     -                                                                                                                                                                                                         
   RBB_14/C4                         RBB_6L       14  [TILE 0 0, RBB 4 18]          -     r            6394     {inst33: spi_miso_LUT6_I0_I1_FDCE_Q_D_LUT6_O_I1_FDCE_Q_D_LUT6_O_I1_FDCE_Q_D_LUT6_O (LUT,site=clut,cluto)} {inst31: spi_miso_LUT6_I0_I1_FDCE_Q_D_LUT6_O_I1_FDCE_Q_D_LUT6_O_I1_FDCE_Q (FDC,site=cff)} 
   -------------------------------------------------------------------------------------------------------------------------------------------------------------------------------------------------------------------------------------------------------------------------------------------------------------------
   RBB_14/CLK                        RBB_6L       14  [TILE 0 0, RBB 4 18]        885     r            7279                                                                                                                                                                                                         
   clk                               Clock net     2          (fanout=352)      -2318                     -                                                                                                                                                                                                         
   clk                               CLOCK-PORT    -                     -    capture     r            4961                                                                                                                                                                                                         
   -------------------------------------------------------------------------------------------------------------------------------------------------------------------------------------------------------------------------------------------------------------------------------------------------------------------


Path 18:
   Slack (not met):                         -3100ps
     Path type:                               SETUP
     Group:                              <UDEF_clk>
     Launching clock:                           clk (rising edge)
     Capturing clock:                           clk (rising edge)

     Requested period:                       2000ps
   + Delay of the capturing clock:           2324ps
   - Clock uncertainty:                       150ps
   = Required time:                          4174ps
   - Propagation time:                       4956ps (57.0% logic, 43.0% route, logic stage 2)
   - Delay of the launching clock:           2318ps
   = Slack:                                 -3100ps

   Instance/Pin or Net Name              Type         ID    Location or Fanout   Delay(ps)  Edge  Arrival Time(ps)    Instance detail                                                  
   --------------------------------------------------------------------------------------------------------------------------------------------------------------------------------------
   clk                                   CLOCK-PORT    -                     -     launch     r               0                                                                        
   clk                                   Clock net     2          (fanout=352)       2318                     -                                                                        
   RBB_14/CLK                            RBB_6L       14  [TILE 0 0, RBB 4 18]          -     r            2318                                                                        
   --------------------------------------------------------------------------------------------------------------------------------------------------------------------------------------
   RBB_14/DMUX                           RBB_6L       14  [TILE 0 0, RBB 4 18]       1333     r            3651     {inst70: u_spi_target.w_sck_edge_LUT2_O_I0_FDCE_Q (FDC,site=dffo)} 
   u_spi_target.w_sck_edge_LUT2_O_I0[0]  Net          68            (fanout=2)        871                     -                                                                        
   RBB_9/D1                              RBB_6L        9  [TILE 0 0, RBB 1 18]          -     r            4522                                                                        
   RBB_9/DMUX                            RBB_6L        9  [TILE 0 0, RBB 1 18]        608     r            5130     {inst69: u_spi_target.w_sck_edge_LUT2_O (LUT,site=dluto)}          
   u_spi_target.w_sck_edge               Net          22            (fanout=8)       1260                     -                                                                        
   RBB_13/A6                             RBB_6L       13  [TILE 0 0, RBB 1 24]          -     r            6390     {<CE>inst45: u_spi_target.o_rx_data_FDCE_Q_4 (FDCE,site=bff)}      
   --------------------------------------------------------------------------------------------------------------------------------------------------------------------------------------
   RBB_13/CLK                            RBB_6L       13  [TILE 0 0, RBB 1 24]        884     r            7274                                                                        
   clk                                   Clock net     2          (fanout=352)      -2324                     -                                                                        
   clk                                   CLOCK-PORT    -                     -    capture     r            4950                                                                        
   --------------------------------------------------------------------------------------------------------------------------------------------------------------------------------------


Path 14:
   Slack (not met):                         -3100ps
     Path type:                               SETUP
     Group:                              <UDEF_clk>
     Launching clock:                           clk (rising edge)
     Capturing clock:                           clk (rising edge)

     Requested period:                       2000ps
   + Delay of the capturing clock:           2324ps
   - Clock uncertainty:                       150ps
   = Required time:                          4174ps
   - Propagation time:                       4956ps (57.0% logic, 43.0% route, logic stage 2)
   - Delay of the launching clock:           2318ps
   = Slack:                                 -3100ps

   Instance/Pin or Net Name              Type         ID    Location or Fanout   Delay(ps)  Edge  Arrival Time(ps)    Instance detail                                                  
   --------------------------------------------------------------------------------------------------------------------------------------------------------------------------------------
   clk                                   CLOCK-PORT    -                     -     launch     r               0                                                                        
   clk                                   Clock net     2          (fanout=352)       2318                     -                                                                        
   RBB_14/CLK                            RBB_6L       14  [TILE 0 0, RBB 4 18]          -     r            2318                                                                        
   --------------------------------------------------------------------------------------------------------------------------------------------------------------------------------------
   RBB_14/DMUX                           RBB_6L       14  [TILE 0 0, RBB 4 18]       1333     r            3651     {inst70: u_spi_target.w_sck_edge_LUT2_O_I0_FDCE_Q (FDC,site=dffo)} 
   u_spi_target.w_sck_edge_LUT2_O_I0[0]  Net          68            (fanout=2)        871                     -                                                                        
   RBB_9/D1                              RBB_6L        9  [TILE 0 0, RBB 1 18]          -     r            4522                                                                        
   RBB_9/DMUX                            RBB_6L        9  [TILE 0 0, RBB 1 18]        608     r            5130     {inst69: u_spi_target.w_sck_edge_LUT2_O (LUT,site=dluto)}          
   u_spi_target.w_sck_edge               Net          22            (fanout=8)       1260                     -                                                                        
   RBB_13/A6                             RBB_6L       13  [TILE 0 0, RBB 1 24]          -     r            6390     {<CE>inst41: u_spi_target.o_rx_data_FDCE_Q (FDCE,site=cff)}        
   --------------------------------------------------------------------------------------------------------------------------------------------------------------------------------------
   RBB_13/CLK                            RBB_6L       13  [TILE 0 0, RBB 1 24]        884     r            7274                                                                        
   clk                                   Clock net     2          (fanout=352)      -2324                     -                                                                        
   clk                                   CLOCK-PORT    -                     -    capture     r            4950                                                                        
   --------------------------------------------------------------------------------------------------------------------------------------------------------------------------------------


Path 13:
   Slack (not met):                         -3100ps
     Path type:                               SETUP
     Group:                              <UDEF_clk>
     Launching clock:                           clk (rising edge)
     Capturing clock:                           clk (rising edge)

     Requested period:                       2000ps
   + Delay of the capturing clock:           2324ps
   - Clock uncertainty:                       150ps
   = Required time:                          4174ps
   - Propagation time:                       4956ps (57.0% logic, 43.0% route, logic stage 2)
   - Delay of the launching clock:           2318ps
   = Slack:                                 -3100ps

   Instance/Pin or Net Name              Type         ID    Location or Fanout   Delay(ps)  Edge  Arrival Time(ps)    Instance detail                                                  
   --------------------------------------------------------------------------------------------------------------------------------------------------------------------------------------
   clk                                   CLOCK-PORT    -                     -     launch     r               0                                                                        
   clk                                   Clock net     2          (fanout=352)       2318                     -                                                                        
   RBB_14/CLK                            RBB_6L       14  [TILE 0 0, RBB 4 18]          -     r            2318                                                                        
   --------------------------------------------------------------------------------------------------------------------------------------------------------------------------------------
   RBB_14/DMUX                           RBB_6L       14  [TILE 0 0, RBB 4 18]       1333     r            3651     {inst70: u_spi_target.w_sck_edge_LUT2_O_I0_FDCE_Q (FDC,site=dffo)} 
   u_spi_target.w_sck_edge_LUT2_O_I0[0]  Net          68            (fanout=2)        871                     -                                                                        
   RBB_9/D1                              RBB_6L        9  [TILE 0 0, RBB 1 18]          -     r            4522                                                                        
   RBB_9/DMUX                            RBB_6L        9  [TILE 0 0, RBB 1 18]        608     r            5130     {inst69: u_spi_target.w_sck_edge_LUT2_O (LUT,site=dluto)}          
   u_spi_target.w_sck_edge               Net          22            (fanout=8)       1260                     -                                                                        
   RBB_13/A6                             RBB_6L       13  [TILE 0 0, RBB 1 24]          -     r            6390     {<CE>inst46: u_spi_target.o_rx_data_FDCE_Q_5 (FDCE,site=aff)}      
   --------------------------------------------------------------------------------------------------------------------------------------------------------------------------------------
   RBB_13/CLK                            RBB_6L       13  [TILE 0 0, RBB 1 24]        884     r            7274                                                                        
   clk                                   Clock net     2          (fanout=352)      -2324                     -                                                                        
   clk                                   CLOCK-PORT    -                     -    capture     r            4950                                                                        
   --------------------------------------------------------------------------------------------------------------------------------------------------------------------------------------


Path 17:
   Slack (not met):                         -3100ps
     Path type:                               SETUP
     Group:                              <UDEF_clk>
     Launching clock:                           clk (rising edge)
     Capturing clock:                           clk (rising edge)

     Requested period:                       2000ps
   + Delay of the capturing clock:           2324ps
   - Clock uncertainty:                       150ps
   = Required time:                          4174ps
   - Propagation time:                       4956ps (57.0% logic, 43.0% route, logic stage 2)
   - Delay of the launching clock:           2318ps
   = Slack:                                 -3100ps

   Instance/Pin or Net Name              Type         ID    Location or Fanout   Delay(ps)  Edge  Arrival Time(ps)    Instance detail                                                  
   --------------------------------------------------------------------------------------------------------------------------------------------------------------------------------------
   clk                                   CLOCK-PORT    -                     -     launch     r               0                                                                        
   clk                                   Clock net     2          (fanout=352)       2318                     -                                                                        
   RBB_14/CLK                            RBB_6L       14  [TILE 0 0, RBB 4 18]          -     r            2318                                                                        
   --------------------------------------------------------------------------------------------------------------------------------------------------------------------------------------
   RBB_14/DMUX                           RBB_6L       14  [TILE 0 0, RBB 4 18]       1333     r            3651     {inst70: u_spi_target.w_sck_edge_LUT2_O_I0_FDCE_Q (FDC,site=dffo)} 
   u_spi_target.w_sck_edge_LUT2_O_I0[0]  Net          68            (fanout=2)        871                     -                                                                        
   RBB_9/D1                              RBB_6L        9  [TILE 0 0, RBB 1 18]          -     r            4522                                                                        
   RBB_9/DMUX                            RBB_6L        9  [TILE 0 0, RBB 1 18]        608     r            5130     {inst69: u_spi_target.w_sck_edge_LUT2_O (LUT,site=dluto)}          
   u_spi_target.w_sck_edge               Net          22            (fanout=8)       1260                     -                                                                        
   RBB_13/A6                             RBB_6L       13  [TILE 0 0, RBB 1 24]          -     r            6390     {<CE>inst44: u_spi_target.o_rx_data_FDCE_Q_3 (FDCE,site=dff)}      
   --------------------------------------------------------------------------------------------------------------------------------------------------------------------------------------
   RBB_13/CLK                            RBB_6L       13  [TILE 0 0, RBB 1 24]        884     r            7274                                                                        
   clk                                   Clock net     2          (fanout=352)      -2324                     -                                                                        
   clk                                   CLOCK-PORT    -                     -    capture     r            4950                                                                        
   --------------------------------------------------------------------------------------------------------------------------------------------------------------------------------------


Path 15:
   Slack (not met):                         -3100ps
     Path type:                               SETUP
     Group:                              <UDEF_clk>
     Launching clock:                           clk (rising edge)
     Capturing clock:                           clk (rising edge)

     Requested period:                       2000ps
   + Delay of the capturing clock:           2324ps
   - Clock uncertainty:                       150ps
   = Required time:                          4174ps
   - Propagation time:                       4956ps (57.0% logic, 43.0% route, logic stage 2)
   - Delay of the launching clock:           2318ps
   = Slack:                                 -3100ps

   Instance/Pin or Net Name              Type         ID    Location or Fanout   Delay(ps)  Edge  Arrival Time(ps)    Instance detail                                                  
   --------------------------------------------------------------------------------------------------------------------------------------------------------------------------------------
   clk                                   CLOCK-PORT    -                     -     launch     r               0                                                                        
   clk                                   Clock net     2          (fanout=352)       2318                     -                                                                        
   RBB_14/CLK                            RBB_6L       14  [TILE 0 0, RBB 4 18]          -     r            2318                                                                        
   --------------------------------------------------------------------------------------------------------------------------------------------------------------------------------------
   RBB_14/DMUX                           RBB_6L       14  [TILE 0 0, RBB 4 18]       1333     r            3651     {inst70: u_spi_target.w_sck_edge_LUT2_O_I0_FDCE_Q (FDC,site=dffo)} 
   u_spi_target.w_sck_edge_LUT2_O_I0[0]  Net          68            (fanout=2)        871                     -                                                                        
   RBB_9/D1                              RBB_6L        9  [TILE 0 0, RBB 1 18]          -     r            4522                                                                        
   RBB_9/DMUX                            RBB_6L        9  [TILE 0 0, RBB 1 18]        608     r            5130     {inst69: u_spi_target.w_sck_edge_LUT2_O (LUT,site=dluto)}          
   u_spi_target.w_sck_edge               Net          22            (fanout=8)       1260                     -                                                                        
   RBB_13/A6                             RBB_6L       13  [TILE 0 0, RBB 1 24]          -     r            6390     {<CE>inst43: u_spi_target.o_rx_data_FDCE_Q_2 (FDCE,site=cffo)}     
   --------------------------------------------------------------------------------------------------------------------------------------------------------------------------------------
   RBB_13/CLK                            RBB_6L       13  [TILE 0 0, RBB 1 24]        884     r            7274                                                                        
   clk                                   Clock net     2          (fanout=352)      -2324                     -                                                                        
   clk                                   CLOCK-PORT    -                     -    capture     r            4950                                                                        
   --------------------------------------------------------------------------------------------------------------------------------------------------------------------------------------


Path 12:
   Slack (not met):                         -3042ps
     Path type:                               SETUP
     Group:                              <UDEF_clk>
     Launching clock:                           clk (rising edge)
     Capturing clock:                           clk (rising edge)

     Requested period:                       2000ps
   + Delay of the capturing clock:           2318ps
   - Clock uncertainty:                       150ps
   = Required time:                          4168ps
   - Propagation time:                       4892ps (60.2% logic, 39.8% route, logic stage 2)
   - Delay of the launching clock:           2318ps
   = Slack:                                 -3042ps

   Instance/Pin or Net Name          Type         ID    Location or Fanout   Delay(ps)  Edge  Arrival Time(ps)    Instance detail                                                                                                                                             
   -----------------------------------------------------------------------------------------------------------------------------------------------------------------------------------------------------------------------------------------------------------------------------
   clk                               CLOCK-PORT    -                     -     launch     r               0                                                                                                                                                                   
   clk                               Clock net     2          (fanout=352)       2318                     -                                                                                                                                                                   
   RBB_10/CLK                        RBB_6L       10  [TILE 0 0, RBB 1 20]          -     r            2318                                                                                                                                                                   
   -----------------------------------------------------------------------------------------------------------------------------------------------------------------------------------------------------------------------------------------------------------------------------
   RBB_10/DMUX                       RBB_6L       10  [TILE 0 0, RBB 1 20]       1466     r            3784     {inst37: spi_miso_en_INV_O_I_FDPE_Q (FDP,site=dffo)}                                                                                                          
   spi_miso_en_INV_O_I               Net          47            (fanout=2)        957                     -                                                                                                                                                                   
   RBB_12/A2                         RBB_6L       12  [TILE 0 0, RBB 1 16]          -     r            4741                                                                                                                                                                   
   RBB_12/A                          RBB_6L       12  [TILE 0 0, RBB 1 16]        665     r            5406     {inst38: spi_miso_en_INV_O_I_LUT2_I0 (LUT,site=alut)}                                                                                                         
   spi_miso_en_INV_O_I_LUT2_I0_O[1]  Net          46            (fanout=8)        991                     -                                                                                                                                                                   
   RBB_14/D4                         RBB_6L       14  [TILE 0 0, RBB 4 18]          -     r            6397     {inst30: spi_miso_LUT6_I0_I1_FDCE_Q_D_LUT6_O_I1_FDCE_Q_D_LUT6_O (LUT,site=dlut,dluto)} {inst28: spi_miso_LUT6_I0_I1_FDCE_Q_D_LUT6_O_I1_FDCE_Q (FDC,site=dff)} 
   -----------------------------------------------------------------------------------------------------------------------------------------------------------------------------------------------------------------------------------------------------------------------------
   RBB_14/CLK                        RBB_6L       14  [TILE 0 0, RBB 4 18]        813     r            7210                                                                                                                                                                   
   clk                               Clock net     2          (fanout=352)      -2318                     -                                                                                                                                                                   
   clk                               CLOCK-PORT    -                     -    capture     r            4892                                                                                                                                                                   
   -----------------------------------------------------------------------------------------------------------------------------------------------------------------------------------------------------------------------------------------------------------------------------


Path 27:
   Slack (not met):                         -3042ps
     Path type:                               SETUP
     Group:                              <UDEF_clk>
     Launching clock:                           clk (rising edge)
     Capturing clock:                           clk (rising edge)

     Requested period:                       2000ps
   + Delay of the capturing clock:           2318ps
   - Clock uncertainty:                       150ps
   = Required time:                          4168ps
   - Propagation time:                       4892ps (61.6% logic, 38.4% route, logic stage 2)
   - Delay of the launching clock:           2318ps
   = Slack:                                 -3042ps

   Instance/Pin or Net Name          Type         ID    Location or Fanout   Delay(ps)  Edge  Arrival Time(ps)    Instance detail                                                                                                                     
   -----------------------------------------------------------------------------------------------------------------------------------------------------------------------------------------------------------------------------------------------------
   clk                               CLOCK-PORT    -                     -     launch     r               0                                                                                                                                           
   clk                               Clock net     2          (fanout=352)       2318                     -                                                                                                                                           
   RBB_10/CLK                        RBB_6L       10  [TILE 0 0, RBB 1 20]          -     r            2318                                                                                                                                           
   -----------------------------------------------------------------------------------------------------------------------------------------------------------------------------------------------------------------------------------------------------
   RBB_10/DMUX                       RBB_6L       10  [TILE 0 0, RBB 1 20]       1466     r            3784     {inst37: spi_miso_en_INV_O_I_FDPE_Q (FDP,site=dffo)}                                                                                  
   spi_miso_en_INV_O_I               Net          47            (fanout=2)        957                     -                                                                                                                                           
   RBB_12/A2                         RBB_6L       12  [TILE 0 0, RBB 1 16]          -     r            4741                                                                                                                                           
   RBB_12/A                          RBB_6L       12  [TILE 0 0, RBB 1 16]        665     r            5406     {inst38: spi_miso_en_INV_O_I_LUT2_I0 (LUT,site=alut)}                                                                                 
   spi_miso_en_INV_O_I_LUT2_I0_O[1]  Net          46            (fanout=8)        923                     -                                                                                                                                           
   RBB_10/C4                         RBB_6L       10  [TILE 0 0, RBB 1 20]          -     r            6329     {inst14: rx_data_strobe_FDCE_CE_1_Q_FDCE_Q_D_LUT6_O (LUT,site=clut,cluto)} {inst13: rx_data_strobe_FDCE_CE_1_Q_FDCE_Q (FDC,site=cff)} 
   -----------------------------------------------------------------------------------------------------------------------------------------------------------------------------------------------------------------------------------------------------
   RBB_10/CLK                        RBB_6L       10  [TILE 0 0, RBB 1 20]        881     r            7210                                                                                                                                           
   clk                               Clock net     2          (fanout=352)      -2318                     -                                                                                                                                           
   clk                               CLOCK-PORT    -                     -    capture     r            4892                                                                                                                                           
   -----------------------------------------------------------------------------------------------------------------------------------------------------------------------------------------------------------------------------------------------------


Path 10:
   Slack (not met):                         -3013ps
     Path type:                               SETUP
     Group:                              <UDEF_clk>
     Launching clock:                           clk (rising edge)
     Capturing clock:                           clk (rising edge)

     Requested period:                       2000ps
   + Delay of the capturing clock:           2318ps
   - Clock uncertainty:                       150ps
   = Required time:                          4168ps
   - Propagation time:                       4863ps (61.2% logic, 38.8% route, logic stage 2)
   - Delay of the launching clock:           2318ps
   = Slack:                                 -3013ps

   Instance/Pin or Net Name          Type         ID    Location or Fanout   Delay(ps)  Edge  Arrival Time(ps)    Instance detail                                                                                                       
   ---------------------------------------------------------------------------------------------------------------------------------------------------------------------------------------------------------------------------------------
   clk                               CLOCK-PORT    -                     -     launch     r               0                                                                                                                             
   clk                               Clock net     2          (fanout=352)       2318                     -                                                                                                                             
   RBB_10/CLK                        RBB_6L       10  [TILE 0 0, RBB 1 20]          -     r            2318                                                                                                                             
   ---------------------------------------------------------------------------------------------------------------------------------------------------------------------------------------------------------------------------------------
   RBB_10/DMUX                       RBB_6L       10  [TILE 0 0, RBB 1 20]       1466     r            3784     {inst37: spi_miso_en_INV_O_I_FDPE_Q (FDP,site=dffo)}                                                                    
   spi_miso_en_INV_O_I               Net          47            (fanout=2)        957                     -                                                                                                                             
   RBB_12/A2                         RBB_6L       12  [TILE 0 0, RBB 1 16]          -     r            4741                                                                                                                             
   RBB_12/A                          RBB_6L       12  [TILE 0 0, RBB 1 16]        665     r            5406     {inst38: spi_miso_en_INV_O_I_LUT2_I0 (LUT,site=alut)}                                                                   
   spi_miso_en_INV_O_I_LUT2_I0_O[1]  Net          46            (fanout=8)        932                     -                                                                                                                             
   RBB_10/A4                         RBB_6L       10  [TILE 0 0, RBB 1 20]          -     r            6338     {inst21: rx_data_strobe_FDCE_CE_4_Q_LUT5_I1 (LUT,site=alut)} {inst19: rx_data_strobe_FDCE_CE_3_Q_FDCE_Q (FDC,site=aff)} 
   ---------------------------------------------------------------------------------------------------------------------------------------------------------------------------------------------------------------------------------------
   RBB_10/CLK                        RBB_6L       10  [TILE 0 0, RBB 1 20]        843     r            7181                                                                                                                             
   clk                               Clock net     2          (fanout=352)      -2318                     -                                                                                                                             
   clk                               CLOCK-PORT    -                     -    capture     r            4863                                                                                                                             
   ---------------------------------------------------------------------------------------------------------------------------------------------------------------------------------------------------------------------------------------


Path 114:
   Slack (not met):                         -2992ps
     Path type:                               SETUP
     Group:                              <UDEF_clk>
     Launching clock:                           clk (rising edge)
     Capturing clock:                           clk (rising edge)

     Requested period:                       2000ps
   + Delay of the capturing clock:           2318ps
   - Clock uncertainty:                       150ps
   = Required time:                          4168ps
   - Propagation time:                       4848ps (48.5% logic, 51.5% route, logic stage 2)
   - Delay of the launching clock:           2312ps
   = Slack:                                 -2992ps

   Instance/Pin or Net Name                                                           Type         ID    Location or Fanout   Delay(ps)  Edge  Arrival Time(ps)    Instance detail                                                                                                       
   ----------------------------------------------------------------------------------------------------------------------------------------------------------------------------------------------------------------------------------------------------------------------------------------
   clk                                                                                CLOCK-PORT    -                     -     launch     r               0                                                                                                                             
   clk                                                                                Clock net     2          (fanout=352)       2312                     -                                                                                                                             
   RBB_11/CLK                                                                         RBB_6L       11  [TILE 0 0, RBB 1 12]          -     r            2312                                                                                                                             
   ----------------------------------------------------------------------------------------------------------------------------------------------------------------------------------------------------------------------------------------------------------------------------------------
   RBB_11/DQ                                                                          RBB_6L       11  [TILE 0 0, RBB 1 12]        800     r            3112     {inst62: u_spi_target.o_rx_data_valid_FDCE_Q_CE_LUT6_O_I3_LUT5_I4_O_FDCE_D (FDC,site=dff)}                              
   u_spi_target.o_rx_data_valid_FDCE_Q_CE_LUT6_O_I3_LUT5_I4_O_FDCE_D_Q[0]             Net          36            (fanout=4)       1525                     -                                                                                                                             
   RBB_9/B5                                                                           RBB_6L        9  [TILE 0 0, RBB 1 18]          -     r            4637                                                                                                                             
   RBB_9/B                                                                            RBB_6L        9  [TILE 0 0, RBB 1 18]        729     r            5366     {inst60: u_spi_target.o_rx_data_valid_FDCE_Q_CE_LUT6_O_I3_CARRY4_CO_S_INV_O_I_LUT4_I3 (LUT,site=blut)}                  
   u_spi_target.o_rx_data_valid_FDCE_Q_CE_LUT6_O_I3_CARRY4_CO_S_INV_O_I_LUT4_I3_O[2]  Net          39            (fanout=6)        970                     -                                                                                                                             
   RBB_10/A2                                                                          RBB_6L       10  [TILE 0 0, RBB 1 20]          -     r            6336     {inst21: rx_data_strobe_FDCE_CE_4_Q_LUT5_I1 (LUT,site=alut)} {inst19: rx_data_strobe_FDCE_CE_3_Q_FDCE_Q (FDC,site=aff)} 
   ----------------------------------------------------------------------------------------------------------------------------------------------------------------------------------------------------------------------------------------------------------------------------------------
   RBB_10/CLK                                                                         RBB_6L       10  [TILE 0 0, RBB 1 20]        824     r            7160                                                                                                                             
   clk                                                                                Clock net     2          (fanout=352)      -2318                     -                                                                                                                             
   clk                                                                                CLOCK-PORT    -                     -    capture     r            4842                                                                                                                             
   ----------------------------------------------------------------------------------------------------------------------------------------------------------------------------------------------------------------------------------------------------------------------------------------


Path 29:
   Slack (not met):                         -2984ps
     Path type:                               SETUP
     Group:                              <UDEF_clk>
     Launching clock:                           clk (rising edge)
     Capturing clock:                           clk (rising edge)

     Requested period:                       2000ps
   + Delay of the capturing clock:           2318ps
   - Clock uncertainty:                       150ps
   = Required time:                          4168ps
   - Propagation time:                       4834ps (60.7% logic, 39.3% route, logic stage 2)
   - Delay of the launching clock:           2318ps
   = Slack:                                 -2984ps

   Instance/Pin or Net Name          Type         ID    Location or Fanout   Delay(ps)  Edge  Arrival Time(ps)    Instance detail                                                                                                                     
   -----------------------------------------------------------------------------------------------------------------------------------------------------------------------------------------------------------------------------------------------------
   clk                               CLOCK-PORT    -                     -     launch     r               0                                                                                                                                           
   clk                               Clock net     2          (fanout=352)       2318                     -                                                                                                                                           
   RBB_10/CLK                        RBB_6L       10  [TILE 0 0, RBB 1 20]          -     r            2318                                                                                                                                           
   -----------------------------------------------------------------------------------------------------------------------------------------------------------------------------------------------------------------------------------------------------
   RBB_10/DMUX                       RBB_6L       10  [TILE 0 0, RBB 1 20]       1466     r            3784     {inst37: spi_miso_en_INV_O_I_FDPE_Q (FDP,site=dffo)}                                                                                  
   spi_miso_en_INV_O_I               Net          47            (fanout=2)        957                     -                                                                                                                                           
   RBB_12/A2                         RBB_6L       12  [TILE 0 0, RBB 1 16]          -     r            4741                                                                                                                                           
   RBB_12/A                          RBB_6L       12  [TILE 0 0, RBB 1 16]        665     r            5406     {inst38: spi_miso_en_INV_O_I_LUT2_I0 (LUT,site=alut)}                                                                                 
   spi_miso_en_INV_O_I_LUT2_I0_O[1]  Net          46            (fanout=8)        944                     -                                                                                                                                           
   RBB_10/B4                         RBB_6L       10  [TILE 0 0, RBB 1 20]          -     r            6350     {inst17: rx_data_strobe_FDCE_CE_2_Q_FDCE_Q_D_LUT6_O (LUT,site=blut,bluto)} {inst16: rx_data_strobe_FDCE_CE_2_Q_FDCE_Q (FDC,site=bff)} 
   -----------------------------------------------------------------------------------------------------------------------------------------------------------------------------------------------------------------------------------------------------
   RBB_10/CLK                        RBB_6L       10  [TILE 0 0, RBB 1 20]        802     r            7152                                                                                                                                           
   clk                               Clock net     2          (fanout=352)      -2318                     -                                                                                                                                           
   clk                               CLOCK-PORT    -                     -    capture     r            4834                                                                                                                                           
   -----------------------------------------------------------------------------------------------------------------------------------------------------------------------------------------------------------------------------------------------------


Path 30:
   Slack (not met):                         -2976ps
     Path type:                               SETUP
     Group:                              <UDEF_clk>
     Launching clock:                           clk (rising edge)
     Capturing clock:                           clk (rising edge)

     Requested period:                       2000ps
   + Delay of the capturing clock:           2318ps
   - Clock uncertainty:                       150ps
   = Required time:                          4168ps
   - Propagation time:                       4826ps (59.7% logic, 40.3% route, logic stage 2)
   - Delay of the launching clock:           2318ps
   = Slack:                                 -2976ps

   Instance/Pin or Net Name          Type         ID    Location or Fanout   Delay(ps)  Edge  Arrival Time(ps)    Instance detail                                                                                                                                                                                                                         
   ---------------------------------------------------------------------------------------------------------------------------------------------------------------------------------------------------------------------------------------------------------------------------------------------------------------------------------------------------------
   clk                               CLOCK-PORT    -                     -     launch     r               0                                                                                                                                                                                                                                               
   clk                               Clock net     2          (fanout=352)       2318                     -                                                                                                                                                                                                                                               
   RBB_10/CLK                        RBB_6L       10  [TILE 0 0, RBB 1 20]          -     r            2318                                                                                                                                                                                                                                               
   ---------------------------------------------------------------------------------------------------------------------------------------------------------------------------------------------------------------------------------------------------------------------------------------------------------------------------------------------------------
   RBB_10/DMUX                       RBB_6L       10  [TILE 0 0, RBB 1 20]       1466     r            3784     {inst37: spi_miso_en_INV_O_I_FDPE_Q (FDP,site=dffo)}                                                                                                                                                                                      
   spi_miso_en_INV_O_I               Net          47            (fanout=2)        957                     -                                                                                                                                                                                                                                               
   RBB_12/A2                         RBB_6L       12  [TILE 0 0, RBB 1 16]          -     r            4741                                                                                                                                                                                                                                               
   RBB_12/A                          RBB_6L       12  [TILE 0 0, RBB 1 16]        665     r            5406     {inst38: spi_miso_en_INV_O_I_LUT2_I0 (LUT,site=alut)}                                                                                                                                                                                     
   spi_miso_en_INV_O_I_LUT2_I0_O[1]  Net          46            (fanout=8)        986                     -                                                                                                                                                                                                                                               
   RBB_14/B4                         RBB_6L       14  [TILE 0 0, RBB 4 18]          -     r            6392     {inst35: spi_miso_LUT6_I0_I1_FDCE_Q_D_LUT6_O_I1_FDCE_Q_D_LUT6_O_I1_FDCE_Q_D_LUT6_O_I1_FDCE_Q_D_LUT6_O (LUT,site=blut,bluto)} {inst34: spi_miso_LUT6_I0_I1_FDCE_Q_D_LUT6_O_I1_FDCE_Q_D_LUT6_O_I1_FDCE_Q_D_LUT6_O_I1_FDCE_Q (FDC,site=bff)} 
   ---------------------------------------------------------------------------------------------------------------------------------------------------------------------------------------------------------------------------------------------------------------------------------------------------------------------------------------------------------
   RBB_14/CLK                        RBB_6L       14  [TILE 0 0, RBB 4 18]        752     r            7144                                                                                                                                                                                                                                               
   clk                               Clock net     2          (fanout=352)      -2318                     -                                                                                                                                                                                                                                               
   clk                               CLOCK-PORT    -                     -    capture     r            4826                                                                                                                                                                                                                                               
   ---------------------------------------------------------------------------------------------------------------------------------------------------------------------------------------------------------------------------------------------------------------------------------------------------------------------------------------------------------


Path 45:
   Slack (not met):                         -2912ps
     Path type:                               SETUP
     Group:                              <UDEF_clk>
     Launching clock:                           clk (rising edge)
     Capturing clock:                           clk (rising edge)

     Requested period:                       2000ps
   + Delay of the capturing clock:           2159ps
   - Clock uncertainty:                       150ps
   = Required time:                          4009ps
   - Propagation time:                       4603ps (65.4% logic, 34.6% route, logic stage 2)
   - Delay of the launching clock:           2318ps
   = Slack:                                 -2912ps

   Instance/Pin or Net Name          Type         ID    Location or Fanout   Delay(ps)  Edge  Arrival Time(ps)    Instance detail                                                                         
   ---------------------------------------------------------------------------------------------------------------------------------------------------------------------------------------------------------
   clk                               CLOCK-PORT    -                     -     launch     r               0                                                                                               
   clk                               Clock net     2          (fanout=352)       2318                     -                                                                                               
   RBB_10/CLK                        RBB_6L       10  [TILE 0 0, RBB 1 20]          -     r            2318                                                                                               
   ---------------------------------------------------------------------------------------------------------------------------------------------------------------------------------------------------------
   RBB_10/DMUX                       RBB_6L       10  [TILE 0 0, RBB 1 20]       1466     r            3784     {inst37: spi_miso_en_INV_O_I_FDPE_Q (FDP,site=dffo)}                                      
   spi_miso_en_INV_O_I               Net          47            (fanout=2)        957                     -                                                                                               
   RBB_12/A2                         RBB_6L       12  [TILE 0 0, RBB 1 16]          -     r            4741                                                                                               
   RBB_12/A                          RBB_6L       12  [TILE 0 0, RBB 1 16]        665     r            5406     {inst38: spi_miso_en_INV_O_I_LUT2_I0 (LUT,site=alut)}                                     
   spi_miso_en_INV_O_I_LUT2_I0_O[1]  Net          46            (fanout=8)        634                     -                                                                                               
   RBB_12/C3                         RBB_6L       12  [TILE 0 0, RBB 1 16]          -     r            6040     {inst24: spi_miso_LUT6_I0 (LUT,site=clut,cluto)} {inst23: spi_miso_FDCE_Q (FDC,site=cff)} 
   ---------------------------------------------------------------------------------------------------------------------------------------------------------------------------------------------------------
   RBB_12/CLK                        RBB_6L       12  [TILE 0 0, RBB 1 16]        881     r            6921                                                                                               
   clk                               Clock net     2          (fanout=352)      -2159                     -                                                                                               
   clk                               CLOCK-PORT    -                     -    capture     r            4762                                                                                               
   ---------------------------------------------------------------------------------------------------------------------------------------------------------------------------------------------------------


Path 118:
   Slack (not met):                         -2895ps
     Path type:                               SETUP
     Group:                              <UDEF_clk>
     Launching clock:                           clk (rising edge)
     Capturing clock:                           clk (rising edge)

     Requested period:                       2000ps
   + Delay of the capturing clock:           2318ps
   - Clock uncertainty:                       150ps
   = Required time:                          4168ps
   - Propagation time:                       4751ps (46.8% logic, 53.2% route, logic stage 2)
   - Delay of the launching clock:           2312ps
   = Slack:                                 -2895ps

   Instance/Pin or Net Name                                                           Type         ID    Location or Fanout   Delay(ps)  Edge  Arrival Time(ps)    Instance detail                                                                                                                     
   ------------------------------------------------------------------------------------------------------------------------------------------------------------------------------------------------------------------------------------------------------------------------------------------------------
   clk                                                                                CLOCK-PORT    -                     -     launch     r               0                                                                                                                                           
   clk                                                                                Clock net     2          (fanout=352)       2312                     -                                                                                                                                           
   RBB_11/CLK                                                                         RBB_6L       11  [TILE 0 0, RBB 1 12]          -     r            2312                                                                                                                                           
   ------------------------------------------------------------------------------------------------------------------------------------------------------------------------------------------------------------------------------------------------------------------------------------------------------
   RBB_11/DQ                                                                          RBB_6L       11  [TILE 0 0, RBB 1 12]        800     r            3112     {inst62: u_spi_target.o_rx_data_valid_FDCE_Q_CE_LUT6_O_I3_LUT5_I4_O_FDCE_D (FDC,site=dff)}                                            
   u_spi_target.o_rx_data_valid_FDCE_Q_CE_LUT6_O_I3_LUT5_I4_O_FDCE_D_Q[0]             Net          36            (fanout=4)       1525                     -                                                                                                                                           
   RBB_9/B5                                                                           RBB_6L        9  [TILE 0 0, RBB 1 18]          -     r            4637                                                                                                                                           
   RBB_9/B                                                                            RBB_6L        9  [TILE 0 0, RBB 1 18]        729     r            5366     {inst60: u_spi_target.o_rx_data_valid_FDCE_Q_CE_LUT6_O_I3_CARRY4_CO_S_INV_O_I_LUT4_I3 (LUT,site=blut)}                                
   u_spi_target.o_rx_data_valid_FDCE_Q_CE_LUT6_O_I3_CARRY4_CO_S_INV_O_I_LUT4_I3_O[2]  Net          39            (fanout=6)       1002                     -                                                                                                                                           
   RBB_10/B6                                                                          RBB_6L       10  [TILE 0 0, RBB 1 20]          -     r            6368     {inst17: rx_data_strobe_FDCE_CE_2_Q_FDCE_Q_D_LUT6_O (LUT,site=blut,bluto)} {inst16: rx_data_strobe_FDCE_CE_2_Q_FDCE_Q (FDC,site=bff)} 
   ------------------------------------------------------------------------------------------------------------------------------------------------------------------------------------------------------------------------------------------------------------------------------------------------------
   RBB_10/CLK                                                                         RBB_6L       10  [TILE 0 0, RBB 1 20]        695     r            7063                                                                                                                                           
   clk                                                                                Clock net     2          (fanout=352)      -2318                     -                                                                                                                                           
   clk                                                                                CLOCK-PORT    -                     -    capture     r            4745                                                                                                                                           
   ------------------------------------------------------------------------------------------------------------------------------------------------------------------------------------------------------------------------------------------------------------------------------------------------------


Path 117:
   Slack (not met):                         -2882ps
     Path type:                               SETUP
     Group:                              <UDEF_clk>
     Launching clock:                           clk (rising edge)
     Capturing clock:                           clk (rising edge)

     Requested period:                       2000ps
   + Delay of the capturing clock:           2318ps
   - Clock uncertainty:                       150ps
   = Required time:                          4168ps
   - Propagation time:                       4738ps (47.9% logic, 52.1% route, logic stage 2)
   - Delay of the launching clock:           2312ps
   = Slack:                                 -2882ps

   Instance/Pin or Net Name                                                           Type         ID    Location or Fanout   Delay(ps)  Edge  Arrival Time(ps)    Instance detail                                                                                                                                                                                   
   --------------------------------------------------------------------------------------------------------------------------------------------------------------------------------------------------------------------------------------------------------------------------------------------------------------------------------------------------------------------
   clk                                                                                CLOCK-PORT    -                     -     launch     r               0                                                                                                                                                                                                         
   clk                                                                                Clock net     2          (fanout=352)       2312                     -                                                                                                                                                                                                         
   RBB_11/CLK                                                                         RBB_6L       11  [TILE 0 0, RBB 1 12]          -     r            2312                                                                                                                                                                                                         
   --------------------------------------------------------------------------------------------------------------------------------------------------------------------------------------------------------------------------------------------------------------------------------------------------------------------------------------------------------------------
   RBB_11/DQ                                                                          RBB_6L       11  [TILE 0 0, RBB 1 12]        800     r            3112     {inst62: u_spi_target.o_rx_data_valid_FDCE_Q_CE_LUT6_O_I3_LUT5_I4_O_FDCE_D (FDC,site=dff)}                                                                                                          
   u_spi_target.o_rx_data_valid_FDCE_Q_CE_LUT6_O_I3_LUT5_I4_O_FDCE_D_Q[0]             Net          36            (fanout=4)       1525                     -                                                                                                                                                                                                         
   RBB_9/B5                                                                           RBB_6L        9  [TILE 0 0, RBB 1 18]          -     r            4637                                                                                                                                                                                                         
   RBB_9/B                                                                            RBB_6L        9  [TILE 0 0, RBB 1 18]        729     r            5366     {inst60: u_spi_target.o_rx_data_valid_FDCE_Q_CE_LUT6_O_I3_CARRY4_CO_S_INV_O_I_LUT4_I3 (LUT,site=blut)}                                                                                              
   u_spi_target.o_rx_data_valid_FDCE_Q_CE_LUT6_O_I3_CARRY4_CO_S_INV_O_I_LUT4_I3_O[2]  Net          39            (fanout=6)        944                     -                                                                                                                                                                                                         
   RBB_14/B6                                                                          RBB_6L       14  [TILE 0 0, RBB 4 18]          -     r            6310     {inst33: spi_miso_LUT6_I0_I1_FDCE_Q_D_LUT6_O_I1_FDCE_Q_D_LUT6_O_I1_FDCE_Q_D_LUT6_O (LUT,site=clut,cluto)} {inst31: spi_miso_LUT6_I0_I1_FDCE_Q_D_LUT6_O_I1_FDCE_Q_D_LUT6_O_I1_FDCE_Q (FDC,site=cff)} 
   --------------------------------------------------------------------------------------------------------------------------------------------------------------------------------------------------------------------------------------------------------------------------------------------------------------------------------------------------------------------
   RBB_14/CLK                                                                         RBB_6L       14  [TILE 0 0, RBB 4 18]        740     r            7050                                                                                                                                                                                                         
   clk                                                                                Clock net     2          (fanout=352)      -2318                     -                                                                                                                                                                                                         
   clk                                                                                CLOCK-PORT    -                     -    capture     r            4732                                                                                                                                                                                                         
   --------------------------------------------------------------------------------------------------------------------------------------------------------------------------------------------------------------------------------------------------------------------------------------------------------------------------------------------------------------------


Path 36:
   Slack (not met):                         -2879ps
     Path type:                               SETUP
     Group:                              <UDEF_clk>
     Launching clock:                           clk (rising edge)
     Capturing clock:                           clk (rising edge)

     Requested period:                       2000ps
   + Delay of the capturing clock:           2159ps
   - Clock uncertainty:                       150ps
   = Required time:                          4009ps
   - Propagation time:                       4729ps (59.8% logic, 40.2% route, logic stage 2)
   - Delay of the launching clock:           2159ps
   = Slack:                                 -2879ps

   Instance/Pin or Net Name          Type         ID    Location or Fanout   Delay(ps)  Edge  Arrival Time(ps)    Instance detail                                                                                                       
   ---------------------------------------------------------------------------------------------------------------------------------------------------------------------------------------------------------------------------------------
   clk                               CLOCK-PORT    -                     -     launch     r               0                                                                                                                             
   clk                               Clock net     2          (fanout=352)       2159                     -                                                                                                                             
   RBB_12/CLK                        RBB_6L       12  [TILE 0 0, RBB 1 16]          -     r            2159                                                                                                                             
   ---------------------------------------------------------------------------------------------------------------------------------------------------------------------------------------------------------------------------------------
   RBB_12/CMUX                       RBB_6L       12  [TILE 0 0, RBB 1 16]       1380     r            3539     {inst64: u_spi_target.r_sck_sync_FDCE_Q (FDC,site=cffo)}                                                                
   u_spi_target.r_sck_sync[1]        Net          21            (fanout=3)        964                     -                                                                                                                             
   RBB_14/A2                         RBB_6L       14  [TILE 0 0, RBB 4 18]          -     r            4503                                                                                                                             
   RBB_14/A                          RBB_6L       14  [TILE 0 0, RBB 4 18]        653     r            5156     {inst71: u_spi_target.w_sck_edge_LUT2_O_I0_LUT2_I0 (LUT,site=alut)}                                                     
   spi_miso_en_INV_O_I_LUT2_I0_O[0]  Net          45            (fanout=8)        937                     -                                                                                                                             
   RBB_12/B4                         RBB_6L       12  [TILE 0 0, RBB 1 16]          -     r            6093     {inst27: spi_miso_LUT6_I0_I1_FDCE_Q_D_LUT6_O (LUT,site=blut,bluto)} {inst25: spi_miso_LUT6_I0_I1_FDCE_Q (FDC,site=bff)} 
   ---------------------------------------------------------------------------------------------------------------------------------------------------------------------------------------------------------------------------------------
   RBB_12/CLK                        RBB_6L       12  [TILE 0 0, RBB 1 16]        795     r            6888                                                                                                                             
   clk                               Clock net     2          (fanout=352)      -2159                     -                                                                                                                             
   clk                               CLOCK-PORT    -                     -    capture     r            4729                                                                                                                             
   ---------------------------------------------------------------------------------------------------------------------------------------------------------------------------------------------------------------------------------------


Path 261:
   Slack (not met):                         -2877ps
     Path type:                               SETUP
     Group:                              <UDEF_clk>
     Launching clock:                           clk (rising edge)
     Capturing clock:                           clk (rising edge)

     Requested period:                       2000ps
   + Delay of the capturing clock:           2311ps
   - Clock uncertainty:                       150ps
   = Required time:                          4161ps
   - Propagation time:                       4714ps (63.2% logic, 36.8% route, logic stage 2)
   - Delay of the launching clock:           2324ps
   = Slack:                                 -2877ps

   Instance/Pin or Net Name              Type         ID    Location or Fanout   Delay(ps)  Edge  Arrival Time(ps)    Instance detail                                                                                   
   -----------------------------------------------------------------------------------------------------------------------------------------------------------------------------------------------------------------------
   clk                                   CLOCK-PORT    -                     -     launch     r               0                                                                                                         
   clk                                   Clock net     2          (fanout=352)       2324                     -                                                                                                         
   RBB_13/CLK                            RBB_6L       13  [TILE 0 0, RBB 1 24]          -     r            2324                                                                                                         
   -----------------------------------------------------------------------------------------------------------------------------------------------------------------------------------------------------------------------
   RBB_13/DQ                             RBB_6L       13  [TILE 0 0, RBB 1 24]        800     r            3124     {inst44: u_spi_target.o_rx_data_FDCE_Q_3 (FDCE,site=dff)}                                           
   u_spi_target.o_rx_data[3]             Net          12            (fanout=2)       1733                     -                                                                                                         
   RBB_6/D1                              RBB_6L        6  [TILE 0 0, RBB 1 22]          -     r            4857                                                                                                         
   RBB_6/COUT                            RBB_6L        6  [TILE 0 0, RBB 1 22]       1560     r            6417     {inst40: u_spi_target.o_rx_data_CARRY4_S_1 (CARRY4)}                                                
   u_spi_target.o_rx_data_CARRY4_S_1_CO  Net          84            (fanout=1)          0                     -                                                                                                         
   RBB_7/CIN                             RBB_6L        7  [TILE 0 0, RBB 4 22]          -     r            6417     {inst39: u_spi_target.o_rx_data_CARRY4_S (CARRY4)} {inst11: rx_data_strobe_FDCE_CE (FDCE,site=aff)} 
   -----------------------------------------------------------------------------------------------------------------------------------------------------------------------------------------------------------------------
   RBB_7/CLK                             RBB_6L        7  [TILE 0 0, RBB 4 22]        621     r            7038                                                                                                         
   clk                                   Clock net     2          (fanout=352)      -2311                     -                                                                                                         
   clk                                   CLOCK-PORT    -                     -    capture     r            4727                                                                                                         
   -----------------------------------------------------------------------------------------------------------------------------------------------------------------------------------------------------------------------


Path 115:
   Slack (not met):                         -2874ps
     Path type:                               SETUP
     Group:                              <UDEF_clk>
     Launching clock:                           clk (rising edge)
     Capturing clock:                           clk (rising edge)

     Requested period:                       2000ps
   + Delay of the capturing clock:           2318ps
   - Clock uncertainty:                       150ps
   = Required time:                          4168ps
   - Propagation time:                       4730ps (47.8% logic, 52.2% route, logic stage 2)
   - Delay of the launching clock:           2312ps
   = Slack:                                 -2874ps

   Instance/Pin or Net Name                                                           Type         ID    Location or Fanout   Delay(ps)  Edge  Arrival Time(ps)    Instance detail                                                                                                                                             
   ------------------------------------------------------------------------------------------------------------------------------------------------------------------------------------------------------------------------------------------------------------------------------------------------------------------------------
   clk                                                                                CLOCK-PORT    -                     -     launch     r               0                                                                                                                                                                   
   clk                                                                                Clock net     2          (fanout=352)       2312                     -                                                                                                                                                                   
   RBB_11/CLK                                                                         RBB_6L       11  [TILE 0 0, RBB 1 12]          -     r            2312                                                                                                                                                                   
   ------------------------------------------------------------------------------------------------------------------------------------------------------------------------------------------------------------------------------------------------------------------------------------------------------------------------------
   RBB_11/DQ                                                                          RBB_6L       11  [TILE 0 0, RBB 1 12]        800     r            3112     {inst62: u_spi_target.o_rx_data_valid_FDCE_Q_CE_LUT6_O_I3_LUT5_I4_O_FDCE_D (FDC,site=dff)}                                                                    
   u_spi_target.o_rx_data_valid_FDCE_Q_CE_LUT6_O_I3_LUT5_I4_O_FDCE_D_Q[0]             Net          36            (fanout=4)       1525                     -                                                                                                                                                                   
   RBB_9/B5                                                                           RBB_6L        9  [TILE 0 0, RBB 1 18]          -     r            4637                                                                                                                                                                   
   RBB_9/B                                                                            RBB_6L        9  [TILE 0 0, RBB 1 18]        729     r            5366     {inst60: u_spi_target.o_rx_data_valid_FDCE_Q_CE_LUT6_O_I3_CARRY4_CO_S_INV_O_I_LUT4_I3 (LUT,site=blut)}                                                        
   u_spi_target.o_rx_data_valid_FDCE_Q_CE_LUT6_O_I3_CARRY4_CO_S_INV_O_I_LUT4_I3_O[2]  Net          39            (fanout=6)        944                     -                                                                                                                                                                   
   RBB_14/B6                                                                          RBB_6L       14  [TILE 0 0, RBB 4 18]          -     r            6310     {inst30: spi_miso_LUT6_I0_I1_FDCE_Q_D_LUT6_O_I1_FDCE_Q_D_LUT6_O (LUT,site=dlut,dluto)} {inst28: spi_miso_LUT6_I0_I1_FDCE_Q_D_LUT6_O_I1_FDCE_Q (FDC,site=dff)} 
   ------------------------------------------------------------------------------------------------------------------------------------------------------------------------------------------------------------------------------------------------------------------------------------------------------------------------------
   RBB_14/CLK                                                                         RBB_6L       14  [TILE 0 0, RBB 4 18]        732     r            7042                                                                                                                                                                   
   clk                                                                                Clock net     2          (fanout=352)      -2318                     -                                                                                                                                                                   
   clk                                                                                CLOCK-PORT    -                     -    capture     r            4724                                                                                                                                                                   
   ------------------------------------------------------------------------------------------------------------------------------------------------------------------------------------------------------------------------------------------------------------------------------------------------------------------------------


Path 119:
   Slack (not met):                         -2865ps
     Path type:                               SETUP
     Group:                              <UDEF_clk>
     Launching clock:                           clk (rising edge)
     Capturing clock:                           clk (rising edge)

     Requested period:                       2000ps
   + Delay of the capturing clock:           2318ps
   - Clock uncertainty:                       150ps
   = Required time:                          4168ps
   - Propagation time:                       4721ps (46.5% logic, 53.5% route, logic stage 2)
   - Delay of the launching clock:           2312ps
   = Slack:                                 -2865ps

   Instance/Pin or Net Name                                                           Type         ID    Location or Fanout   Delay(ps)  Edge  Arrival Time(ps)    Instance detail                                                                                                                     
   ------------------------------------------------------------------------------------------------------------------------------------------------------------------------------------------------------------------------------------------------------------------------------------------------------
   clk                                                                                CLOCK-PORT    -                     -     launch     r               0                                                                                                                                           
   clk                                                                                Clock net     2          (fanout=352)       2312                     -                                                                                                                                           
   RBB_11/CLK                                                                         RBB_6L       11  [TILE 0 0, RBB 1 12]          -     r            2312                                                                                                                                           
   ------------------------------------------------------------------------------------------------------------------------------------------------------------------------------------------------------------------------------------------------------------------------------------------------------
   RBB_11/DQ                                                                          RBB_6L       11  [TILE 0 0, RBB 1 12]        800     r            3112     {inst62: u_spi_target.o_rx_data_valid_FDCE_Q_CE_LUT6_O_I3_LUT5_I4_O_FDCE_D (FDC,site=dff)}                                            
   u_spi_target.o_rx_data_valid_FDCE_Q_CE_LUT6_O_I3_LUT5_I4_O_FDCE_D_Q[0]             Net          36            (fanout=4)       1525                     -                                                                                                                                           
   RBB_9/B5                                                                           RBB_6L        9  [TILE 0 0, RBB 1 18]          -     r            4637                                                                                                                                           
   RBB_9/B                                                                            RBB_6L        9  [TILE 0 0, RBB 1 18]        729     r            5366     {inst60: u_spi_target.o_rx_data_valid_FDCE_Q_CE_LUT6_O_I3_CARRY4_CO_S_INV_O_I_LUT4_I3 (LUT,site=blut)}                                
   u_spi_target.o_rx_data_valid_FDCE_Q_CE_LUT6_O_I3_CARRY4_CO_S_INV_O_I_LUT4_I3_O[2]  Net          39            (fanout=6)       1002                     -                                                                                                                                           
   RBB_10/B6                                                                          RBB_6L       10  [TILE 0 0, RBB 1 20]          -     r            6368     {inst14: rx_data_strobe_FDCE_CE_1_Q_FDCE_Q_D_LUT6_O (LUT,site=clut,cluto)} {inst13: rx_data_strobe_FDCE_CE_1_Q_FDCE_Q (FDC,site=cff)} 
   ------------------------------------------------------------------------------------------------------------------------------------------------------------------------------------------------------------------------------------------------------------------------------------------------------
   RBB_10/CLK                                                                         RBB_6L       10  [TILE 0 0, RBB 1 20]        665     r            7033                                                                                                                                           
   clk                                                                                Clock net     2          (fanout=352)      -2318                     -                                                                                                                                           
   clk                                                                                CLOCK-PORT    -                     -    capture     r            4715                                                                                                                                           
   ------------------------------------------------------------------------------------------------------------------------------------------------------------------------------------------------------------------------------------------------------------------------------------------------------


Path 5:
   Slack (not met):                         -2861ps
     Path type:                               SETUP
     Group:                              <UDEF_clk>
     Launching clock:                           clk (rising edge)
     Capturing clock:                           clk (rising edge)

     Requested period:                       2000ps
   + Delay of the capturing clock:           2353ps
   - Clock uncertainty:                       150ps
   = Required time:                          4203ps
   - Propagation time:                       4746ps (63.3% logic, 36.7% route, logic stage 2)
   - Delay of the launching clock:           2318ps
   = Slack:                                 -2861ps

   Instance/Pin or Net Name              Type         ID    Location or Fanout   Delay(ps)  Edge  Arrival Time(ps)    Instance detail                                                                               
   -------------------------------------------------------------------------------------------------------------------------------------------------------------------------------------------------------------------
   clk                                   CLOCK-PORT    -                     -     launch     r               0                                                                                                     
   clk                                   Clock net     2          (fanout=352)       2318                     -                                                                                                     
   RBB_14/CLK                            RBB_6L       14  [TILE 0 0, RBB 4 18]          -     r            2318                                                                                                     
   -------------------------------------------------------------------------------------------------------------------------------------------------------------------------------------------------------------------
   RBB_14/DMUX                           RBB_6L       14  [TILE 0 0, RBB 4 18]       1333     r            3651     {inst70: u_spi_target.w_sck_edge_LUT2_O_I0_FDCE_Q (FDC,site=dffo)}                              
   u_spi_target.w_sck_edge_LUT2_O_I0[0]  Net          68            (fanout=2)        871                     -                                                                                                     
   RBB_9/D1                              RBB_6L        9  [TILE 0 0, RBB 1 18]          -     r            4522                                                                                                     
   RBB_9/DMUX                            RBB_6L        9  [TILE 0 0, RBB 1 18]        608     r            5130     {inst69: u_spi_target.w_sck_edge_LUT2_O (LUT,site=dluto)}                                       
   u_spi_target.w_sck_edge               Net          22            (fanout=8)        871                     -                                                                                                     
   RBB_2/CE                              IOB           2  [TILE 0 0, RBB 0 22]          -     r            6001     {(input_port) inst77: g_77_spi_mosi_ibuf (IO)} {inst47: u_spi_target.o_rx_data_FDCE_Q_6 (FDCE)} 
   -------------------------------------------------------------------------------------------------------------------------------------------------------------------------------------------------------------------
   RBB_2/CLK                             IOB           2  [TILE 0 0, RBB 0 22]       1063     r            7064                                                                                                     
   clk                                   Clock net     2          (fanout=352)      -2353                     -                                                                                                     
   clk                                   CLOCK-PORT    -                     -    capture     r            4711                                                                                                     
   -------------------------------------------------------------------------------------------------------------------------------------------------------------------------------------------------------------------


Path 31:
   Slack (not met):                         -2853ps
     Path type:                               SETUP
     Group:                              <UDEF_clk>
     Launching clock:                           clk (rising edge)
     Capturing clock:                           clk (rising edge)

     Requested period:                       2000ps
   + Delay of the capturing clock:           2159ps
   - Clock uncertainty:                       150ps
   = Required time:                          4009ps
   - Propagation time:                       4703ps (59.3% logic, 40.7% route, logic stage 2)
   - Delay of the launching clock:           2159ps
   = Slack:                                 -2853ps

   Instance/Pin or Net Name          Type         ID    Location or Fanout   Delay(ps)  Edge  Arrival Time(ps)    Instance detail                                                                         
   ---------------------------------------------------------------------------------------------------------------------------------------------------------------------------------------------------------
   clk                               CLOCK-PORT    -                     -     launch     r               0                                                                                               
   clk                               Clock net     2          (fanout=352)       2159                     -                                                                                               
   RBB_12/CLK                        RBB_6L       12  [TILE 0 0, RBB 1 16]          -     r            2159                                                                                               
   ---------------------------------------------------------------------------------------------------------------------------------------------------------------------------------------------------------
   RBB_12/CMUX                       RBB_6L       12  [TILE 0 0, RBB 1 16]       1380     r            3539     {inst64: u_spi_target.r_sck_sync_FDCE_Q (FDC,site=cffo)}                                  
   u_spi_target.r_sck_sync[1]        Net          21            (fanout=3)        964                     -                                                                                               
   RBB_14/A2                         RBB_6L       14  [TILE 0 0, RBB 4 18]          -     r            4503                                                                                               
   RBB_14/A                          RBB_6L       14  [TILE 0 0, RBB 4 18]        653     r            5156     {inst71: u_spi_target.w_sck_edge_LUT2_O_I0_LUT2_I0 (LUT,site=alut)}                       
   spi_miso_en_INV_O_I_LUT2_I0_O[0]  Net          45            (fanout=8)        952                     -                                                                                               
   RBB_12/C4                         RBB_6L       12  [TILE 0 0, RBB 1 16]          -     r            6108     {inst24: spi_miso_LUT6_I0 (LUT,site=clut,cluto)} {inst23: spi_miso_FDCE_Q (FDC,site=cff)} 
   ---------------------------------------------------------------------------------------------------------------------------------------------------------------------------------------------------------
   RBB_12/CLK                        RBB_6L       12  [TILE 0 0, RBB 1 16]        754     r            6862                                                                                               
   clk                               Clock net     2          (fanout=352)      -2159                     -                                                                                               
   clk                               CLOCK-PORT    -                     -    capture     r            4703                                                                                               
   ---------------------------------------------------------------------------------------------------------------------------------------------------------------------------------------------------------


Path 49:
   Slack (not met):                         -2852ps
     Path type:                               SETUP
     Group:                              <UDEF_clk>
     Launching clock:                           clk (rising edge)
     Capturing clock:                           clk (rising edge)

     Requested period:                       2000ps
   + Delay of the capturing clock:           2159ps
   - Clock uncertainty:                       150ps
   = Required time:                          4009ps
   - Propagation time:                       4543ps (64.6% logic, 35.4% route, logic stage 2)
   - Delay of the launching clock:           2318ps
   = Slack:                                 -2852ps

   Instance/Pin or Net Name          Type         ID    Location or Fanout   Delay(ps)  Edge  Arrival Time(ps)    Instance detail                                                                                                       
   ---------------------------------------------------------------------------------------------------------------------------------------------------------------------------------------------------------------------------------------
   clk                               CLOCK-PORT    -                     -     launch     r               0                                                                                                                             
   clk                               Clock net     2          (fanout=352)       2318                     -                                                                                                                             
   RBB_10/CLK                        RBB_6L       10  [TILE 0 0, RBB 1 20]          -     r            2318                                                                                                                             
   ---------------------------------------------------------------------------------------------------------------------------------------------------------------------------------------------------------------------------------------
   RBB_10/DMUX                       RBB_6L       10  [TILE 0 0, RBB 1 20]       1466     r            3784     {inst37: spi_miso_en_INV_O_I_FDPE_Q (FDP,site=dffo)}                                                                    
   spi_miso_en_INV_O_I               Net          47            (fanout=2)        957                     -                                                                                                                             
   RBB_12/A2                         RBB_6L       12  [TILE 0 0, RBB 1 16]          -     r            4741                                                                                                                             
   RBB_12/A                          RBB_6L       12  [TILE 0 0, RBB 1 16]        665     r            5406     {inst38: spi_miso_en_INV_O_I_LUT2_I0 (LUT,site=alut)}                                                                   
   spi_miso_en_INV_O_I_LUT2_I0_O[1]  Net          46            (fanout=8)        653                     -                                                                                                                             
   RBB_12/B3                         RBB_6L       12  [TILE 0 0, RBB 1 16]          -     r            6059     {inst27: spi_miso_LUT6_I0_I1_FDCE_Q_D_LUT6_O (LUT,site=blut,bluto)} {inst25: spi_miso_LUT6_I0_I1_FDCE_Q (FDC,site=bff)} 
   ---------------------------------------------------------------------------------------------------------------------------------------------------------------------------------------------------------------------------------------
   RBB_12/CLK                        RBB_6L       12  [TILE 0 0, RBB 1 16]        802     r            6861                                                                                                                             
   clk                               Clock net     2          (fanout=352)      -2159                     -                                                                                                                             
   clk                               CLOCK-PORT    -                     -    capture     r            4702                                                                                                                             
   ---------------------------------------------------------------------------------------------------------------------------------------------------------------------------------------------------------------------------------------


Path 116:
   Slack (not met):                         -2845ps
     Path type:                               SETUP
     Group:                              <UDEF_clk>
     Launching clock:                           clk (rising edge)
     Capturing clock:                           clk (rising edge)

     Requested period:                       2000ps
   + Delay of the capturing clock:           2318ps
   - Clock uncertainty:                       150ps
   = Required time:                          4168ps
   - Propagation time:                       4701ps (47.5% logic, 52.5% route, logic stage 2)
   - Delay of the launching clock:           2312ps
   = Slack:                                 -2845ps

   Instance/Pin or Net Name                                                           Type         ID    Location or Fanout   Delay(ps)  Edge  Arrival Time(ps)    Instance detail                                                                                                                                                                                                                         
   ----------------------------------------------------------------------------------------------------------------------------------------------------------------------------------------------------------------------------------------------------------------------------------------------------------------------------------------------------------------------------------------------------------
   clk                                                                                CLOCK-PORT    -                     -     launch     r               0                                                                                                                                                                                                                                               
   clk                                                                                Clock net     2          (fanout=352)       2312                     -                                                                                                                                                                                                                                               
   RBB_11/CLK                                                                         RBB_6L       11  [TILE 0 0, RBB 1 12]          -     r            2312                                                                                                                                                                                                                                               
   ----------------------------------------------------------------------------------------------------------------------------------------------------------------------------------------------------------------------------------------------------------------------------------------------------------------------------------------------------------------------------------------------------------
   RBB_11/DQ                                                                          RBB_6L       11  [TILE 0 0, RBB 1 12]        800     r            3112     {inst62: u_spi_target.o_rx_data_valid_FDCE_Q_CE_LUT6_O_I3_LUT5_I4_O_FDCE_D (FDC,site=dff)}                                                                                                                                                
   u_spi_target.o_rx_data_valid_FDCE_Q_CE_LUT6_O_I3_LUT5_I4_O_FDCE_D_Q[0]             Net          36            (fanout=4)       1525                     -                                                                                                                                                                                                                                               
   RBB_9/B5                                                                           RBB_6L        9  [TILE 0 0, RBB 1 18]          -     r            4637                                                                                                                                                                                                                                               
   RBB_9/B                                                                            RBB_6L        9  [TILE 0 0, RBB 1 18]        729     r            5366     {inst60: u_spi_target.o_rx_data_valid_FDCE_Q_CE_LUT6_O_I3_CARRY4_CO_S_INV_O_I_LUT4_I3 (LUT,site=blut)}                                                                                                                                    
   u_spi_target.o_rx_data_valid_FDCE_Q_CE_LUT6_O_I3_CARRY4_CO_S_INV_O_I_LUT4_I3_O[2]  Net          39            (fanout=6)        944                     -                                                                                                                                                                                                                                               
   RBB_14/B6                                                                          RBB_6L       14  [TILE 0 0, RBB 4 18]          -     r            6310     {inst35: spi_miso_LUT6_I0_I1_FDCE_Q_D_LUT6_O_I1_FDCE_Q_D_LUT6_O_I1_FDCE_Q_D_LUT6_O_I1_FDCE_Q_D_LUT6_O (LUT,site=blut,bluto)} {inst34: spi_miso_LUT6_I0_I1_FDCE_Q_D_LUT6_O_I1_FDCE_Q_D_LUT6_O_I1_FDCE_Q_D_LUT6_O_I1_FDCE_Q (FDC,site=bff)} 
   ----------------------------------------------------------------------------------------------------------------------------------------------------------------------------------------------------------------------------------------------------------------------------------------------------------------------------------------------------------------------------------------------------------
   RBB_14/CLK                                                                         RBB_6L       14  [TILE 0 0, RBB 4 18]        703     r            7013                                                                                                                                                                                                                                               
   clk                                                                                Clock net     2          (fanout=352)      -2318                     -                                                                                                                                                                                                                                               
   clk                                                                                CLOCK-PORT    -                     -    capture     r            4695                                                                                                                                                                                                                                               
   ----------------------------------------------------------------------------------------------------------------------------------------------------------------------------------------------------------------------------------------------------------------------------------------------------------------------------------------------------------------------------------------------------------


Path 7:
   Slack (not met):                         -2830ps
     Path type:                               SETUP
     Group:                              <UDEF_clk>
     Launching clock:                           clk (rising edge)
     Capturing clock:                           clk (rising edge)

     Requested period:                       2000ps
   + Delay of the capturing clock:           2312ps
   - Clock uncertainty:                       150ps
   = Required time:                          4162ps
   - Propagation time:                       4674ps (61.3% logic, 38.7% route, logic stage 2)
   - Delay of the launching clock:           2318ps
   = Slack:                                 -2830ps

   Instance/Pin or Net Name              Type         ID    Location or Fanout   Delay(ps)  Edge  Arrival Time(ps)    Instance detail                                                                                                                                                             
   -------------------------------------------------------------------------------------------------------------------------------------------------------------------------------------------------------------------------------------------------------------------------------------------------
   clk                                   CLOCK-PORT    -                     -     launch     r               0                                                                                                                                                                                   
   clk                                   Clock net     2          (fanout=352)       2318                     -                                                                                                                                                                                   
   RBB_14/CLK                            RBB_6L       14  [TILE 0 0, RBB 4 18]          -     r            2318                                                                                                                                                                                   
   -------------------------------------------------------------------------------------------------------------------------------------------------------------------------------------------------------------------------------------------------------------------------------------------------
   RBB_14/DMUX                           RBB_6L       14  [TILE 0 0, RBB 4 18]       1333     r            3651     {inst70: u_spi_target.w_sck_edge_LUT2_O_I0_FDCE_Q (FDC,site=dffo)}                                                                                                            
   u_spi_target.w_sck_edge_LUT2_O_I0[0]  Net          68            (fanout=2)        871                     -                                                                                                                                                                                   
   RBB_9/D1                              RBB_6L        9  [TILE 0 0, RBB 1 18]          -     r            4522                                                                                                                                                                                   
   RBB_9/DMUX                            RBB_6L        9  [TILE 0 0, RBB 1 18]        608     r            5130     {inst69: u_spi_target.w_sck_edge_LUT2_O (LUT,site=dluto)}                                                                                                                     
   u_spi_target.w_sck_edge               Net          22            (fanout=8)        937                     -                                                                                                                                                                                   
   RBB_11/D1                             RBB_6L       11  [TILE 0 0, RBB 1 12]          -     r            6067     {inst61: u_spi_target.o_rx_data_valid_FDCE_Q_CE_LUT6_O_I3_LUT5_I4 (LUT,site=dlut)} {inst62: u_spi_target.o_rx_data_valid_FDCE_Q_CE_LUT6_O_I3_LUT5_I4_O_FDCE_D (FDC,site=dff)} 
   -------------------------------------------------------------------------------------------------------------------------------------------------------------------------------------------------------------------------------------------------------------------------------------------------
   RBB_11/CLK                            RBB_6L       11  [TILE 0 0, RBB 1 12]        925     r            6992                                                                                                                                                                                   
   clk                                   Clock net     2          (fanout=352)      -2312                     -                                                                                                                                                                                   
   clk                                   CLOCK-PORT    -                     -    capture     r            4680                                                                                                                                                                                   
   -------------------------------------------------------------------------------------------------------------------------------------------------------------------------------------------------------------------------------------------------------------------------------------------------


Path 8:
   Slack (not met):                         -2785ps
     Path type:                               SETUP
     Group:                              <UDEF_clk>
     Launching clock:                           clk (rising edge)
     Capturing clock:                           clk (rising edge)

     Requested period:                       2000ps
   + Delay of the capturing clock:           2318ps
   - Clock uncertainty:                       150ps
   = Required time:                          4168ps
   - Propagation time:                       4635ps (61.8% logic, 38.2% route, logic stage 2)
   - Delay of the launching clock:           2318ps
   = Slack:                                 -2785ps

   Instance/Pin or Net Name              Type         ID    Location or Fanout   Delay(ps)  Edge  Arrival Time(ps)    Instance detail                                                                                                                                                                                         
   -----------------------------------------------------------------------------------------------------------------------------------------------------------------------------------------------------------------------------------------------------------------------------------------------------------------------------
   clk                                   CLOCK-PORT    -                     -     launch     r               0                                                                                                                                                                                                               
   clk                                   Clock net     2          (fanout=352)       2318                     -                                                                                                                                                                                                               
   RBB_14/CLK                            RBB_6L       14  [TILE 0 0, RBB 4 18]          -     r            2318                                                                                                                                                                                                               
   -----------------------------------------------------------------------------------------------------------------------------------------------------------------------------------------------------------------------------------------------------------------------------------------------------------------------------
   RBB_14/DMUX                           RBB_6L       14  [TILE 0 0, RBB 4 18]       1333     r            3651     {inst70: u_spi_target.w_sck_edge_LUT2_O_I0_FDCE_Q (FDC,site=dffo)}                                                                                                                                        
   u_spi_target.w_sck_edge_LUT2_O_I0[0]  Net          68            (fanout=2)        871                     -                                                                                                                                                                                                               
   RBB_9/D1                              RBB_6L        9  [TILE 0 0, RBB 1 18]          -     r            4522                                                                                                                                                                                                               
   RBB_9/DMUX                            RBB_6L        9  [TILE 0 0, RBB 1 18]        608     r            5130     {inst69: u_spi_target.w_sck_edge_LUT2_O (LUT,site=dluto)}                                                                                                                                                 
   u_spi_target.w_sck_edge               Net          22            (fanout=8)        898                     -                                                                                                                                                                                                               
   RBB_10/D2                             RBB_6L       10  [TILE 0 0, RBB 1 20]          -     r            6028     {inst53: u_spi_target.o_rx_data_valid_FDCE_Q_CE_LUT6_O_I3_CARRY4_CO_O_1_LUT4_I3 (LUT,site=dlut)} {inst54: u_spi_target.o_rx_data_valid_FDCE_Q_CE_LUT6_O_I3_CARRY4_CO_O_1_LUT4_I3_O_FDCE_D (FDC,site=dff)} 
   -----------------------------------------------------------------------------------------------------------------------------------------------------------------------------------------------------------------------------------------------------------------------------------------------------------------------------
   RBB_10/CLK                            RBB_6L       10  [TILE 0 0, RBB 1 20]        925     r            6953                                                                                                                                                                                                               
   clk                                   Clock net     2          (fanout=352)      -2318                     -                                                                                                                                                                                                               
   clk                                   CLOCK-PORT    -                     -    capture     r            4635                                                                                                                                                                                                               
   -----------------------------------------------------------------------------------------------------------------------------------------------------------------------------------------------------------------------------------------------------------------------------------------------------------------------------


Path 43:
   Slack (not met):                         -2722ps
     Path type:                               SETUP
     Group:                              <UDEF_clk>
     Launching clock:                           clk (rising edge)
     Capturing clock:                           clk (rising edge)

     Requested period:                       2000ps
   + Delay of the capturing clock:           2324ps
   - Clock uncertainty:                       150ps
   = Required time:                          4174ps
   - Propagation time:                       4578ps (53.5% logic, 46.5% route, logic stage 2)
   - Delay of the launching clock:           2318ps
   = Slack:                                 -2722ps

   Instance/Pin or Net Name              Type         ID    Location or Fanout   Delay(ps)  Edge  Arrival Time(ps)    Instance detail                                                  
   --------------------------------------------------------------------------------------------------------------------------------------------------------------------------------------
   clk                                   CLOCK-PORT    -                     -     launch     r               0                                                                        
   clk                                   Clock net     2          (fanout=352)       2318                     -                                                                        
   RBB_14/CLK                            RBB_6L       14  [TILE 0 0, RBB 4 18]          -     r            2318                                                                        
   --------------------------------------------------------------------------------------------------------------------------------------------------------------------------------------
   RBB_14/DMUX                           RBB_6L       14  [TILE 0 0, RBB 4 18]       1333     r            3651     {inst70: u_spi_target.w_sck_edge_LUT2_O_I0_FDCE_Q (FDC,site=dffo)} 
   u_spi_target.w_sck_edge_LUT2_O_I0[0]  Net          68            (fanout=2)        871                     -                                                                        
   RBB_9/D1                              RBB_6L        9  [TILE 0 0, RBB 1 18]          -     r            4522                                                                        
   RBB_9/DMUX                            RBB_6L        9  [TILE 0 0, RBB 1 18]        608     r            5130     {inst69: u_spi_target.w_sck_edge_LUT2_O (LUT,site=dluto)}          
   u_spi_target.w_sck_edge               Net          22            (fanout=8)       1260                     -                                                                        
   RBB_13/A6                             RBB_6L       13  [TILE 0 0, RBB 1 24]          -     r            6390     {<CE>inst42: u_spi_target.o_rx_data_FDCE_Q_1 (FDCE,site=dffo)}     
   --------------------------------------------------------------------------------------------------------------------------------------------------------------------------------------
   RBB_13/CLK                            RBB_6L       13  [TILE 0 0, RBB 1 24]        506     r            6896                                                                        
   clk                                   Clock net     2          (fanout=352)      -2324                     -                                                                        
   clk                                   CLOCK-PORT    -                     -    capture     r            4572                                                                        
   --------------------------------------------------------------------------------------------------------------------------------------------------------------------------------------


Path 9:
   Slack (not met):                         -2720ps
     Path type:                               SETUP
     Group:                              <UDEF_clk>
     Launching clock:                           clk (rising edge)
     Capturing clock:                           clk (rising edge)

     Requested period:                       2000ps
   + Delay of the capturing clock:           2159ps
   - Clock uncertainty:                       150ps
   = Required time:                          4009ps
   - Propagation time:                       4411ps (65.1% logic, 34.9% route, logic stage 2)
   - Delay of the launching clock:           2318ps
   = Slack:                                 -2720ps

   Instance/Pin or Net Name              Type         ID    Location or Fanout   Delay(ps)  Edge  Arrival Time(ps)    Instance detail                                                                                                                                                                                                     
   -----------------------------------------------------------------------------------------------------------------------------------------------------------------------------------------------------------------------------------------------------------------------------------------------------------------------------------------
   clk                                   CLOCK-PORT    -                     -     launch     r               0                                                                                                                                                                                                                           
   clk                                   Clock net     2          (fanout=352)       2318                     -                                                                                                                                                                                                                           
   RBB_14/CLK                            RBB_6L       14  [TILE 0 0, RBB 4 18]          -     r            2318                                                                                                                                                                                                                           
   -----------------------------------------------------------------------------------------------------------------------------------------------------------------------------------------------------------------------------------------------------------------------------------------------------------------------------------------
   RBB_14/DMUX                           RBB_6L       14  [TILE 0 0, RBB 4 18]       1333     r            3651     {inst70: u_spi_target.w_sck_edge_LUT2_O_I0_FDCE_Q (FDC,site=dffo)}                                                                                                                                                    
   u_spi_target.w_sck_edge_LUT2_O_I0[0]  Net          68            (fanout=2)        871                     -                                                                                                                                                                                                                           
   RBB_9/D1                              RBB_6L        9  [TILE 0 0, RBB 1 18]          -     r            4522                                                                                                                                                                                                                           
   RBB_9/DMUX                            RBB_6L        9  [TILE 0 0, RBB 1 18]        608     r            5130     {inst69: u_spi_target.w_sck_edge_LUT2_O (LUT,site=dluto)}                                                                                                                                                             
   u_spi_target.w_sck_edge               Net          22            (fanout=8)        670                     -                                                                                                                                                                                                                           
   RBB_12/D2                             RBB_6L       12  [TILE 0 0, RBB 1 16]          -     r            5800     {inst59: u_spi_target.o_rx_data_valid_FDCE_Q_CE_LUT6_O_I3_CARRY4_CO_S_INV_O_I_FDCE_Q_D_LUT3_O (LUT,site=dluto)} {inst58: u_spi_target.o_rx_data_valid_FDCE_Q_CE_LUT6_O_I3_CARRY4_CO_S_INV_O_I_FDCE_Q (FDC,site=dffo)} 
   -----------------------------------------------------------------------------------------------------------------------------------------------------------------------------------------------------------------------------------------------------------------------------------------------------------------------------------------
   RBB_12/CLK                            RBB_6L       12  [TILE 0 0, RBB 1 16]        929     r            6729                                                                                                                                                                                                                           
   clk                                   Clock net     2          (fanout=352)      -2159                     -                                                                                                                                                                                                                           
   clk                                   CLOCK-PORT    -                     -    capture     r            4570                                                                                                                                                                                                                           
   -----------------------------------------------------------------------------------------------------------------------------------------------------------------------------------------------------------------------------------------------------------------------------------------------------------------------------------------


Path 121:
   Slack (not met):                         -2717ps
     Path type:                               SETUP
     Group:                              <UDEF_clk>
     Launching clock:                           clk (rising edge)
     Capturing clock:                           clk (rising edge)

     Requested period:                       2000ps
   + Delay of the capturing clock:           2159ps
   - Clock uncertainty:                       150ps
   = Required time:                          4009ps
   - Propagation time:                       4414ps (50.6% logic, 49.4% route, logic stage 2)
   - Delay of the launching clock:           2312ps
   = Slack:                                 -2717ps

   Instance/Pin or Net Name                                                           Type         ID    Location or Fanout   Delay(ps)  Edge  Arrival Time(ps)    Instance detail                                                                                                       
   ----------------------------------------------------------------------------------------------------------------------------------------------------------------------------------------------------------------------------------------------------------------------------------------
   clk                                                                                CLOCK-PORT    -                     -     launch     r               0                                                                                                                             
   clk                                                                                Clock net     2          (fanout=352)       2312                     -                                                                                                                             
   RBB_11/CLK                                                                         RBB_6L       11  [TILE 0 0, RBB 1 12]          -     r            2312                                                                                                                             
   ----------------------------------------------------------------------------------------------------------------------------------------------------------------------------------------------------------------------------------------------------------------------------------------
   RBB_11/DQ                                                                          RBB_6L       11  [TILE 0 0, RBB 1 12]        800     r            3112     {inst62: u_spi_target.o_rx_data_valid_FDCE_Q_CE_LUT6_O_I3_LUT5_I4_O_FDCE_D (FDC,site=dff)}                              
   u_spi_target.o_rx_data_valid_FDCE_Q_CE_LUT6_O_I3_LUT5_I4_O_FDCE_D_Q[0]             Net          36            (fanout=4)       1525                     -                                                                                                                             
   RBB_9/B5                                                                           RBB_6L        9  [TILE 0 0, RBB 1 18]          -     r            4637                                                                                                                             
   RBB_9/B                                                                            RBB_6L        9  [TILE 0 0, RBB 1 18]        729     r            5366     {inst60: u_spi_target.o_rx_data_valid_FDCE_Q_CE_LUT6_O_I3_CARRY4_CO_S_INV_O_I_LUT4_I3 (LUT,site=blut)}                  
   u_spi_target.o_rx_data_valid_FDCE_Q_CE_LUT6_O_I3_CARRY4_CO_S_INV_O_I_LUT4_I3_O[2]  Net          39            (fanout=6)        657                     -                                                                                                                             
   RBB_12/B6                                                                          RBB_6L       12  [TILE 0 0, RBB 1 16]          -     r            6023     {inst27: spi_miso_LUT6_I0_I1_FDCE_Q_D_LUT6_O (LUT,site=blut,bluto)} {inst25: spi_miso_LUT6_I0_I1_FDCE_Q (FDC,site=bff)} 
   ----------------------------------------------------------------------------------------------------------------------------------------------------------------------------------------------------------------------------------------------------------------------------------------
   RBB_12/CLK                                                                         RBB_6L       12  [TILE 0 0, RBB 1 16]        703     r            6726                                                                                                                             
   clk                                                                                Clock net     2          (fanout=352)      -2159                     -                                                                                                                             
   clk                                                                                CLOCK-PORT    -                     -    capture     r            4567                                                                                                                             
   ----------------------------------------------------------------------------------------------------------------------------------------------------------------------------------------------------------------------------------------------------------------------------------------


Path 120:
   Slack (not met):                         -2713ps
     Path type:                               SETUP
     Group:                              <UDEF_clk>
     Launching clock:                           clk (rising edge)
     Capturing clock:                           clk (rising edge)

     Requested period:                       2000ps
   + Delay of the capturing clock:           2319ps
   - Clock uncertainty:                       150ps
   = Required time:                          4169ps
   - Propagation time:                       4570ps (52.4% logic, 47.6% route, logic stage 2)
   - Delay of the launching clock:           2312ps
   = Slack:                                 -2713ps

   Instance/Pin or Net Name                                                           Type         ID    Location or Fanout   Delay(ps)  Edge  Arrival Time(ps)    Instance detail                                                                                                                    
   -----------------------------------------------------------------------------------------------------------------------------------------------------------------------------------------------------------------------------------------------------------------------------------------------------
   clk                                                                                CLOCK-PORT    -                     -     launch     r               0                                                                                                                                          
   clk                                                                                Clock net     2          (fanout=352)       2312                     -                                                                                                                                          
   RBB_11/CLK                                                                         RBB_6L       11  [TILE 0 0, RBB 1 12]          -     r            2312                                                                                                                                          
   -----------------------------------------------------------------------------------------------------------------------------------------------------------------------------------------------------------------------------------------------------------------------------------------------------
   RBB_11/DQ                                                                          RBB_6L       11  [TILE 0 0, RBB 1 12]        800     r            3112     {inst62: u_spi_target.o_rx_data_valid_FDCE_Q_CE_LUT6_O_I3_LUT5_I4_O_FDCE_D (FDC,site=dff)}                                           
   u_spi_target.o_rx_data_valid_FDCE_Q_CE_LUT6_O_I3_LUT5_I4_O_FDCE_D_Q[0]             Net          36            (fanout=4)       1525                     -                                                                                                                                          
   RBB_9/B5                                                                           RBB_6L        9  [TILE 0 0, RBB 1 18]          -     r            4637                                                                                                                                          
   RBB_9/B                                                                            RBB_6L        9  [TILE 0 0, RBB 1 18]        729     r            5366     {inst60: u_spi_target.o_rx_data_valid_FDCE_Q_CE_LUT6_O_I3_CARRY4_CO_S_INV_O_I_LUT4_I3 (LUT,site=blut)}                               
   u_spi_target.o_rx_data_valid_FDCE_Q_CE_LUT6_O_I3_CARRY4_CO_S_INV_O_I_LUT4_I3_O[2]  Net          39            (fanout=6)        652                     -                                                                                                                                          
   RBB_9/D2                                                                           RBB_6L        9  [TILE 0 0, RBB 1 18]          -     r            6018     {inst63: u_spi_target.o_rx_data_valid_FDCE_Q_D_LUT3_O (LUT,site=dlut)} {inst50: u_spi_target.o_rx_data_valid_FDCE_Q (FDCE,site=dff)} 
   -----------------------------------------------------------------------------------------------------------------------------------------------------------------------------------------------------------------------------------------------------------------------------------------------------
   RBB_9/CLK                                                                          RBB_6L        9  [TILE 0 0, RBB 1 18]        864     r            6882                                                                                                                                          
   clk                                                                                Clock net     2          (fanout=352)      -2319                     -                                                                                                                                          
   clk                                                                                CLOCK-PORT    -                     -    capture     r            4563                                                                                                                                          
   -----------------------------------------------------------------------------------------------------------------------------------------------------------------------------------------------------------------------------------------------------------------------------------------------------


Path 122:
   Slack (not met):                         -2687ps
     Path type:                               SETUP
     Group:                              <UDEF_clk>
     Launching clock:                           clk (rising edge)
     Capturing clock:                           clk (rising edge)

     Requested period:                       2000ps
   + Delay of the capturing clock:           2159ps
   - Clock uncertainty:                       150ps
   = Required time:                          4009ps
   - Propagation time:                       4384ps (50.2% logic, 49.8% route, logic stage 2)
   - Delay of the launching clock:           2312ps
   = Slack:                                 -2687ps

   Instance/Pin or Net Name                                                           Type         ID    Location or Fanout   Delay(ps)  Edge  Arrival Time(ps)    Instance detail                                                                                      
   -----------------------------------------------------------------------------------------------------------------------------------------------------------------------------------------------------------------------------------------------------------------------
   clk                                                                                CLOCK-PORT    -                     -     launch     r               0                                                                                                            
   clk                                                                                Clock net     2          (fanout=352)       2312                     -                                                                                                            
   RBB_11/CLK                                                                         RBB_6L       11  [TILE 0 0, RBB 1 12]          -     r            2312                                                                                                            
   -----------------------------------------------------------------------------------------------------------------------------------------------------------------------------------------------------------------------------------------------------------------------
   RBB_11/DQ                                                                          RBB_6L       11  [TILE 0 0, RBB 1 12]        800     r            3112     {inst62: u_spi_target.o_rx_data_valid_FDCE_Q_CE_LUT6_O_I3_LUT5_I4_O_FDCE_D (FDC,site=dff)}             
   u_spi_target.o_rx_data_valid_FDCE_Q_CE_LUT6_O_I3_LUT5_I4_O_FDCE_D_Q[0]             Net          36            (fanout=4)       1525                     -                                                                                                            
   RBB_9/B5                                                                           RBB_6L        9  [TILE 0 0, RBB 1 18]          -     r            4637                                                                                                            
   RBB_9/B                                                                            RBB_6L        9  [TILE 0 0, RBB 1 18]        729     r            5366     {inst60: u_spi_target.o_rx_data_valid_FDCE_Q_CE_LUT6_O_I3_CARRY4_CO_S_INV_O_I_LUT4_I3 (LUT,site=blut)} 
   u_spi_target.o_rx_data_valid_FDCE_Q_CE_LUT6_O_I3_CARRY4_CO_S_INV_O_I_LUT4_I3_O[2]  Net          39            (fanout=6)        657                     -                                                                                                            
   RBB_12/B6                                                                          RBB_6L       12  [TILE 0 0, RBB 1 16]          -     r            6023     {inst24: spi_miso_LUT6_I0 (LUT,site=clut,cluto)} {inst23: spi_miso_FDCE_Q (FDC,site=cff)}              
   -----------------------------------------------------------------------------------------------------------------------------------------------------------------------------------------------------------------------------------------------------------------------
   RBB_12/CLK                                                                         RBB_6L       12  [TILE 0 0, RBB 1 16]        673     r            6696                                                                                                            
   clk                                                                                Clock net     2          (fanout=352)      -2159                     -                                                                                                            
   clk                                                                                CLOCK-PORT    -                     -    capture     r            4537                                                                                                            
   -----------------------------------------------------------------------------------------------------------------------------------------------------------------------------------------------------------------------------------------------------------------------


Path 48:
   Slack (not met):                         -2651ps
     Path type:                               SETUP
     Group:                              <UDEF_clk>
     Launching clock:                           clk (rising edge)
     Capturing clock:                           clk (rising edge)

     Requested period:                       2000ps
   + Delay of the capturing clock:           2318ps
   - Clock uncertainty:                       150ps
   = Required time:                          4168ps
   - Propagation time:                       4660ps (63.5% logic, 36.5% route, logic stage 2)
   - Delay of the launching clock:           2159ps
   = Slack:                                 -2651ps

   Instance/Pin or Net Name          Type         ID    Location or Fanout   Delay(ps)  Edge  Arrival Time(ps)    Instance detail                                                                                                                                                                                   
   -------------------------------------------------------------------------------------------------------------------------------------------------------------------------------------------------------------------------------------------------------------------------------------------------------------------
   clk                               CLOCK-PORT    -                     -     launch     r               0                                                                                                                                                                                                         
   clk                               Clock net     2          (fanout=352)       2159                     -                                                                                                                                                                                                         
   RBB_12/CLK                        RBB_6L       12  [TILE 0 0, RBB 1 16]          -     r            2159                                                                                                                                                                                                         
   -------------------------------------------------------------------------------------------------------------------------------------------------------------------------------------------------------------------------------------------------------------------------------------------------------------------
   RBB_12/CMUX                       RBB_6L       12  [TILE 0 0, RBB 1 16]       1380     r            3539     {inst64: u_spi_target.r_sck_sync_FDCE_Q (FDC,site=cffo)}                                                                                                                                            
   u_spi_target.r_sck_sync[1]        Net          21            (fanout=3)        964                     -                                                                                                                                                                                                         
   RBB_14/A2                         RBB_6L       14  [TILE 0 0, RBB 4 18]          -     r            4503                                                                                                                                                                                                         
   RBB_14/A                          RBB_6L       14  [TILE 0 0, RBB 4 18]        653     r            5156     {inst71: u_spi_target.w_sck_edge_LUT2_O_I0_LUT2_I0 (LUT,site=alut)}                                                                                                                                 
   spi_miso_en_INV_O_I_LUT2_I0_O[0]  Net          45            (fanout=8)        739                     -                                                                                                                                                                                                         
   RBB_14/C5                         RBB_6L       14  [TILE 0 0, RBB 4 18]          -     r            5895     {inst33: spi_miso_LUT6_I0_I1_FDCE_Q_D_LUT6_O_I1_FDCE_Q_D_LUT6_O_I1_FDCE_Q_D_LUT6_O (LUT,site=clut,cluto)} {inst31: spi_miso_LUT6_I0_I1_FDCE_Q_D_LUT6_O_I1_FDCE_Q_D_LUT6_O_I1_FDCE_Q (FDC,site=cff)} 
   -------------------------------------------------------------------------------------------------------------------------------------------------------------------------------------------------------------------------------------------------------------------------------------------------------------------
   RBB_14/CLK                        RBB_6L       14  [TILE 0 0, RBB 4 18]        924     r            6819                                                                                                                                                                                                         
   clk                               Clock net     2          (fanout=352)      -2318                     -                                                                                                                                                                                                         
   clk                               CLOCK-PORT    -                     -    capture     r            4501                                                                                                                                                                                                         
   -------------------------------------------------------------------------------------------------------------------------------------------------------------------------------------------------------------------------------------------------------------------------------------------------------------------


Path 6:
   Slack (not met):                         -2650ps
     Path type:                               SETUP
     Group:                              <UDEF_clk>
     Launching clock:                           clk (rising edge)
     Capturing clock:                           clk (rising edge)

     Requested period:                       2000ps
   + Delay of the capturing clock:           2159ps
   - Clock uncertainty:                       150ps
   = Required time:                          4009ps
   - Propagation time:                       4341ps (64.5% logic, 35.5% route, logic stage 2)
   - Delay of the launching clock:           2318ps
   = Slack:                                 -2650ps

   Instance/Pin or Net Name              Type         ID    Location or Fanout   Delay(ps)  Edge  Arrival Time(ps)    Instance detail                                                                                                                                                                                         
   -----------------------------------------------------------------------------------------------------------------------------------------------------------------------------------------------------------------------------------------------------------------------------------------------------------------------------
   clk                                   CLOCK-PORT    -                     -     launch     r               0                                                                                                                                                                                                               
   clk                                   Clock net     2          (fanout=352)       2318                     -                                                                                                                                                                                                               
   RBB_14/CLK                            RBB_6L       14  [TILE 0 0, RBB 4 18]          -     r            2318                                                                                                                                                                                                               
   -----------------------------------------------------------------------------------------------------------------------------------------------------------------------------------------------------------------------------------------------------------------------------------------------------------------------------
   RBB_14/DMUX                           RBB_6L       14  [TILE 0 0, RBB 4 18]       1333     r            3651     {inst70: u_spi_target.w_sck_edge_LUT2_O_I0_FDCE_Q (FDC,site=dffo)}                                                                                                                                        
   u_spi_target.w_sck_edge_LUT2_O_I0[0]  Net          68            (fanout=2)        871                     -                                                                                                                                                                                                               
   RBB_9/D1                              RBB_6L        9  [TILE 0 0, RBB 1 18]          -     r            4522                                                                                                                                                                                                               
   RBB_9/DMUX                            RBB_6L        9  [TILE 0 0, RBB 1 18]        608     r            5130     {inst69: u_spi_target.w_sck_edge_LUT2_O (LUT,site=dluto)}                                                                                                                                                 
   u_spi_target.w_sck_edge               Net          22            (fanout=8)        670                     -                                                                                                                                                                                                               
   RBB_12/D2                             RBB_6L       12  [TILE 0 0, RBB 1 16]          -     r            5800     {inst55: u_spi_target.o_rx_data_valid_FDCE_Q_CE_LUT6_O_I3_CARRY4_CO_O_2_LUT4_I3 (LUT,site=dlut)} {inst56: u_spi_target.o_rx_data_valid_FDCE_Q_CE_LUT6_O_I3_CARRY4_CO_O_2_LUT4_I3_O_FDCE_D (FDC,site=dff)} 
   -----------------------------------------------------------------------------------------------------------------------------------------------------------------------------------------------------------------------------------------------------------------------------------------------------------------------------
   RBB_12/CLK                            RBB_6L       12  [TILE 0 0, RBB 1 16]        859     r            6659                                                                                                                                                                                                               
   clk                                   Clock net     2          (fanout=352)      -2159                     -                                                                                                                                                                                                               
   clk                                   CLOCK-PORT    -                     -    capture     r            4500                                                                                                                                                                                                               
   -----------------------------------------------------------------------------------------------------------------------------------------------------------------------------------------------------------------------------------------------------------------------------------------------------------------------------


Path 50:
   Slack (not met):                         -2584ps
     Path type:                               SETUP
     Group:                              <UDEF_clk>
     Launching clock:                           clk (rising edge)
     Capturing clock:                           clk (rising edge)

     Requested period:                       2000ps
   + Delay of the capturing clock:           2318ps
   - Clock uncertainty:                       150ps
   = Required time:                          4168ps
   - Propagation time:                       4593ps (62.9% logic, 37.1% route, logic stage 2)
   - Delay of the launching clock:           2159ps
   = Slack:                                 -2584ps

   Instance/Pin or Net Name          Type         ID    Location or Fanout   Delay(ps)  Edge  Arrival Time(ps)    Instance detail                                                                                                                                                                                                                         
   ---------------------------------------------------------------------------------------------------------------------------------------------------------------------------------------------------------------------------------------------------------------------------------------------------------------------------------------------------------
   clk                               CLOCK-PORT    -                     -     launch     r               0                                                                                                                                                                                                                                               
   clk                               Clock net     2          (fanout=352)       2159                     -                                                                                                                                                                                                                                               
   RBB_12/CLK                        RBB_6L       12  [TILE 0 0, RBB 1 16]          -     r            2159                                                                                                                                                                                                                                               
   ---------------------------------------------------------------------------------------------------------------------------------------------------------------------------------------------------------------------------------------------------------------------------------------------------------------------------------------------------------
   RBB_12/CMUX                       RBB_6L       12  [TILE 0 0, RBB 1 16]       1380     r            3539     {inst64: u_spi_target.r_sck_sync_FDCE_Q (FDC,site=cffo)}                                                                                                                                                                                  
   u_spi_target.r_sck_sync[1]        Net          21            (fanout=3)        964                     -                                                                                                                                                                                                                                               
   RBB_14/A2                         RBB_6L       14  [TILE 0 0, RBB 4 18]          -     r            4503                                                                                                                                                                                                                                               
   RBB_14/A                          RBB_6L       14  [TILE 0 0, RBB 4 18]        653     r            5156     {inst71: u_spi_target.w_sck_edge_LUT2_O_I0_LUT2_I0 (LUT,site=alut)}                                                                                                                                                                       
   spi_miso_en_INV_O_I_LUT2_I0_O[0]  Net          45            (fanout=8)        739                     -                                                                                                                                                                                                                                               
   RBB_14/B5                         RBB_6L       14  [TILE 0 0, RBB 4 18]          -     r            5895     {inst35: spi_miso_LUT6_I0_I1_FDCE_Q_D_LUT6_O_I1_FDCE_Q_D_LUT6_O_I1_FDCE_Q_D_LUT6_O_I1_FDCE_Q_D_LUT6_O (LUT,site=blut,bluto)} {inst34: spi_miso_LUT6_I0_I1_FDCE_Q_D_LUT6_O_I1_FDCE_Q_D_LUT6_O_I1_FDCE_Q_D_LUT6_O_I1_FDCE_Q (FDC,site=bff)} 
   ---------------------------------------------------------------------------------------------------------------------------------------------------------------------------------------------------------------------------------------------------------------------------------------------------------------------------------------------------------
   RBB_14/CLK                        RBB_6L       14  [TILE 0 0, RBB 4 18]        857     r            6752                                                                                                                                                                                                                                               
   clk                               Clock net     2          (fanout=352)      -2318                     -                                                                                                                                                                                                                                               
   clk                               CLOCK-PORT    -                     -    capture     r            4434                                                                                                                                                                                                                                               
   ---------------------------------------------------------------------------------------------------------------------------------------------------------------------------------------------------------------------------------------------------------------------------------------------------------------------------------------------------------


Path 47:
   Slack (not met):                         -2576ps
     Path type:                               SETUP
     Group:                              <UDEF_clk>
     Launching clock:                           clk (rising edge)
     Capturing clock:                           clk (rising edge)

     Requested period:                       2000ps
   + Delay of the capturing clock:           2318ps
   - Clock uncertainty:                       150ps
   = Required time:                          4168ps
   - Propagation time:                       4585ps (62.9% logic, 37.1% route, logic stage 2)
   - Delay of the launching clock:           2159ps
   = Slack:                                 -2576ps

   Instance/Pin or Net Name          Type         ID    Location or Fanout   Delay(ps)  Edge  Arrival Time(ps)    Instance detail                                                                                                                                             
   -----------------------------------------------------------------------------------------------------------------------------------------------------------------------------------------------------------------------------------------------------------------------------
   clk                               CLOCK-PORT    -                     -     launch     r               0                                                                                                                                                                   
   clk                               Clock net     2          (fanout=352)       2159                     -                                                                                                                                                                   
   RBB_12/CLK                        RBB_6L       12  [TILE 0 0, RBB 1 16]          -     r            2159                                                                                                                                                                   
   -----------------------------------------------------------------------------------------------------------------------------------------------------------------------------------------------------------------------------------------------------------------------------
   RBB_12/CMUX                       RBB_6L       12  [TILE 0 0, RBB 1 16]       1380     r            3539     {inst64: u_spi_target.r_sck_sync_FDCE_Q (FDC,site=cffo)}                                                                                                      
   u_spi_target.r_sck_sync[1]        Net          21            (fanout=3)        964                     -                                                                                                                                                                   
   RBB_14/A2                         RBB_6L       14  [TILE 0 0, RBB 4 18]          -     r            4503                                                                                                                                                                   
   RBB_14/A                          RBB_6L       14  [TILE 0 0, RBB 4 18]        653     r            5156     {inst71: u_spi_target.w_sck_edge_LUT2_O_I0_LUT2_I0 (LUT,site=alut)}                                                                                           
   spi_miso_en_INV_O_I_LUT2_I0_O[0]  Net          45            (fanout=8)        739                     -                                                                                                                                                                   
   RBB_14/D5                         RBB_6L       14  [TILE 0 0, RBB 4 18]          -     r            5895     {inst30: spi_miso_LUT6_I0_I1_FDCE_Q_D_LUT6_O_I1_FDCE_Q_D_LUT6_O (LUT,site=dlut,dluto)} {inst28: spi_miso_LUT6_I0_I1_FDCE_Q_D_LUT6_O_I1_FDCE_Q (FDC,site=dff)} 
   -----------------------------------------------------------------------------------------------------------------------------------------------------------------------------------------------------------------------------------------------------------------------------
   RBB_14/CLK                        RBB_6L       14  [TILE 0 0, RBB 4 18]        849     r            6744                                                                                                                                                                   
   clk                               Clock net     2          (fanout=352)      -2318                     -                                                                                                                                                                   
   clk                               CLOCK-PORT    -                     -    capture     r            4426                                                                                                                                                                   
   -----------------------------------------------------------------------------------------------------------------------------------------------------------------------------------------------------------------------------------------------------------------------------


Path 63:
   Slack (not met):                         -2518ps
     Path type:                               SETUP
     Group:                              <UDEF_clk>
     Launching clock:                           clk (rising edge)
     Capturing clock:                           clk (rising edge)

     Requested period:                       2000ps
   + Delay of the capturing clock:           2311ps
   - Clock uncertainty:                       150ps
   = Required time:                          4161ps
   - Propagation time:                       4355ps (53.4% logic, 46.6% route, logic stage 1)
   - Delay of the launching clock:           2324ps
   = Slack:                                 -2518ps

   Instance/Pin or Net Name   Type         ID    Location or Fanout   Delay(ps)  Edge  Arrival Time(ps)    Instance detail                                                                                         
   ------------------------------------------------------------------------------------------------------------------------------------------------------------------------------------------------------------------
   clk                        CLOCK-PORT    -                     -     launch     r               0                                                                                                               
   clk                        Clock net     2          (fanout=352)       2324                     -                                                                                                               
   RBB_13/CLK                 RBB_6L       13  [TILE 0 0, RBB 1 24]          -     r            2324                                                                                                               
   ------------------------------------------------------------------------------------------------------------------------------------------------------------------------------------------------------------------
   RBB_13/CQ                  RBB_6L       13  [TILE 0 0, RBB 1 24]        800     r            3124     {inst41: u_spi_target.o_rx_data_FDCE_Q (FDCE,site=cff)}                                                   
   u_spi_target.o_rx_data[6]  Net          15            (fanout=2)       2030                     -                                                                                                               
   RBB_7/C1                   RBB_6L        7  [TILE 0 0, RBB 4 22]          -     r            5154     {inst39: u_spi_target.o_rx_data_CARRY4_S (CARRY4)} {inst26: spi_miso_LUT6_I0_I1_FDCE_Q_1 (FDCE,site=dff)} 
   ------------------------------------------------------------------------------------------------------------------------------------------------------------------------------------------------------------------
   RBB_7/CLK                  RBB_6L        7  [TILE 0 0, RBB 4 22]       1525     r            6679                                                                                                               
   clk                        Clock net     2          (fanout=352)      -2311                     -                                                                                                               
   clk                        CLOCK-PORT    -                     -    capture     r            4368                                                                                                               
   ------------------------------------------------------------------------------------------------------------------------------------------------------------------------------------------------------------------


Path 54:
   Slack (not met):                         -2430ps
     Path type:                               SETUP
     Group:                              <UDEF_clk>
     Launching clock:                           clk (rising edge)
     Capturing clock:                           clk (rising edge)

     Requested period:                       2000ps
   + Delay of the capturing clock:           2311ps
   - Clock uncertainty:                       150ps
   = Required time:                          4161ps
   - Propagation time:                       4267ps (68.5% logic, 31.5% route, logic stage 1)
   - Delay of the launching clock:           2324ps
   = Slack:                                 -2430ps

   Instance/Pin or Net Name   Type         ID    Location or Fanout   Delay(ps)  Edge  Arrival Time(ps)    Instance detail                                                                                                            
   -------------------------------------------------------------------------------------------------------------------------------------------------------------------------------------------------------------------------------------
   clk                        CLOCK-PORT    -                     -     launch     r               0                                                                                                                                  
   clk                        Clock net     2          (fanout=352)       2324                     -                                                                                                                                  
   RBB_13/CLK                 RBB_6L       13  [TILE 0 0, RBB 1 24]          -     r            2324                                                                                                                                  
   -------------------------------------------------------------------------------------------------------------------------------------------------------------------------------------------------------------------------------------
   RBB_13/CMUX                RBB_6L       13  [TILE 0 0, RBB 1 24]       1381     r            3705     {inst43: u_spi_target.o_rx_data_FDCE_Q_2 (FDCE,site=cffo)}                                                                   
   u_spi_target.o_rx_data[4]  Net          13            (fanout=2)       1345                     -                                                                                                                                  
   RBB_7/A1                   RBB_6L        7  [TILE 0 0, RBB 4 22]          -     r            5050     {inst39: u_spi_target.o_rx_data_CARRY4_S (CARRY4)} {inst29: spi_miso_LUT6_I0_I1_FDCE_Q_D_LUT6_O_I1_FDCE_Q_1 (FDCE,site=cff)} 
   -------------------------------------------------------------------------------------------------------------------------------------------------------------------------------------------------------------------------------------
   RBB_7/CLK                  RBB_6L        7  [TILE 0 0, RBB 4 22]       1541     r            6591                                                                                                                                  
   clk                        Clock net     2          (fanout=352)      -2311                     -                                                                                                                                  
   clk                        CLOCK-PORT    -                     -    capture     r            4280                                                                                                                                  
   -------------------------------------------------------------------------------------------------------------------------------------------------------------------------------------------------------------------------------------


Path 44:
   Slack (not met):                         -2415ps
     Path type:                               SETUP
     Group:                              <UDEF_clk>
     Launching clock:                           clk (rising edge)
     Capturing clock:                           clk (rising edge)

     Requested period:                       2000ps
   + Delay of the capturing clock:           2319ps
   - Clock uncertainty:                       150ps
   = Required time:                          4169ps
   - Propagation time:                       4266ps (66.6% logic, 33.4% route, logic stage 2)
   - Delay of the launching clock:           2318ps
   = Slack:                                 -2415ps

   Instance/Pin or Net Name              Type         ID    Location or Fanout   Delay(ps)  Edge  Arrival Time(ps)    Instance detail                                                                                                                    
   --------------------------------------------------------------------------------------------------------------------------------------------------------------------------------------------------------------------------------------------------------
   clk                                   CLOCK-PORT    -                     -     launch     r               0                                                                                                                                          
   clk                                   Clock net     2          (fanout=352)       2318                     -                                                                                                                                          
   RBB_14/CLK                            RBB_6L       14  [TILE 0 0, RBB 4 18]          -     r            2318                                                                                                                                          
   --------------------------------------------------------------------------------------------------------------------------------------------------------------------------------------------------------------------------------------------------------
   RBB_14/DMUX                           RBB_6L       14  [TILE 0 0, RBB 4 18]       1333     r            3651     {inst70: u_spi_target.w_sck_edge_LUT2_O_I0_FDCE_Q (FDC,site=dffo)}                                                                   
   u_spi_target.w_sck_edge_LUT2_O_I0[0]  Net          68            (fanout=2)        871                     -                                                                                                                                          
   RBB_9/D1                              RBB_6L        9  [TILE 0 0, RBB 1 18]          -     r            4522                                                                                                                                          
   RBB_9/DMUX                            RBB_6L        9  [TILE 0 0, RBB 1 18]        608     r            5130     {inst69: u_spi_target.w_sck_edge_LUT2_O (LUT,site=dluto)}                                                                            
   u_spi_target.w_sck_edge               Net          22            (fanout=8)        555                     -                                                                                                                                          
   RBB_9/D3                              RBB_6L        9  [TILE 0 0, RBB 1 18]          -     r            5685     {inst63: u_spi_target.o_rx_data_valid_FDCE_Q_D_LUT3_O (LUT,site=dlut)} {inst50: u_spi_target.o_rx_data_valid_FDCE_Q (FDCE,site=dff)} 
   --------------------------------------------------------------------------------------------------------------------------------------------------------------------------------------------------------------------------------------------------------
   RBB_9/CLK                             RBB_6L        9  [TILE 0 0, RBB 1 18]        899     r            6584                                                                                                                                          
   clk                                   Clock net     2          (fanout=352)      -2319                     -                                                                                                                                          
   clk                                   CLOCK-PORT    -                     -    capture     r            4265                                                                                                                                          
   --------------------------------------------------------------------------------------------------------------------------------------------------------------------------------------------------------------------------------------------------------


Path 52:
   Slack (not met):                         -2413ps
     Path type:                               SETUP
     Group:                              <UDEF_clk>
     Launching clock:                           clk (rising edge)
     Capturing clock:                           clk (rising edge)

     Requested period:                       2000ps
   + Delay of the capturing clock:           2311ps
   - Clock uncertainty:                       150ps
   = Required time:                          4161ps
   - Propagation time:                       4250ps (68.4% logic, 31.6% route, logic stage 1)
   - Delay of the launching clock:           2324ps
   = Slack:                                 -2413ps

   Instance/Pin or Net Name   Type         ID    Location or Fanout   Delay(ps)  Edge  Arrival Time(ps)    Instance detail                                                                                         
   ------------------------------------------------------------------------------------------------------------------------------------------------------------------------------------------------------------------
   clk                        CLOCK-PORT    -                     -     launch     r               0                                                                                                               
   clk                        Clock net     2          (fanout=352)       2324                     -                                                                                                               
   RBB_13/CLK                 RBB_6L       13  [TILE 0 0, RBB 1 24]          -     r            2324                                                                                                               
   ------------------------------------------------------------------------------------------------------------------------------------------------------------------------------------------------------------------
   RBB_13/CMUX                RBB_6L       13  [TILE 0 0, RBB 1 24]       1381     r            3705     {inst43: u_spi_target.o_rx_data_FDCE_Q_2 (FDCE,site=cffo)}                                                
   u_spi_target.o_rx_data[4]  Net          13            (fanout=2)       1345                     -                                                                                                               
   RBB_7/A1                   RBB_6L        7  [TILE 0 0, RBB 4 22]          -     r            5050     {inst39: u_spi_target.o_rx_data_CARRY4_S (CARRY4)} {inst26: spi_miso_LUT6_I0_I1_FDCE_Q_1 (FDCE,site=dff)} 
   ------------------------------------------------------------------------------------------------------------------------------------------------------------------------------------------------------------------
   RBB_7/CLK                  RBB_6L        7  [TILE 0 0, RBB 4 22]       1524     r            6574                                                                                                               
   clk                        Clock net     2          (fanout=352)      -2311                     -                                                                                                               
   clk                        CLOCK-PORT    -                     -    capture     r            4263                                                                                                               
   ------------------------------------------------------------------------------------------------------------------------------------------------------------------------------------------------------------------


Path 56:
   Slack (not met):                         -2365ps
     Path type:                               SETUP
     Group:                              <UDEF_clk>
     Launching clock:                           clk (rising edge)
     Capturing clock:                           clk (rising edge)

     Requested period:                       2000ps
   + Delay of the capturing clock:           2311ps
   - Clock uncertainty:                       150ps
   = Required time:                          4161ps
   - Propagation time:                       4202ps (68.0% logic, 32.0% route, logic stage 1)
   - Delay of the launching clock:           2324ps
   = Slack:                                 -2365ps

   Instance/Pin or Net Name   Type         ID    Location or Fanout   Delay(ps)  Edge  Arrival Time(ps)    Instance detail                                                                                                                               
   --------------------------------------------------------------------------------------------------------------------------------------------------------------------------------------------------------------------------------------------------------
   clk                        CLOCK-PORT    -                     -     launch     r               0                                                                                                                                                     
   clk                        Clock net     2          (fanout=352)       2324                     -                                                                                                                                                     
   RBB_13/CLK                 RBB_6L       13  [TILE 0 0, RBB 1 24]          -     r            2324                                                                                                                                                     
   --------------------------------------------------------------------------------------------------------------------------------------------------------------------------------------------------------------------------------------------------------
   RBB_13/CMUX                RBB_6L       13  [TILE 0 0, RBB 1 24]       1381     r            3705     {inst43: u_spi_target.o_rx_data_FDCE_Q_2 (FDCE,site=cffo)}                                                                                      
   u_spi_target.o_rx_data[4]  Net          13            (fanout=2)       1345                     -                                                                                                                                                     
   RBB_7/A1                   RBB_6L        7  [TILE 0 0, RBB 4 22]          -     r            5050     {inst39: u_spi_target.o_rx_data_CARRY4_S (CARRY4)} {inst32: spi_miso_LUT6_I0_I1_FDCE_Q_D_LUT6_O_I1_FDCE_Q_D_LUT6_O_I1_FDCE_Q_1 (FDCE,site=bff)} 
   --------------------------------------------------------------------------------------------------------------------------------------------------------------------------------------------------------------------------------------------------------
   RBB_7/CLK                  RBB_6L        7  [TILE 0 0, RBB 4 22]       1476     r            6526                                                                                                                                                     
   clk                        Clock net     2          (fanout=352)      -2311                     -                                                                                                                                                     
   clk                        CLOCK-PORT    -                     -    capture     r            4215                                                                                                                                                     
   --------------------------------------------------------------------------------------------------------------------------------------------------------------------------------------------------------------------------------------------------------


Path 60:
   Slack (not met):                         -2313ps
     Path type:                               SETUP
     Group:                              <UDEF_clk>
     Launching clock:                           clk (rising edge)
     Capturing clock:                           clk (rising edge)

     Requested period:                       2000ps
   + Delay of the capturing clock:           2311ps
   - Clock uncertainty:                       150ps
   = Required time:                          4161ps
   - Propagation time:                       4150ps (67.6% logic, 32.4% route, logic stage 1)
   - Delay of the launching clock:           2324ps
   = Slack:                                 -2313ps

   Instance/Pin or Net Name   Type         ID    Location or Fanout   Delay(ps)  Edge  Arrival Time(ps)    Instance detail                                                                                   
   ------------------------------------------------------------------------------------------------------------------------------------------------------------------------------------------------------------
   clk                        CLOCK-PORT    -                     -     launch     r               0                                                                                                         
   clk                        Clock net     2          (fanout=352)       2324                     -                                                                                                         
   RBB_13/CLK                 RBB_6L       13  [TILE 0 0, RBB 1 24]          -     r            2324                                                                                                         
   ------------------------------------------------------------------------------------------------------------------------------------------------------------------------------------------------------------
   RBB_13/CMUX                RBB_6L       13  [TILE 0 0, RBB 1 24]       1381     r            3705     {inst43: u_spi_target.o_rx_data_FDCE_Q_2 (FDCE,site=cffo)}                                          
   u_spi_target.o_rx_data[4]  Net          13            (fanout=2)       1345                     -                                                                                                         
   RBB_7/A1                   RBB_6L        7  [TILE 0 0, RBB 4 22]          -     r            5050     {inst39: u_spi_target.o_rx_data_CARRY4_S (CARRY4)} {inst11: rx_data_strobe_FDCE_CE (FDCE,site=aff)} 
   ------------------------------------------------------------------------------------------------------------------------------------------------------------------------------------------------------------
   RBB_7/CLK                  RBB_6L        7  [TILE 0 0, RBB 4 22]       1424     r            6474                                                                                                         
   clk                        Clock net     2          (fanout=352)      -2311                     -                                                                                                         
   clk                        CLOCK-PORT    -                     -    capture     r            4163                                                                                                         
   ------------------------------------------------------------------------------------------------------------------------------------------------------------------------------------------------------------


Path 70:
   Slack (not met):                         -2266ps
     Path type:                               SETUP
     Group:                              <UDEF_clk>
     Launching clock:                           clk (rising edge)
     Capturing clock:                           clk (rising edge)

     Requested period:                       2000ps
   + Delay of the capturing clock:           2311ps
   - Clock uncertainty:                       150ps
   = Required time:                          4161ps
   - Propagation time:                       4103ps (50.5% logic, 49.5% route, logic stage 1)
   - Delay of the launching clock:           2324ps
   = Slack:                                 -2266ps

   Instance/Pin or Net Name   Type         ID    Location or Fanout   Delay(ps)  Edge  Arrival Time(ps)    Instance detail                                                                                                            
   -------------------------------------------------------------------------------------------------------------------------------------------------------------------------------------------------------------------------------------
   clk                        CLOCK-PORT    -                     -     launch     r               0                                                                                                                                  
   clk                        Clock net     2          (fanout=352)       2324                     -                                                                                                                                  
   RBB_13/CLK                 RBB_6L       13  [TILE 0 0, RBB 1 24]          -     r            2324                                                                                                                                  
   -------------------------------------------------------------------------------------------------------------------------------------------------------------------------------------------------------------------------------------
   RBB_13/CQ                  RBB_6L       13  [TILE 0 0, RBB 1 24]        800     r            3124     {inst41: u_spi_target.o_rx_data_FDCE_Q (FDCE,site=cff)}                                                                      
   u_spi_target.o_rx_data[6]  Net          15            (fanout=2)       2030                     -                                                                                                                                  
   RBB_7/C1                   RBB_6L        7  [TILE 0 0, RBB 4 22]          -     r            5154     {inst39: u_spi_target.o_rx_data_CARRY4_S (CARRY4)} {inst29: spi_miso_LUT6_I0_I1_FDCE_Q_D_LUT6_O_I1_FDCE_Q_1 (FDCE,site=cff)} 
   -------------------------------------------------------------------------------------------------------------------------------------------------------------------------------------------------------------------------------------
   RBB_7/CLK                  RBB_6L        7  [TILE 0 0, RBB 4 22]       1273     r            6427                                                                                                                                  
   clk                        Clock net     2          (fanout=352)      -2311                     -                                                                                                                                  
   clk                        CLOCK-PORT    -                     -    capture     r            4116                                                                                                                                  
   -------------------------------------------------------------------------------------------------------------------------------------------------------------------------------------------------------------------------------------


Path 59:
   Slack (not met):                         -2199ps
     Path type:                               SETUP
     Group:                              <UDEF_clk>
     Launching clock:                           clk (rising edge)
     Capturing clock:                           clk (rising edge)

     Requested period:                       2000ps
   + Delay of the capturing clock:           2311ps
   - Clock uncertainty:                       150ps
   = Required time:                          4161ps
   - Propagation time:                       4036ps (68.6% logic, 31.4% route, logic stage 1)
   - Delay of the launching clock:           2324ps
   = Slack:                                 -2199ps

   Instance/Pin or Net Name   Type         ID    Location or Fanout   Delay(ps)  Edge  Arrival Time(ps)    Instance detail                                                                                                            
   -------------------------------------------------------------------------------------------------------------------------------------------------------------------------------------------------------------------------------------
   clk                        CLOCK-PORT    -                     -     launch     r               0                                                                                                                                  
   clk                        Clock net     2          (fanout=352)       2324                     -                                                                                                                                  
   RBB_13/CLK                 RBB_6L       13  [TILE 0 0, RBB 1 24]          -     r            2324                                                                                                                                  
   -------------------------------------------------------------------------------------------------------------------------------------------------------------------------------------------------------------------------------------
   RBB_13/DMUX                RBB_6L       13  [TILE 0 0, RBB 1 24]       1410     r            3734     {inst42: u_spi_target.o_rx_data_FDCE_Q_1 (FDCE,site=dffo)}                                                                   
   u_spi_target.o_rx_data[5]  Net          14            (fanout=2)       1268                     -                                                                                                                                  
   RBB_7/B1                   RBB_6L        7  [TILE 0 0, RBB 4 22]          -     r            5002     {inst39: u_spi_target.o_rx_data_CARRY4_S (CARRY4)} {inst29: spi_miso_LUT6_I0_I1_FDCE_Q_D_LUT6_O_I1_FDCE_Q_1 (FDCE,site=cff)} 
   -------------------------------------------------------------------------------------------------------------------------------------------------------------------------------------------------------------------------------------
   RBB_7/CLK                  RBB_6L        7  [TILE 0 0, RBB 4 22]       1358     r            6360                                                                                                                                  
   clk                        Clock net     2          (fanout=352)      -2311                     -                                                                                                                                  
   clk                        CLOCK-PORT    -                     -    capture     r            4049                                                                                                                                  
   -------------------------------------------------------------------------------------------------------------------------------------------------------------------------------------------------------------------------------------


Path 57:
   Slack (not met):                         -2155ps
     Path type:                               SETUP
     Group:                              <UDEF_clk>
     Launching clock:                           clk (rising edge)
     Capturing clock:                           clk (rising edge)

     Requested period:                       2000ps
   + Delay of the capturing clock:           2311ps
   - Clock uncertainty:                       150ps
   = Required time:                          4161ps
   - Propagation time:                       3992ps (68.2% logic, 31.8% route, logic stage 1)
   - Delay of the launching clock:           2324ps
   = Slack:                                 -2155ps

   Instance/Pin or Net Name   Type         ID    Location or Fanout   Delay(ps)  Edge  Arrival Time(ps)    Instance detail                                                                                         
   ------------------------------------------------------------------------------------------------------------------------------------------------------------------------------------------------------------------
   clk                        CLOCK-PORT    -                     -     launch     r               0                                                                                                               
   clk                        Clock net     2          (fanout=352)       2324                     -                                                                                                               
   RBB_13/CLK                 RBB_6L       13  [TILE 0 0, RBB 1 24]          -     r            2324                                                                                                               
   ------------------------------------------------------------------------------------------------------------------------------------------------------------------------------------------------------------------
   RBB_13/DMUX                RBB_6L       13  [TILE 0 0, RBB 1 24]       1410     r            3734     {inst42: u_spi_target.o_rx_data_FDCE_Q_1 (FDCE,site=dffo)}                                                
   u_spi_target.o_rx_data[5]  Net          14            (fanout=2)       1268                     -                                                                                                               
   RBB_7/B1                   RBB_6L        7  [TILE 0 0, RBB 4 22]          -     r            5002     {inst39: u_spi_target.o_rx_data_CARRY4_S (CARRY4)} {inst26: spi_miso_LUT6_I0_I1_FDCE_Q_1 (FDCE,site=dff)} 
   ------------------------------------------------------------------------------------------------------------------------------------------------------------------------------------------------------------------
   RBB_7/CLK                  RBB_6L        7  [TILE 0 0, RBB 4 22]       1314     r            6316                                                                                                               
   clk                        Clock net     2          (fanout=352)      -2311                     -                                                                                                               
   clk                        CLOCK-PORT    -                     -    capture     r            4005                                                                                                               
   ------------------------------------------------------------------------------------------------------------------------------------------------------------------------------------------------------------------


Path 68:
   Slack (not met):                         -2139ps
     Path type:                               SETUP
     Group:                              <UDEF_clk>
     Launching clock:                           clk (rising edge)
     Capturing clock:                           clk (rising edge)

     Requested period:                       2000ps
   + Delay of the capturing clock:           2311ps
   - Clock uncertainty:                       150ps
   = Required time:                          4161ps
   - Propagation time:                       3989ps (58.7% logic, 41.3% route, logic stage 1)
   - Delay of the launching clock:           2311ps
   = Slack:                                 -2139ps

   Instance/Pin or Net Name           Type         ID    Location or Fanout   Delay(ps)  Edge  Arrival Time(ps)    Instance detail                                                                                         
   --------------------------------------------------------------------------------------------------------------------------------------------------------------------------------------------------------------------------
   clk                                CLOCK-PORT    -                     -     launch     r               0                                                                                                               
   clk                                Clock net     2          (fanout=352)       2311                     -                                                                                                               
   RBB_15/CLK                         RBB_6L       15  [TILE 0 0, RBB 4 24]          -     r            2311                                                                                                               
   --------------------------------------------------------------------------------------------------------------------------------------------------------------------------------------------------------------------------
   RBB_15/DQ                          RBB_6L       15  [TILE 0 0, RBB 4 24]        800     r            3111     {inst68: u_spi_target.w_sck_edge_FDCE_CE (FDCE,site=dff)}                                                 
   u_spi_target.w_sck_edge_FDCE_CE_Q  Net          27            (fanout=1)       1649                     -                                                                                                               
   RBB_7/D1                           RBB_6L        7  [TILE 0 0, RBB 4 22]          -     r            4760     {inst39: u_spi_target.o_rx_data_CARRY4_S (CARRY4)} {inst26: spi_miso_LUT6_I0_I1_FDCE_Q_1 (FDCE,site=dff)} 
   --------------------------------------------------------------------------------------------------------------------------------------------------------------------------------------------------------------------------
   RBB_7/CLK                          RBB_6L        7  [TILE 0 0, RBB 4 22]       1540     r            6300                                                                                                               
   clk                                Clock net     2          (fanout=352)      -2311                     -                                                                                                               
   clk                                CLOCK-PORT    -                     -    capture     r            3989                                                                                                               
   --------------------------------------------------------------------------------------------------------------------------------------------------------------------------------------------------------------------------


Path 64:
   Slack (not met):                         -2118ps
     Path type:                               SETUP
     Group:                              <UDEF_clk>
     Launching clock:                           clk (rising edge)
     Capturing clock:                           clk (rising edge)

     Requested period:                       2000ps
   + Delay of the capturing clock:           2325ps
   - Clock uncertainty:                       150ps
   = Required time:                          4175ps
   - Propagation time:                       3969ps (63.8% logic, 36.2% route, logic stage 1)
   - Delay of the launching clock:           2324ps
   = Slack:                                 -2118ps

   Instance/Pin or Net Name   Type         ID    Location or Fanout   Delay(ps)  Edge  Arrival Time(ps)    Instance detail                                                                                       
   ----------------------------------------------------------------------------------------------------------------------------------------------------------------------------------------------------------------
   clk                        CLOCK-PORT    -                     -     launch     r               0                                                                                                             
   clk                        Clock net     2          (fanout=352)       2324                     -                                                                                                             
   RBB_13/CLK                 RBB_6L       13  [TILE 0 0, RBB 1 24]          -     r            2324                                                                                                             
   ----------------------------------------------------------------------------------------------------------------------------------------------------------------------------------------------------------------
   RBB_13/BQ                  RBB_6L       13  [TILE 0 0, RBB 1 24]        800     r            3124     {inst45: u_spi_target.o_rx_data_FDCE_Q_4 (FDCE,site=bff)}                                               
   u_spi_target.o_rx_data[2]  Net          11            (fanout=2)       1438                     -                                                                                                             
   RBB_6/C1                   RBB_6L        6  [TILE 0 0, RBB 1 22]          -     r            4562     {inst40: u_spi_target.o_rx_data_CARRY4_S_1 (CARRY4)} {inst12: rx_data_strobe_FDCE_CE_1 (FDCE,site=dff)} 
   ----------------------------------------------------------------------------------------------------------------------------------------------------------------------------------------------------------------
   RBB_6/CLK                  RBB_6L        6  [TILE 0 0, RBB 1 22]       1731     r            6293                                                                                                             
   clk                        Clock net     2          (fanout=352)      -2325                     -                                                                                                             
   clk                        CLOCK-PORT    -                     -    capture     r            3968                                                                                                             
   ----------------------------------------------------------------------------------------------------------------------------------------------------------------------------------------------------------------


Path 67:
   Slack (not met):                         -2105ps
     Path type:                               SETUP
     Group:                              <UDEF_clk>
     Launching clock:                           clk (rising edge)
     Capturing clock:                           clk (rising edge)

     Requested period:                       2000ps
   + Delay of the capturing clock:           2325ps
   - Clock uncertainty:                       150ps
   = Required time:                          4175ps
   - Propagation time:                       3956ps (56.2% logic, 43.8% route, logic stage 1)
   - Delay of the launching clock:           2324ps
   = Slack:                                 -2105ps

   Instance/Pin or Net Name   Type         ID    Location or Fanout   Delay(ps)  Edge  Arrival Time(ps)    Instance detail                                                                                       
   ----------------------------------------------------------------------------------------------------------------------------------------------------------------------------------------------------------------
   clk                        CLOCK-PORT    -                     -     launch     r               0                                                                                                             
   clk                        Clock net     2          (fanout=352)       2324                     -                                                                                                             
   RBB_13/CLK                 RBB_6L       13  [TILE 0 0, RBB 1 24]          -     r            2324                                                                                                             
   ----------------------------------------------------------------------------------------------------------------------------------------------------------------------------------------------------------------
   RBB_13/DQ                  RBB_6L       13  [TILE 0 0, RBB 1 24]        800     r            3124     {inst44: u_spi_target.o_rx_data_FDCE_Q_3 (FDCE,site=dff)}                                               
   u_spi_target.o_rx_data[3]  Net          12            (fanout=2)       1733                     -                                                                                                             
   RBB_6/D1                   RBB_6L        6  [TILE 0 0, RBB 1 22]          -     r            4857     {inst40: u_spi_target.o_rx_data_CARRY4_S_1 (CARRY4)} {inst12: rx_data_strobe_FDCE_CE_1 (FDCE,site=dff)} 
   ----------------------------------------------------------------------------------------------------------------------------------------------------------------------------------------------------------------
   RBB_6/CLK                  RBB_6L        6  [TILE 0 0, RBB 1 22]       1423     r            6280                                                                                                             
   clk                        Clock net     2          (fanout=352)      -2325                     -                                                                                                             
   clk                        CLOCK-PORT    -                     -    capture     r            3955                                                                                                             
   ----------------------------------------------------------------------------------------------------------------------------------------------------------------------------------------------------------------


Path 61:
   Slack (not met):                         -2090ps
     Path type:                               SETUP
     Group:                              <UDEF_clk>
     Launching clock:                           clk (rising edge)
     Capturing clock:                           clk (rising edge)

     Requested period:                       2000ps
   + Delay of the capturing clock:           2311ps
   - Clock uncertainty:                       150ps
   = Required time:                          4161ps
   - Propagation time:                       3927ps (67.7% logic, 32.3% route, logic stage 1)
   - Delay of the launching clock:           2324ps
   = Slack:                                 -2090ps

   Instance/Pin or Net Name   Type         ID    Location or Fanout   Delay(ps)  Edge  Arrival Time(ps)    Instance detail                                                                                                                               
   --------------------------------------------------------------------------------------------------------------------------------------------------------------------------------------------------------------------------------------------------------
   clk                        CLOCK-PORT    -                     -     launch     r               0                                                                                                                                                     
   clk                        Clock net     2          (fanout=352)       2324                     -                                                                                                                                                     
   RBB_13/CLK                 RBB_6L       13  [TILE 0 0, RBB 1 24]          -     r            2324                                                                                                                                                     
   --------------------------------------------------------------------------------------------------------------------------------------------------------------------------------------------------------------------------------------------------------
   RBB_13/DMUX                RBB_6L       13  [TILE 0 0, RBB 1 24]       1410     r            3734     {inst42: u_spi_target.o_rx_data_FDCE_Q_1 (FDCE,site=dffo)}                                                                                      
   u_spi_target.o_rx_data[5]  Net          14            (fanout=2)       1268                     -                                                                                                                                                     
   RBB_7/B1                   RBB_6L        7  [TILE 0 0, RBB 4 22]          -     r            5002     {inst39: u_spi_target.o_rx_data_CARRY4_S (CARRY4)} {inst32: spi_miso_LUT6_I0_I1_FDCE_Q_D_LUT6_O_I1_FDCE_Q_D_LUT6_O_I1_FDCE_Q_1 (FDCE,site=bff)} 
   --------------------------------------------------------------------------------------------------------------------------------------------------------------------------------------------------------------------------------------------------------
   RBB_7/CLK                  RBB_6L        7  [TILE 0 0, RBB 4 22]       1249     r            6251                                                                                                                                                     
   clk                        Clock net     2          (fanout=352)      -2311                     -                                                                                                                                                     
   clk                        CLOCK-PORT    -                     -    capture     r            3940                                                                                                                                                     
   --------------------------------------------------------------------------------------------------------------------------------------------------------------------------------------------------------------------------------------------------------


Path 65:
   Slack (not met):                         -2008ps
     Path type:                               SETUP
     Group:                              <UDEF_clk>
     Launching clock:                           clk (rising edge)
     Capturing clock:                           clk (rising edge)

     Requested period:                       2000ps
   + Delay of the capturing clock:           2325ps
   - Clock uncertainty:                       150ps
   = Required time:                          4175ps
   - Propagation time:                       3859ps (61.1% logic, 38.9% route, logic stage 1)
   - Delay of the launching clock:           2324ps
   = Slack:                                 -2008ps

   Instance/Pin or Net Name   Type         ID    Location or Fanout   Delay(ps)  Edge  Arrival Time(ps)    Instance detail                                                                                       
   ----------------------------------------------------------------------------------------------------------------------------------------------------------------------------------------------------------------
   clk                        CLOCK-PORT    -                     -     launch     r               0                                                                                                             
   clk                        Clock net     2          (fanout=352)       2324                     -                                                                                                             
   RBB_13/CLK                 RBB_6L       13  [TILE 0 0, RBB 1 24]          -     r            2324                                                                                                             
   ----------------------------------------------------------------------------------------------------------------------------------------------------------------------------------------------------------------
   RBB_13/AQ                  RBB_6L       13  [TILE 0 0, RBB 1 24]        800     r            3124     {inst46: u_spi_target.o_rx_data_FDCE_Q_5 (FDCE,site=aff)}                                               
   u_spi_target.o_rx_data[1]  Net          10            (fanout=2)       1502                     -                                                                                                             
   RBB_6/B1                   RBB_6L        6  [TILE 0 0, RBB 1 22]          -     r            4626     {inst40: u_spi_target.o_rx_data_CARRY4_S_1 (CARRY4)} {inst12: rx_data_strobe_FDCE_CE_1 (FDCE,site=dff)} 
   ----------------------------------------------------------------------------------------------------------------------------------------------------------------------------------------------------------------
   RBB_6/CLK                  RBB_6L        6  [TILE 0 0, RBB 1 22]       1557     r            6183                                                                                                             
   clk                        Clock net     2          (fanout=352)      -2325                     -                                                                                                             
   clk                        CLOCK-PORT    -                     -    capture     r            3858                                                                                                             
   ----------------------------------------------------------------------------------------------------------------------------------------------------------------------------------------------------------------


Path 69:
   Slack (not met):                         -1926ps
     Path type:                               SETUP
     Group:                              <UDEF_clk>
     Launching clock:                           clk (rising edge)
     Capturing clock:                           clk (rising edge)

     Requested period:                       2000ps
   + Delay of the capturing clock:           2325ps
   - Clock uncertainty:                       150ps
   = Required time:                          4175ps
   - Propagation time:                       3777ps (61.9% logic, 38.1% route, logic stage 1)
   - Delay of the launching clock:           2324ps
   = Slack:                                 -1926ps

   Instance/Pin or Net Name   Type         ID    Location or Fanout   Delay(ps)  Edge  Arrival Time(ps)    Instance detail                                                                                       
   ----------------------------------------------------------------------------------------------------------------------------------------------------------------------------------------------------------------
   clk                        CLOCK-PORT    -                     -     launch     r               0                                                                                                             
   clk                        Clock net     2          (fanout=352)       2324                     -                                                                                                             
   RBB_13/CLK                 RBB_6L       13  [TILE 0 0, RBB 1 24]          -     r            2324                                                                                                             
   ----------------------------------------------------------------------------------------------------------------------------------------------------------------------------------------------------------------
   RBB_13/BQ                  RBB_6L       13  [TILE 0 0, RBB 1 24]        800     r            3124     {inst45: u_spi_target.o_rx_data_FDCE_Q_4 (FDCE,site=bff)}                                               
   u_spi_target.o_rx_data[2]  Net          11            (fanout=2)       1438                     -                                                                                                             
   RBB_6/C1                   RBB_6L        6  [TILE 0 0, RBB 1 22]          -     r            4562     {inst40: u_spi_target.o_rx_data_CARRY4_S_1 (CARRY4)} {inst15: rx_data_strobe_FDCE_CE_2 (FDCE,site=cff)} 
   ----------------------------------------------------------------------------------------------------------------------------------------------------------------------------------------------------------------
   RBB_6/CLK                  RBB_6L        6  [TILE 0 0, RBB 1 22]       1539     r            6101                                                                                                             
   clk                        Clock net     2          (fanout=352)      -2325                     -                                                                                                             
   clk                        CLOCK-PORT    -                     -    capture     r            3776                                                                                                             
   ----------------------------------------------------------------------------------------------------------------------------------------------------------------------------------------------------------------


Path 66:
   Slack (not met):                         -1906ps
     Path type:                               SETUP
     Group:                              <UDEF_clk>
     Launching clock:                           clk (rising edge)
     Capturing clock:                           clk (rising edge)

     Requested period:                       2000ps
   + Delay of the capturing clock:           2325ps
   - Clock uncertainty:                       150ps
   = Required time:                          4175ps
   - Propagation time:                       3757ps (60.0% logic, 40.0% route, logic stage 1)
   - Delay of the launching clock:           2324ps
   = Slack:                                 -1906ps

   Instance/Pin or Net Name   Type         ID    Location or Fanout   Delay(ps)  Edge  Arrival Time(ps)    Instance detail                                                                                       
   ----------------------------------------------------------------------------------------------------------------------------------------------------------------------------------------------------------------
   clk                        CLOCK-PORT    -                     -     launch     r               0                                                                                                             
   clk                        Clock net     2          (fanout=352)       2324                     -                                                                                                             
   RBB_13/CLK                 RBB_6L       13  [TILE 0 0, RBB 1 24]          -     r            2324                                                                                                             
   ----------------------------------------------------------------------------------------------------------------------------------------------------------------------------------------------------------------
   RBB_13/AQ                  RBB_6L       13  [TILE 0 0, RBB 1 24]        800     r            3124     {inst46: u_spi_target.o_rx_data_FDCE_Q_5 (FDCE,site=aff)}                                               
   u_spi_target.o_rx_data[1]  Net          10            (fanout=2)       1502                     -                                                                                                             
   RBB_6/B1                   RBB_6L        6  [TILE 0 0, RBB 1 22]          -     r            4626     {inst40: u_spi_target.o_rx_data_CARRY4_S_1 (CARRY4)} {inst15: rx_data_strobe_FDCE_CE_2 (FDCE,site=cff)} 
   ----------------------------------------------------------------------------------------------------------------------------------------------------------------------------------------------------------------
   RBB_6/CLK                  RBB_6L        6  [TILE 0 0, RBB 1 22]       1455     r            6081                                                                                                             
   clk                        Clock net     2          (fanout=352)      -2325                     -                                                                                                             
   clk                        CLOCK-PORT    -                     -    capture     r            3756                                                                                                             
   ----------------------------------------------------------------------------------------------------------------------------------------------------------------------------------------------------------------


Path 90:
   Slack (not met):                         -1880ps
     Path type:                               SETUP
     Group:                              <UDEF_clk>
     Launching clock:                           clk (rising edge)
     Capturing clock:                           clk (rising edge)

     Requested period:                       2000ps
   + Delay of the capturing clock:           2324ps
   - Clock uncertainty:                       150ps
   = Required time:                          4174ps
   - Propagation time:                       3730ps (74.5% logic, 25.5% route, logic stage 1)
   - Delay of the launching clock:           2324ps
   = Slack:                                 -1880ps

   Instance/Pin or Net Name   Type         ID    Location or Fanout   Delay(ps)  Edge  Arrival Time(ps)    Instance detail                                                                                                             
   --------------------------------------------------------------------------------------------------------------------------------------------------------------------------------------------------------------------------------------
   clk                        CLOCK-PORT    -                     -     launch     r               0                                                                                                                                   
   clk                        Clock net     2          (fanout=352)       2324                     -                                                                                                                                   
   RBB_13/CLK                 RBB_6L       13  [TILE 0 0, RBB 1 24]          -     r            2324                                                                                                                                   
   --------------------------------------------------------------------------------------------------------------------------------------------------------------------------------------------------------------------------------------
   RBB_13/CMUX                RBB_6L       13  [TILE 0 0, RBB 1 24]       1381     r            3705     {inst43: u_spi_target.o_rx_data_FDCE_Q_2 (FDCE,site=cffo)}                                                                    
   u_spi_target.o_rx_data[4]  Net          13            (fanout=2)        952                     -                                                                                                                                   
   RBB_13/D1                  RBB_6L       13  [TILE 0 0, RBB 1 24]          -     r            4657     {inst92: u_spi_target.o_rx_data_FDCE_Q_1_buf92_i (LUT,site=dluto)} {inst42: u_spi_target.o_rx_data_FDCE_Q_1 (FDCE,site=dffo)} 
   --------------------------------------------------------------------------------------------------------------------------------------------------------------------------------------------------------------------------------------
   RBB_13/CLK                 RBB_6L       13  [TILE 0 0, RBB 1 24]       1397     r            6054                                                                                                                                   
   clk                        Clock net     2          (fanout=352)      -2324                     -                                                                                                                                   
   clk                        CLOCK-PORT    -                     -    capture     r            3730                                                                                                                                   
   --------------------------------------------------------------------------------------------------------------------------------------------------------------------------------------------------------------------------------------


Path 93:
   Slack (not met):                         -1873ps
     Path type:                               SETUP
     Group:                              <UDEF_clk>
     Launching clock:                           clk (rising edge)
     Capturing clock:                           clk (rising edge)

     Requested period:                       2000ps
   + Delay of the capturing clock:           2324ps
   - Clock uncertainty:                       150ps
   = Required time:                          4174ps
   - Propagation time:                       3723ps (62.8% logic, 37.2% route, logic stage 1)
   - Delay of the launching clock:           2324ps
   = Slack:                                 -1873ps

   Instance/Pin or Net Name   Type         ID    Location or Fanout   Delay(ps)  Edge  Arrival Time(ps)    Instance detail                                                                                                             
   --------------------------------------------------------------------------------------------------------------------------------------------------------------------------------------------------------------------------------------
   clk                        CLOCK-PORT    -                     -     launch     r               0                                                                                                                                   
   clk                        Clock net     2          (fanout=352)       2324                     -                                                                                                                                   
   RBB_13/CLK                 RBB_6L       13  [TILE 0 0, RBB 1 24]          -     r            2324                                                                                                                                   
   --------------------------------------------------------------------------------------------------------------------------------------------------------------------------------------------------------------------------------------
   RBB_13/DQ                  RBB_6L       13  [TILE 0 0, RBB 1 24]        800     r            3124     {inst44: u_spi_target.o_rx_data_FDCE_Q_3 (FDCE,site=dff)}                                                                     
   u_spi_target.o_rx_data[3]  Net          12            (fanout=2)       1385                     -                                                                                                                                   
   RBB_13/C1                  RBB_6L       13  [TILE 0 0, RBB 1 24]          -     r            4509     {inst93: u_spi_target.o_rx_data_FDCE_Q_2_buf93_i (LUT,site=cluto)} {inst43: u_spi_target.o_rx_data_FDCE_Q_2 (FDCE,site=cffo)} 
   --------------------------------------------------------------------------------------------------------------------------------------------------------------------------------------------------------------------------------------
   RBB_13/CLK                 RBB_6L       13  [TILE 0 0, RBB 1 24]       1538     r            6047                                                                                                                                   
   clk                        Clock net     2          (fanout=352)      -2324                     -                                                                                                                                   
   clk                        CLOCK-PORT    -                     -    capture     r            3723                                                                                                                                   
   --------------------------------------------------------------------------------------------------------------------------------------------------------------------------------------------------------------------------------------


Path 71:
   Slack (not met):                         -1836ps
     Path type:                               SETUP
     Group:                              <UDEF_clk>
     Launching clock:                           clk (rising edge)
     Capturing clock:                           clk (rising edge)

     Requested period:                       2000ps
   + Delay of the capturing clock:           2325ps
   - Clock uncertainty:                       150ps
   = Required time:                          4175ps
   - Propagation time:                       3687ps (59.3% logic, 40.7% route, logic stage 1)
   - Delay of the launching clock:           2324ps
   = Slack:                                 -1836ps

   Instance/Pin or Net Name   Type         ID    Location or Fanout   Delay(ps)  Edge  Arrival Time(ps)    Instance detail                                                                                       
   ----------------------------------------------------------------------------------------------------------------------------------------------------------------------------------------------------------------
   clk                        CLOCK-PORT    -                     -     launch     r               0                                                                                                             
   clk                        Clock net     2          (fanout=352)       2324                     -                                                                                                             
   RBB_13/CLK                 RBB_6L       13  [TILE 0 0, RBB 1 24]          -     r            2324                                                                                                             
   ----------------------------------------------------------------------------------------------------------------------------------------------------------------------------------------------------------------
   RBB_13/AQ                  RBB_6L       13  [TILE 0 0, RBB 1 24]        800     r            3124     {inst46: u_spi_target.o_rx_data_FDCE_Q_5 (FDCE,site=aff)}                                               
   u_spi_target.o_rx_data[1]  Net          10            (fanout=2)       1502                     -                                                                                                             
   RBB_6/B1                   RBB_6L        6  [TILE 0 0, RBB 1 22]          -     r            4626     {inst40: u_spi_target.o_rx_data_CARRY4_S_1 (CARRY4)} {inst18: rx_data_strobe_FDCE_CE_3 (FDCE,site=bff)} 
   ----------------------------------------------------------------------------------------------------------------------------------------------------------------------------------------------------------------
   RBB_6/CLK                  RBB_6L        6  [TILE 0 0, RBB 1 22]       1385     r            6011                                                                                                             
   clk                        Clock net     2          (fanout=352)      -2325                     -                                                                                                             
   clk                        CLOCK-PORT    -                     -    capture     r            3686                                                                                                             
   ----------------------------------------------------------------------------------------------------------------------------------------------------------------------------------------------------------------


Path 81:
   Slack (not met):                         -1761ps
     Path type:                               SETUP
     Group:                              <UDEF_clk>
     Launching clock:                           clk (rising edge)
     Capturing clock:                           clk (rising edge)

     Requested period:                       2000ps
   + Delay of the capturing clock:           2159ps
   - Clock uncertainty:                       150ps
   = Required time:                          4009ps
   - Propagation time:                       3459ps (47.2% logic, 52.8% route, logic stage 1)
   - Delay of the launching clock:           2311ps
   = Slack:                                 -1761ps

   Instance/Pin or Net Name   Type         ID    Location or Fanout   Delay(ps)  Edge  Arrival Time(ps)    Instance detail                                                                         
   --------------------------------------------------------------------------------------------------------------------------------------------------------------------------------------------------
   clk                        CLOCK-PORT    -                     -     launch     r               0                                                                                               
   clk                        Clock net     2          (fanout=352)       2311                     -                                                                                               
   RBB_7/CLK                  RBB_6L        7  [TILE 0 0, RBB 4 22]          -     r            2311                                                                                               
   --------------------------------------------------------------------------------------------------------------------------------------------------------------------------------------------------
   RBB_7/DQ                   RBB_6L        7  [TILE 0 0, RBB 4 22]        800     r            3111     {inst26: spi_miso_LUT6_I0_I1_FDCE_Q_1 (FDCE,site=dff)}                                    
   spi_miso_LUT6_I0_I1[0]     Net          62            (fanout=1)       1827                     -                                                                                               
   RBB_12/C2                  RBB_6L       12  [TILE 0 0, RBB 1 16]          -     r            4938     {inst24: spi_miso_LUT6_I0 (LUT,site=clut,cluto)} {inst23: spi_miso_FDCE_Q (FDC,site=cff)} 
   --------------------------------------------------------------------------------------------------------------------------------------------------------------------------------------------------
   RBB_12/CLK                 RBB_6L       12  [TILE 0 0, RBB 1 16]        832     r            5770                                                                                               
   clk                        Clock net     2          (fanout=352)      -2159                     -                                                                                               
   clk                        CLOCK-PORT    -                     -    capture     r            3611                                                                                               
   --------------------------------------------------------------------------------------------------------------------------------------------------------------------------------------------------


Path 87:
   Slack (not met):                         -1701ps
     Path type:                               SETUP
     Group:                              <UDEF_clk>
     Launching clock:                           clk (rising edge)
     Capturing clock:                           clk (rising edge)

     Requested period:                       2000ps
   + Delay of the capturing clock:           2159ps
   - Clock uncertainty:                       150ps
   = Required time:                          4009ps
   - Propagation time:                       3399ps (48.0% logic, 52.0% route, logic stage 1)
   - Delay of the launching clock:           2311ps
   = Slack:                                 -1701ps

   Instance/Pin or Net Name                   Type         ID    Location or Fanout   Delay(ps)  Edge  Arrival Time(ps)    Instance detail                                                                                                       
   ------------------------------------------------------------------------------------------------------------------------------------------------------------------------------------------------------------------------------------------------
   clk                                        CLOCK-PORT    -                     -     launch     r               0                                                                                                                             
   clk                                        Clock net     2          (fanout=352)       2311                     -                                                                                                                             
   RBB_7/CLK                                  RBB_6L        7  [TILE 0 0, RBB 4 22]          -     r            2311                                                                                                                             
   ------------------------------------------------------------------------------------------------------------------------------------------------------------------------------------------------------------------------------------------------
   RBB_7/CQ                                   RBB_6L        7  [TILE 0 0, RBB 4 22]        800     r            3111     {inst29: spi_miso_LUT6_I0_I1_FDCE_Q_D_LUT6_O_I1_FDCE_Q_1 (FDCE,site=cff)}                                               
   spi_miso_LUT6_I0_I1_FDCE_Q_D_LUT6_O_I1[1]  Net          67            (fanout=1)       1767                     -                                                                                                                             
   RBB_12/B2                                  RBB_6L       12  [TILE 0 0, RBB 1 16]          -     r            4878     {inst27: spi_miso_LUT6_I0_I1_FDCE_Q_D_LUT6_O (LUT,site=blut,bluto)} {inst25: spi_miso_LUT6_I0_I1_FDCE_Q (FDC,site=bff)} 
   ------------------------------------------------------------------------------------------------------------------------------------------------------------------------------------------------------------------------------------------------
   RBB_12/CLK                                 RBB_6L       12  [TILE 0 0, RBB 1 16]        832     r            5710                                                                                                                             
   clk                                        Clock net     2          (fanout=352)      -2159                     -                                                                                                                             
   clk                                        CLOCK-PORT    -                     -    capture     r            3551                                                                                                                             
   ------------------------------------------------------------------------------------------------------------------------------------------------------------------------------------------------------------------------------------------------


Path 85:
   Slack (not met):                         -1639ps
     Path type:                               SETUP
     Group:                              <UDEF_clk>
     Launching clock:                           clk (rising edge)
     Capturing clock:                           clk (rising edge)

     Requested period:                       2000ps
   + Delay of the capturing clock:           2318ps
   - Clock uncertainty:                       150ps
   = Required time:                          4168ps
   - Propagation time:                       3482ps (45.0% logic, 55.0% route, logic stage 1)
   - Delay of the launching clock:           2325ps
   = Slack:                                 -1639ps

   Instance/Pin or Net Name       Type         ID    Location or Fanout   Delay(ps)  Edge  Arrival Time(ps)    Instance detail                                                                                                                                                                                                                         
   ------------------------------------------------------------------------------------------------------------------------------------------------------------------------------------------------------------------------------------------------------------------------------------------------------------------------------------------------------
   clk                            CLOCK-PORT    -                     -     launch     r               0                                                                                                                                                                                                                                               
   clk                            Clock net     2          (fanout=352)       2325                     -                                                                                                                                                                                                                                               
   RBB_6/CLK                      RBB_6L        6  [TILE 0 0, RBB 1 22]          -     r            2325                                                                                                                                                                                                                                               
   ------------------------------------------------------------------------------------------------------------------------------------------------------------------------------------------------------------------------------------------------------------------------------------------------------------------------------------------------------
   RBB_6/DQ                       RBB_6L        6  [TILE 0 0, RBB 1 22]        800     r            3125     {inst12: rx_data_strobe_FDCE_CE_1 (FDCE,site=dff)}                                                                                                                                                                                        
   rx_data_strobe_FDCE_CE_1_Q[1]  Net          32            (fanout=1)       1914                     -                                                                                                                                                                                                                                               
   RBB_14/B2                      RBB_6L       14  [TILE 0 0, RBB 4 18]          -     r            5039     {inst35: spi_miso_LUT6_I0_I1_FDCE_Q_D_LUT6_O_I1_FDCE_Q_D_LUT6_O_I1_FDCE_Q_D_LUT6_O_I1_FDCE_Q_D_LUT6_O (LUT,site=blut,bluto)} {inst34: spi_miso_LUT6_I0_I1_FDCE_Q_D_LUT6_O_I1_FDCE_Q_D_LUT6_O_I1_FDCE_Q_D_LUT6_O_I1_FDCE_Q (FDC,site=bff)} 
   ------------------------------------------------------------------------------------------------------------------------------------------------------------------------------------------------------------------------------------------------------------------------------------------------------------------------------------------------------
   RBB_14/CLK                     RBB_6L       14  [TILE 0 0, RBB 4 18]        768     r            5807                                                                                                                                                                                                                                               
   clk                            Clock net     2          (fanout=352)      -2318                     -                                                                                                                                                                                                                                               
   clk                            CLOCK-PORT    -                     -    capture     r            3489                                                                                                                                                                                                                                               
   ------------------------------------------------------------------------------------------------------------------------------------------------------------------------------------------------------------------------------------------------------------------------------------------------------------------------------------------------------


Path 76:
   Slack (not met):                         -1573ps
     Path type:                               SETUP
     Group:                              <UDEF_clk>
     Launching clock:                           clk (rising edge)
     Capturing clock:                           clk (rising edge)

     Requested period:                       2000ps
   + Delay of the capturing clock:           2312ps
   - Clock uncertainty:                       150ps
   = Required time:                          4162ps
   - Propagation time:                       3417ps (48.6% logic, 51.4% route, logic stage 1)
   - Delay of the launching clock:           2318ps
   = Slack:                                 -1573ps

   Instance/Pin or Net Name                                                Type         ID    Location or Fanout   Delay(ps)  Edge  Arrival Time(ps)    Instance detail                                                                                                                                                             
   -----------------------------------------------------------------------------------------------------------------------------------------------------------------------------------------------------------------------------------------------------------------------------------------------------------------------------------
   clk                                                                     CLOCK-PORT    -                     -     launch     r               0                                                                                                                                                                                   
   clk                                                                     Clock net     2          (fanout=352)       2318                     -                                                                                                                                                                                   
   RBB_10/CLK                                                              RBB_6L       10  [TILE 0 0, RBB 1 20]          -     r            2318                                                                                                                                                                                   
   -----------------------------------------------------------------------------------------------------------------------------------------------------------------------------------------------------------------------------------------------------------------------------------------------------------------------------------
   RBB_10/DQ                                                               RBB_6L       10  [TILE 0 0, RBB 1 20]        800     r            3118     {inst54: u_spi_target.o_rx_data_valid_FDCE_Q_CE_LUT6_O_I3_CARRY4_CO_O_1_LUT4_I3_O_FDCE_D (FDC,site=dff)}                                                                      
   u_spi_target.o_rx_data_valid_FDCE_Q_CE_LUT6_O_I3_LUT5_I4_O_FDCE_D_Q[1]  Net          37            (fanout=5)       1758                     -                                                                                                                                                                                   
   RBB_11/D4                                                               RBB_6L       11  [TILE 0 0, RBB 1 12]          -     r            4876     {inst61: u_spi_target.o_rx_data_valid_FDCE_Q_CE_LUT6_O_I3_LUT5_I4 (LUT,site=dlut)} {inst62: u_spi_target.o_rx_data_valid_FDCE_Q_CE_LUT6_O_I3_LUT5_I4_O_FDCE_D (FDC,site=dff)} 
   -----------------------------------------------------------------------------------------------------------------------------------------------------------------------------------------------------------------------------------------------------------------------------------------------------------------------------------
   RBB_11/CLK                                                              RBB_6L       11  [TILE 0 0, RBB 1 12]        859     r            5735                                                                                                                                                                                   
   clk                                                                     Clock net     2          (fanout=352)      -2312                     -                                                                                                                                                                                   
   clk                                                                     CLOCK-PORT    -                     -    capture     r            3423                                                                                                                                                                                   
   -----------------------------------------------------------------------------------------------------------------------------------------------------------------------------------------------------------------------------------------------------------------------------------------------------------------------------------


Path 83:
   Slack (not met):                         -1446ps
     Path type:                               SETUP
     Group:                              <UDEF_clk>
     Launching clock:                           clk (rising edge)
     Capturing clock:                           clk (rising edge)

     Requested period:                       2000ps
   + Delay of the capturing clock:           2318ps
   - Clock uncertainty:                       150ps
   = Required time:                          4168ps
   - Propagation time:                       3296ps (45.9% logic, 54.1% route, logic stage 1)
   - Delay of the launching clock:           2318ps
   = Slack:                                 -1446ps

   Instance/Pin or Net Name       Type         ID    Location or Fanout   Delay(ps)  Edge  Arrival Time(ps)    Instance detail                                                                                                                                                                                                                         
   ------------------------------------------------------------------------------------------------------------------------------------------------------------------------------------------------------------------------------------------------------------------------------------------------------------------------------------------------------
   clk                            CLOCK-PORT    -                     -     launch     r               0                                                                                                                                                                                                                                               
   clk                            Clock net     2          (fanout=352)       2318                     -                                                                                                                                                                                                                                               
   RBB_10/CLK                     RBB_6L       10  [TILE 0 0, RBB 1 20]          -     r            2318                                                                                                                                                                                                                                               
   ------------------------------------------------------------------------------------------------------------------------------------------------------------------------------------------------------------------------------------------------------------------------------------------------------------------------------------------------------
   RBB_10/CQ                      RBB_6L       10  [TILE 0 0, RBB 1 20]        800     r            3118     {inst13: rx_data_strobe_FDCE_CE_1_Q_FDCE_Q (FDC,site=cff)}                                                                                                                                                                                
   rx_data_strobe_FDCE_CE_1_Q[0]  Net          31            (fanout=2)       1782                     -                                                                                                                                                                                                                                               
   RBB_14/B1                      RBB_6L       14  [TILE 0 0, RBB 4 18]          -     r            4900     {inst35: spi_miso_LUT6_I0_I1_FDCE_Q_D_LUT6_O_I1_FDCE_Q_D_LUT6_O_I1_FDCE_Q_D_LUT6_O_I1_FDCE_Q_D_LUT6_O (LUT,site=blut,bluto)} {inst34: spi_miso_LUT6_I0_I1_FDCE_Q_D_LUT6_O_I1_FDCE_Q_D_LUT6_O_I1_FDCE_Q_D_LUT6_O_I1_FDCE_Q (FDC,site=bff)} 
   ------------------------------------------------------------------------------------------------------------------------------------------------------------------------------------------------------------------------------------------------------------------------------------------------------------------------------------------------------
   RBB_14/CLK                     RBB_6L       14  [TILE 0 0, RBB 4 18]        714     r            5614                                                                                                                                                                                                                                               
   clk                            Clock net     2          (fanout=352)      -2318                     -                                                                                                                                                                                                                                               
   clk                            CLOCK-PORT    -                     -    capture     r            3296                                                                                                                                                                                                                                               
   ------------------------------------------------------------------------------------------------------------------------------------------------------------------------------------------------------------------------------------------------------------------------------------------------------------------------------------------------------


Path 84:
   Slack (not met):                         -1442ps
     Path type:                               SETUP
     Group:                              <UDEF_clk>
     Launching clock:                           clk (rising edge)
     Capturing clock:                           clk (rising edge)

     Requested period:                       2000ps
   + Delay of the capturing clock:           2159ps
   - Clock uncertainty:                       150ps
   = Required time:                          4009ps
   - Propagation time:                       3133ps (51.0% logic, 49.0% route, logic stage 1)
   - Delay of the launching clock:           2318ps
   = Slack:                                 -1442ps

   Instance/Pin or Net Name                   Type         ID    Location or Fanout   Delay(ps)  Edge  Arrival Time(ps)    Instance detail                                                                                                       
   ------------------------------------------------------------------------------------------------------------------------------------------------------------------------------------------------------------------------------------------------
   clk                                        CLOCK-PORT    -                     -     launch     r               0                                                                                                                             
   clk                                        Clock net     2          (fanout=352)       2318                     -                                                                                                                             
   RBB_14/CLK                                 RBB_6L       14  [TILE 0 0, RBB 4 18]          -     r            2318                                                                                                                             
   ------------------------------------------------------------------------------------------------------------------------------------------------------------------------------------------------------------------------------------------------
   RBB_14/DQ                                  RBB_6L       14  [TILE 0 0, RBB 4 18]        800     r            3118     {inst28: spi_miso_LUT6_I0_I1_FDCE_Q_D_LUT6_O_I1_FDCE_Q (FDC,site=dff)}                                                  
   spi_miso_LUT6_I0_I1_FDCE_Q_D_LUT6_O_I1[0]  Net          66            (fanout=2)       1535                     -                                                                                                                             
   RBB_12/B1                                  RBB_6L       12  [TILE 0 0, RBB 1 16]          -     r            4653     {inst27: spi_miso_LUT6_I0_I1_FDCE_Q_D_LUT6_O (LUT,site=blut,bluto)} {inst25: spi_miso_LUT6_I0_I1_FDCE_Q (FDC,site=bff)} 
   ------------------------------------------------------------------------------------------------------------------------------------------------------------------------------------------------------------------------------------------------
   RBB_12/CLK                                 RBB_6L       12  [TILE 0 0, RBB 1 16]        798     r            5451                                                                                                                             
   clk                                        Clock net     2          (fanout=352)      -2159                     -                                                                                                                             
   clk                                        CLOCK-PORT    -                     -    capture     r            3292                                                                                                                             
   ------------------------------------------------------------------------------------------------------------------------------------------------------------------------------------------------------------------------------------------------


Path 77:
   Slack (not met):                         -1419ps
     Path type:                               SETUP
     Group:                              <UDEF_clk>
     Launching clock:                           clk (rising edge)
     Capturing clock:                           clk (rising edge)

     Requested period:                       2000ps
   + Delay of the capturing clock:           2318ps
   - Clock uncertainty:                       150ps
   = Required time:                          4168ps
   - Propagation time:                       3276ps (49.9% logic, 50.1% route, logic stage 1)
   - Delay of the launching clock:           2311ps
   = Slack:                                 -1419ps

   Instance/Pin or Net Name                                      Type         ID    Location or Fanout   Delay(ps)  Edge  Arrival Time(ps)    Instance detail                                                                                                                                             
   ---------------------------------------------------------------------------------------------------------------------------------------------------------------------------------------------------------------------------------------------------------------------------------------------------------
   clk                                                           CLOCK-PORT    -                     -     launch     r               0                                                                                                                                                                   
   clk                                                           Clock net     2          (fanout=352)       2311                     -                                                                                                                                                                   
   RBB_7/CLK                                                     RBB_6L        7  [TILE 0 0, RBB 4 22]          -     r            2311                                                                                                                                                                   
   ---------------------------------------------------------------------------------------------------------------------------------------------------------------------------------------------------------------------------------------------------------------------------------------------------------
   RBB_7/BQ                                                      RBB_6L        7  [TILE 0 0, RBB 4 22]        800     r            3111     {inst32: spi_miso_LUT6_I0_I1_FDCE_Q_D_LUT6_O_I1_FDCE_Q_D_LUT6_O_I1_FDCE_Q_1 (FDCE,site=bff)}                                                                  
   spi_miso_LUT6_I0_I1_FDCE_Q_D_LUT6_O_I1_FDCE_Q_D_LUT6_O_I1[1]  Net          34            (fanout=1)       1642                     -                                                                                                                                                                   
   RBB_14/D3                                                     RBB_6L       14  [TILE 0 0, RBB 4 18]          -     r            4753     {inst30: spi_miso_LUT6_I0_I1_FDCE_Q_D_LUT6_O_I1_FDCE_Q_D_LUT6_O (LUT,site=dlut,dluto)} {inst28: spi_miso_LUT6_I0_I1_FDCE_Q_D_LUT6_O_I1_FDCE_Q (FDC,site=dff)} 
   ---------------------------------------------------------------------------------------------------------------------------------------------------------------------------------------------------------------------------------------------------------------------------------------------------------
   RBB_14/CLK                                                    RBB_6L       14  [TILE 0 0, RBB 4 18]        834     r            5587                                                                                                                                                                   
   clk                                                           Clock net     2          (fanout=352)      -2318                     -                                                                                                                                                                   
   clk                                                           CLOCK-PORT    -                     -    capture     r            3269                                                                                                                                                                   
   ---------------------------------------------------------------------------------------------------------------------------------------------------------------------------------------------------------------------------------------------------------------------------------------------------------


Path 82:
   Slack (not met):                         -1330ps
     Path type:                               SETUP
     Group:                              <UDEF_clk>
     Launching clock:                           clk (rising edge)
     Capturing clock:                           clk (rising edge)

     Requested period:                       2000ps
   + Delay of the capturing clock:           2318ps
   - Clock uncertainty:                       150ps
   = Required time:                          4168ps
   - Propagation time:                       3179ps (52.6% logic, 47.4% route, logic stage 1)
   - Delay of the launching clock:           2319ps
   = Slack:                                 -1330ps

   Instance/Pin or Net Name      Type         ID    Location or Fanout   Delay(ps)  Edge  Arrival Time(ps)    Instance detail                                             
   -------------------------------------------------------------------------------------------------------------------------------------------------------------------------
   clk                           CLOCK-PORT    -                     -     launch     r               0                                                                   
   clk                           Clock net     2          (fanout=352)       2319                     -                                                                   
   RBB_9/CLK                     RBB_6L        9  [TILE 0 0, RBB 1 18]          -     r            2319                                                                   
   -------------------------------------------------------------------------------------------------------------------------------------------------------------------------
   RBB_9/DQ                      RBB_6L        9  [TILE 0 0, RBB 1 18]        800     r            3119     {inst50: u_spi_target.o_rx_data_valid_FDCE_Q (FDCE,site=dff)} 
   u_spi_target.o_rx_data_valid  Net          16            (fanout=2)       1506                     -                                                                   
   RBB_10/C6                     RBB_6L       10  [TILE 0 0, RBB 1 20]          -     r            4625     {inst49: u_spi_target.o_rx_data_valid_FDCE_D (FDC,site=cffo)} 
   -------------------------------------------------------------------------------------------------------------------------------------------------------------------------
   RBB_10/CLK                    RBB_6L       10  [TILE 0 0, RBB 1 20]        873     r            5498                                                                   
   clk                           Clock net     2          (fanout=352)      -2318                     -                                                                   
   clk                           CLOCK-PORT    -                     -    capture     r            3180                                                                   
   -------------------------------------------------------------------------------------------------------------------------------------------------------------------------


Path 72:
   Slack (not met):                         -1328ps
     Path type:                               SETUP
     Group:                              <UDEF_clk>
     Launching clock:                           clk (rising edge)
     Capturing clock:                           clk (rising edge)

     Requested period:                       2000ps
   + Delay of the capturing clock:           2318ps
   - Clock uncertainty:                       150ps
   = Required time:                          4168ps
   - Propagation time:                       3171ps (54.9% logic, 45.1% route, logic stage 1)
   - Delay of the launching clock:           2325ps
   = Slack:                                 -1328ps

   Instance/Pin or Net Name       Type         ID    Location or Fanout   Delay(ps)  Edge  Arrival Time(ps)    Instance detail                                                                                                       
   ------------------------------------------------------------------------------------------------------------------------------------------------------------------------------------------------------------------------------------
   clk                            CLOCK-PORT    -                     -     launch     r               0                                                                                                                             
   clk                            Clock net     2          (fanout=352)       2325                     -                                                                                                                             
   RBB_6/CLK                      RBB_6L        6  [TILE 0 0, RBB 1 22]          -     r            2325                                                                                                                             
   ------------------------------------------------------------------------------------------------------------------------------------------------------------------------------------------------------------------------------------
   RBB_6/AQ                       RBB_6L        6  [TILE 0 0, RBB 1 22]        800     r            3125     {inst20: rx_data_strobe_FDCE_CE_4 (FDCE,site=aff)}                                                                      
   rx_data_strobe_FDCE_CE_4_Q[0]  Net          70            (fanout=1)       1431                     -                                                                                                                             
   RBB_10/A1                      RBB_6L       10  [TILE 0 0, RBB 1 20]          -     r            4556     {inst21: rx_data_strobe_FDCE_CE_4_Q_LUT5_I1 (LUT,site=alut)} {inst19: rx_data_strobe_FDCE_CE_3_Q_FDCE_Q (FDC,site=aff)} 
   ------------------------------------------------------------------------------------------------------------------------------------------------------------------------------------------------------------------------------------
   RBB_10/CLK                     RBB_6L       10  [TILE 0 0, RBB 1 20]        940     r            5496                                                                                                                             
   clk                            Clock net     2          (fanout=352)      -2318                     -                                                                                                                             
   clk                            CLOCK-PORT    -                     -    capture     r            3178                                                                                                                             
   ------------------------------------------------------------------------------------------------------------------------------------------------------------------------------------------------------------------------------------


Path 88:
   Slack (not met):                         -1325ps
     Path type:                               SETUP
     Group:                              <UDEF_clk>
     Launching clock:                           clk (rising edge)
     Capturing clock:                           clk (rising edge)

     Requested period:                       2000ps
   + Delay of the capturing clock:           2311ps
   - Clock uncertainty:                       150ps
   = Required time:                          4161ps
   - Propagation time:                       3162ps (47.3% logic, 52.7% route, logic stage 1)
   - Delay of the launching clock:           2324ps
   = Slack:                                 -1325ps

   Instance/Pin or Net Name   Type         ID    Location or Fanout   Delay(ps)  Edge  Arrival Time(ps)    Instance detail                                         
   ------------------------------------------------------------------------------------------------------------------------------------------------------------------
   clk                        CLOCK-PORT    -                     -     launch     r               0                                                               
   clk                        Clock net     2          (fanout=352)       2324                     -                                                               
   RBB_13/CLK                 RBB_6L       13  [TILE 0 0, RBB 1 24]          -     r            2324                                                               
   ------------------------------------------------------------------------------------------------------------------------------------------------------------------
   RBB_13/CQ                  RBB_6L       13  [TILE 0 0, RBB 1 24]        800     r            3124     {inst41: u_spi_target.o_rx_data_FDCE_Q (FDCE,site=cff)}   
   u_spi_target.o_rx_data[6]  Net          15            (fanout=2)       1667                     -                                                               
   RBB_15/D6                  RBB_6L       15  [TILE 0 0, RBB 4 24]          -     r            4791     {inst68: u_spi_target.w_sck_edge_FDCE_CE (FDCE,site=dff)} 
   ------------------------------------------------------------------------------------------------------------------------------------------------------------------
   RBB_15/CLK                 RBB_6L       15  [TILE 0 0, RBB 4 24]        695     r            5486                                                               
   clk                        Clock net     2          (fanout=352)      -2311                     -                                                               
   clk                        CLOCK-PORT    -                     -    capture     r            3175                                                               
   ------------------------------------------------------------------------------------------------------------------------------------------------------------------


Path 241:
   Slack (not met):                         -1291ps
     Path type:                               SETUP
     Group:                              <UDEF_clk>
     Launching clock:                           clk (rising edge)
     Capturing clock:                           clk (rising edge)

     Requested period:                       2000ps
   + Delay of the capturing clock:           2325ps
   - Clock uncertainty:                       150ps
   = Required time:                          4175ps
   - Propagation time:                       3113ps (52.0% logic, 48.0% route, logic stage 1)
   - Delay of the launching clock:           2353ps
   = Slack:                                 -1291ps

   Instance/Pin or Net Name   Type         ID    Location or Fanout   Delay(ps)  Edge  Arrival Time(ps)    Instance detail                                                                                       
   ----------------------------------------------------------------------------------------------------------------------------------------------------------------------------------------------------------------
   clk                        CLOCK-PORT    -                     -     launch     r               0                                                                                                             
   clk                        Clock net     2          (fanout=352)       2353                     -                                                                                                             
   RBB_2/CLK                  IOB           2  [TILE 0 0, RBB 0 22]          -     r            2353                                                                                                             
   ----------------------------------------------------------------------------------------------------------------------------------------------------------------------------------------------------------------
   RBB_2/I[0]                 IOB           2  [TILE 0 0, RBB 0 22]          0     r            2353     {(input_port) inst77: g_77_spi_mosi_ibuf (IO)} {inst47: u_spi_target.o_rx_data_FDCE_Q_6 (FDCE)}         
   u_spi_target.o_rx_data[0]  Net           9            (fanout=2)       1495                     -                                                                                                             
   RBB_6/A1                   RBB_6L        6  [TILE 0 0, RBB 1 22]          -     r            3848     {inst40: u_spi_target.o_rx_data_CARRY4_S_1 (CARRY4)} {inst12: rx_data_strobe_FDCE_CE_1 (FDCE,site=dff)} 
   ----------------------------------------------------------------------------------------------------------------------------------------------------------------------------------------------------------------
   RBB_6/CLK                  RBB_6L        6  [TILE 0 0, RBB 1 22]       1618     r            5466                                                                                                             
   clk                        Clock net     2          (fanout=352)      -2325                     -                                                                                                             
   clk                        CLOCK-PORT    -                     -    capture     r            3141                                                                                                             
   ----------------------------------------------------------------------------------------------------------------------------------------------------------------------------------------------------------------


Path 79:
   Slack (not met):                         -1291ps
     Path type:                               SETUP
     Group:                              <UDEF_clk>
     Launching clock:                           clk (rising edge)
     Capturing clock:                           clk (rising edge)

     Requested period:                       2000ps
   + Delay of the capturing clock:           2318ps
   - Clock uncertainty:                       150ps
   = Required time:                          4168ps
   - Propagation time:                       3148ps (53.1% logic, 46.9% route, logic stage 1)
   - Delay of the launching clock:           2311ps
   = Slack:                                 -1291ps

   Instance/Pin or Net Name                                                         Type         ID    Location or Fanout   Delay(ps)  Edge  Arrival Time(ps)    Instance detail                                                                                                                                                                                   
   ------------------------------------------------------------------------------------------------------------------------------------------------------------------------------------------------------------------------------------------------------------------------------------------------------------------------------------------------------------------
   clk                                                                              CLOCK-PORT    -                     -     launch     r               0                                                                                                                                                                                                         
   clk                                                                              Clock net     2          (fanout=352)       2311                     -                                                                                                                                                                                                         
   RBB_7/CLK                                                                        RBB_6L        7  [TILE 0 0, RBB 4 22]          -     r            2311                                                                                                                                                                                                         
   ------------------------------------------------------------------------------------------------------------------------------------------------------------------------------------------------------------------------------------------------------------------------------------------------------------------------------------------------------------------
   RBB_7/AQ                                                                         RBB_6L        7  [TILE 0 0, RBB 4 22]        800     r            3111     {inst11: rx_data_strobe_FDCE_CE (FDCE,site=aff)}                                                                                                                                                    
   spi_miso_LUT6_I0_I1_FDCE_Q_D_LUT6_O_I1_FDCE_Q_D_LUT6_O_I1_FDCE_Q_D_LUT6_O_I1[1]  Net          25            (fanout=1)       1477                     -                                                                                                                                                                                                         
   RBB_14/C1                                                                        RBB_6L       14  [TILE 0 0, RBB 4 18]          -     r            4588     {inst33: spi_miso_LUT6_I0_I1_FDCE_Q_D_LUT6_O_I1_FDCE_Q_D_LUT6_O_I1_FDCE_Q_D_LUT6_O (LUT,site=clut,cluto)} {inst31: spi_miso_LUT6_I0_I1_FDCE_Q_D_LUT6_O_I1_FDCE_Q_D_LUT6_O_I1_FDCE_Q (FDC,site=cff)} 
   ------------------------------------------------------------------------------------------------------------------------------------------------------------------------------------------------------------------------------------------------------------------------------------------------------------------------------------------------------------------
   RBB_14/CLK                                                                       RBB_6L       14  [TILE 0 0, RBB 4 18]        871     r            5459                                                                                                                                                                                                         
   clk                                                                              Clock net     2          (fanout=352)      -2318                     -                                                                                                                                                                                                         
   clk                                                                              CLOCK-PORT    -                     -    capture     r            3141                                                                                                                                                                                                         
   ------------------------------------------------------------------------------------------------------------------------------------------------------------------------------------------------------------------------------------------------------------------------------------------------------------------------------------------------------------------


Path 112:
   Slack (not met):                         -1289ps
     Path type:                               SETUP
     Group:                              <UDEF_clk>
     Launching clock:                           clk (rising edge)
     Capturing clock:                           clk (rising edge)

     Requested period:                       2000ps
   + Delay of the capturing clock:           2324ps
   - Clock uncertainty:                       150ps
   = Required time:                          4174ps
   - Propagation time:                       3139ps (58.5% logic, 41.5% route, logic stage 1)
   - Delay of the launching clock:           2324ps
   = Slack:                                 -1289ps

   Instance/Pin or Net Name   Type         ID    Location or Fanout   Delay(ps)  Edge  Arrival Time(ps)    Instance detail                                                                                                            
   -------------------------------------------------------------------------------------------------------------------------------------------------------------------------------------------------------------------------------------
   clk                        CLOCK-PORT    -                     -     launch     r               0                                                                                                                                  
   clk                        Clock net     2          (fanout=352)       2324                     -                                                                                                                                  
   RBB_13/CLK                 RBB_6L       13  [TILE 0 0, RBB 1 24]          -     r            2324                                                                                                                                  
   -------------------------------------------------------------------------------------------------------------------------------------------------------------------------------------------------------------------------------------
   RBB_13/AQ                  RBB_6L       13  [TILE 0 0, RBB 1 24]        800     r            3124     {inst46: u_spi_target.o_rx_data_FDCE_Q_5 (FDCE,site=aff)}                                                                    
   u_spi_target.o_rx_data[1]  Net          10            (fanout=2)       1304                     -                                                                                                                                  
   RBB_13/B1                  RBB_6L       13  [TILE 0 0, RBB 1 24]          -     r            4428     {inst94: u_spi_target.o_rx_data_FDCE_Q_4_buf94_i (LUT,site=bluto)} {inst45: u_spi_target.o_rx_data_FDCE_Q_4 (FDCE,site=bff)} 
   -------------------------------------------------------------------------------------------------------------------------------------------------------------------------------------------------------------------------------------
   RBB_13/CLK                 RBB_6L       13  [TILE 0 0, RBB 1 24]       1035     r            5463                                                                                                                                  
   clk                        Clock net     2          (fanout=352)      -2324                     -                                                                                                                                  
   clk                        CLOCK-PORT    -                     -    capture     r            3139                                                                                                                                  
   -------------------------------------------------------------------------------------------------------------------------------------------------------------------------------------------------------------------------------------


Path 62:
   Slack (not met):                         -1274ps
     Path type:                               SETUP
     Group:                              <UDEF_clk>
     Launching clock:                           clk (rising edge)
     Capturing clock:                           clk (rising edge)

     Requested period:                       2000ps
   + Delay of the capturing clock:           2318ps
   - Clock uncertainty:                       150ps
   = Required time:                          4168ps
   - Propagation time:                       3283ps (70.4% logic, 29.6% route, logic stage 1)
   - Delay of the launching clock:           2159ps
   = Slack:                                 -1274ps

   Instance/Pin or Net Name    Type         ID    Location or Fanout   Delay(ps)  Edge  Arrival Time(ps)    Instance detail                                                  
   ----------------------------------------------------------------------------------------------------------------------------------------------------------------------------
   clk                         CLOCK-PORT    -                     -     launch     r               0                                                                        
   clk                         Clock net     2          (fanout=352)       2159                     -                                                                        
   RBB_12/CLK                  RBB_6L       12  [TILE 0 0, RBB 1 16]          -     r            2159                                                                        
   ----------------------------------------------------------------------------------------------------------------------------------------------------------------------------
   RBB_12/CMUX                 RBB_6L       12  [TILE 0 0, RBB 1 16]       1380     r            3539     {inst64: u_spi_target.r_sck_sync_FDCE_Q (FDC,site=cffo)}           
   u_spi_target.r_sck_sync[1]  Net          21            (fanout=3)        972                     -                                                                        
   RBB_14/D6                   RBB_6L       14  [TILE 0 0, RBB 4 18]          -     r            4511     {inst70: u_spi_target.w_sck_edge_LUT2_O_I0_FDCE_Q (FDC,site=dffo)} 
   ----------------------------------------------------------------------------------------------------------------------------------------------------------------------------
   RBB_14/CLK                  RBB_6L       14  [TILE 0 0, RBB 4 18]        931     r            5442                                                                        
   clk                         Clock net     2          (fanout=352)      -2318                     -                                                                        
   clk                         CLOCK-PORT    -                     -    capture     r            3124                                                                        
   ----------------------------------------------------------------------------------------------------------------------------------------------------------------------------


Path 91:
   Slack (not met):                         -1274ps
     Path type:                               SETUP
     Group:                              <UDEF_clk>
     Launching clock:                           clk (rising edge)
     Capturing clock:                           clk (rising edge)

     Requested period:                       2000ps
   + Delay of the capturing clock:           2159ps
   - Clock uncertainty:                       150ps
   = Required time:                          4009ps
   - Propagation time:                       3124ps (63.8% logic, 36.2% route, logic stage 1)
   - Delay of the launching clock:           2159ps
   = Slack:                                 -1274ps

   Instance/Pin or Net Name     Type         ID    Location or Fanout   Delay(ps)  Edge  Arrival Time(ps)    Instance detail                                                                                                                                                                                                     
   --------------------------------------------------------------------------------------------------------------------------------------------------------------------------------------------------------------------------------------------------------------------------------------------------------------------------------
   clk                          CLOCK-PORT    -                     -     launch     r               0                                                                                                                                                                                                                           
   clk                          Clock net     2          (fanout=352)       2159                     -                                                                                                                                                                                                                           
   RBB_12/CLK                   RBB_6L       12  [TILE 0 0, RBB 1 16]          -     r            2159                                                                                                                                                                                                                           
   --------------------------------------------------------------------------------------------------------------------------------------------------------------------------------------------------------------------------------------------------------------------------------------------------------------------------------
   RBB_12/AQ                    RBB_6L       12  [TILE 0 0, RBB 1 16]        800     r            2959     {inst66: u_spi_target.r_ss_n_sync_FDPE_Q (FDP,site=aff)}                                                                                                                                                              
   u_spi_target.r_ss_n_sync[1]  Net          19            (fanout=7)       1131                     -                                                                                                                                                                                                                           
   RBB_12/D5                    RBB_6L       12  [TILE 0 0, RBB 1 16]          -     r            4090     {inst59: u_spi_target.o_rx_data_valid_FDCE_Q_CE_LUT6_O_I3_CARRY4_CO_S_INV_O_I_FDCE_Q_D_LUT3_O (LUT,site=dluto)} {inst58: u_spi_target.o_rx_data_valid_FDCE_Q_CE_LUT6_O_I3_CARRY4_CO_S_INV_O_I_FDCE_Q (FDC,site=dffo)} 
   --------------------------------------------------------------------------------------------------------------------------------------------------------------------------------------------------------------------------------------------------------------------------------------------------------------------------------
   RBB_12/CLK                   RBB_6L       12  [TILE 0 0, RBB 1 16]       1193     r            5283                                                                                                                                                                                                                           
   clk                          Clock net     2          (fanout=352)      -2159                     -                                                                                                                                                                                                                           
   clk                          CLOCK-PORT    -                     -    capture     r            3124                                                                                                                                                                                                                           
   --------------------------------------------------------------------------------------------------------------------------------------------------------------------------------------------------------------------------------------------------------------------------------------------------------------------------------


Path 242:
   Slack (not met):                         -1232ps
     Path type:                               SETUP
     Group:                              <UDEF_clk>
     Launching clock:                           clk (rising edge)
     Capturing clock:                           clk (rising edge)

     Requested period:                       2000ps
   + Delay of the capturing clock:           2325ps
   - Clock uncertainty:                       150ps
   = Required time:                          4175ps
   - Propagation time:                       3054ps (51.0% logic, 49.0% route, logic stage 1)
   - Delay of the launching clock:           2353ps
   = Slack:                                 -1232ps

   Instance/Pin or Net Name   Type         ID    Location or Fanout   Delay(ps)  Edge  Arrival Time(ps)    Instance detail                                                                                       
   ----------------------------------------------------------------------------------------------------------------------------------------------------------------------------------------------------------------
   clk                        CLOCK-PORT    -                     -     launch     r               0                                                                                                             
   clk                        Clock net     2          (fanout=352)       2353                     -                                                                                                             
   RBB_2/CLK                  IOB           2  [TILE 0 0, RBB 0 22]          -     r            2353                                                                                                             
   ----------------------------------------------------------------------------------------------------------------------------------------------------------------------------------------------------------------
   RBB_2/I[0]                 IOB           2  [TILE 0 0, RBB 0 22]          0     r            2353     {(input_port) inst77: g_77_spi_mosi_ibuf (IO)} {inst47: u_spi_target.o_rx_data_FDCE_Q_6 (FDCE)}         
   u_spi_target.o_rx_data[0]  Net           9            (fanout=2)       1495                     -                                                                                                             
   RBB_6/A1                   RBB_6L        6  [TILE 0 0, RBB 1 22]          -     r            3848     {inst40: u_spi_target.o_rx_data_CARRY4_S_1 (CARRY4)} {inst15: rx_data_strobe_FDCE_CE_2 (FDCE,site=cff)} 
   ----------------------------------------------------------------------------------------------------------------------------------------------------------------------------------------------------------------
   RBB_6/CLK                  RBB_6L        6  [TILE 0 0, RBB 1 22]       1559     r            5407                                                                                                             
   clk                        Clock net     2          (fanout=352)      -2325                     -                                                                                                             
   clk                        CLOCK-PORT    -                     -    capture     r            3082                                                                                                             
   ----------------------------------------------------------------------------------------------------------------------------------------------------------------------------------------------------------------


Path 74:
   Slack (not met):                         -1169ps
     Path type:                               SETUP
     Group:                              <UDEF_clk>
     Launching clock:                           clk (rising edge)
     Capturing clock:                           clk (rising edge)

     Requested period:                       2000ps
   + Delay of the capturing clock:           2318ps
   - Clock uncertainty:                       150ps
   = Required time:                          4168ps
   - Propagation time:                       3178ps (53.5% logic, 46.5% route, logic stage 1)
   - Delay of the launching clock:           2159ps
   = Slack:                                 -1169ps

   Instance/Pin or Net Name     Type         ID    Location or Fanout   Delay(ps)  Edge  Arrival Time(ps)    Instance detail                                                                                                                                                                                         
   --------------------------------------------------------------------------------------------------------------------------------------------------------------------------------------------------------------------------------------------------------------------------------------------------------------------
   clk                          CLOCK-PORT    -                     -     launch     r               0                                                                                                                                                                                                               
   clk                          Clock net     2          (fanout=352)       2159                     -                                                                                                                                                                                                               
   RBB_12/CLK                   RBB_6L       12  [TILE 0 0, RBB 1 16]          -     r            2159                                                                                                                                                                                                               
   --------------------------------------------------------------------------------------------------------------------------------------------------------------------------------------------------------------------------------------------------------------------------------------------------------------------
   RBB_12/AQ                    RBB_6L       12  [TILE 0 0, RBB 1 16]        800     r            2959     {inst66: u_spi_target.r_ss_n_sync_FDPE_Q (FDP,site=aff)}                                                                                                                                                  
   u_spi_target.r_ss_n_sync[1]  Net          19            (fanout=7)       1479                     -                                                                                                                                                                                                               
   RBB_10/D3                    RBB_6L       10  [TILE 0 0, RBB 1 20]          -     r            4438     {inst53: u_spi_target.o_rx_data_valid_FDCE_Q_CE_LUT6_O_I3_CARRY4_CO_O_1_LUT4_I3 (LUT,site=dlut)} {inst54: u_spi_target.o_rx_data_valid_FDCE_Q_CE_LUT6_O_I3_CARRY4_CO_O_1_LUT4_I3_O_FDCE_D (FDC,site=dff)} 
   --------------------------------------------------------------------------------------------------------------------------------------------------------------------------------------------------------------------------------------------------------------------------------------------------------------------
   RBB_10/CLK                   RBB_6L       10  [TILE 0 0, RBB 1 20]        899     r            5337                                                                                                                                                                                                               
   clk                          Clock net     2          (fanout=352)      -2318                     -                                                                                                                                                                                                               
   clk                          CLOCK-PORT    -                     -    capture     r            3019                                                                                                                                                                                                               
   --------------------------------------------------------------------------------------------------------------------------------------------------------------------------------------------------------------------------------------------------------------------------------------------------------------------


Path 75:
   Slack (not met):                         -1143ps
     Path type:                               SETUP
     Group:                              <UDEF_clk>
     Launching clock:                           clk (rising edge)
     Capturing clock:                           clk (rising edge)

     Requested period:                       2000ps
   + Delay of the capturing clock:           2312ps
   - Clock uncertainty:                       150ps
   = Required time:                          4162ps
   - Propagation time:                       3146ps (52.9% logic, 47.1% route, logic stage 1)
   - Delay of the launching clock:           2159ps
   = Slack:                                 -1143ps

   Instance/Pin or Net Name     Type         ID    Location or Fanout   Delay(ps)  Edge  Arrival Time(ps)    Instance detail                                                                                                                                                             
   ----------------------------------------------------------------------------------------------------------------------------------------------------------------------------------------------------------------------------------------------------------------------------------------
   clk                          CLOCK-PORT    -                     -     launch     r               0                                                                                                                                                                                   
   clk                          Clock net     2          (fanout=352)       2159                     -                                                                                                                                                                                   
   RBB_12/CLK                   RBB_6L       12  [TILE 0 0, RBB 1 16]          -     r            2159                                                                                                                                                                                   
   ----------------------------------------------------------------------------------------------------------------------------------------------------------------------------------------------------------------------------------------------------------------------------------------
   RBB_12/AQ                    RBB_6L       12  [TILE 0 0, RBB 1 16]        800     r            2959     {inst66: u_spi_target.r_ss_n_sync_FDPE_Q (FDP,site=aff)}                                                                                                                      
   u_spi_target.r_ss_n_sync[1]  Net          19            (fanout=7)       1482                     -                                                                                                                                                                                   
   RBB_11/D2                    RBB_6L       11  [TILE 0 0, RBB 1 12]          -     r            4441     {inst61: u_spi_target.o_rx_data_valid_FDCE_Q_CE_LUT6_O_I3_LUT5_I4 (LUT,site=dlut)} {inst62: u_spi_target.o_rx_data_valid_FDCE_Q_CE_LUT6_O_I3_LUT5_I4_O_FDCE_D (FDC,site=dff)} 
   ----------------------------------------------------------------------------------------------------------------------------------------------------------------------------------------------------------------------------------------------------------------------------------------
   RBB_11/CLK                   RBB_6L       11  [TILE 0 0, RBB 1 12]        864     r            5305                                                                                                                                                                                   
   clk                          Clock net     2          (fanout=352)      -2312                     -                                                                                                                                                                                   
   clk                          CLOCK-PORT    -                     -    capture     r            2993                                                                                                                                                                                   
   ----------------------------------------------------------------------------------------------------------------------------------------------------------------------------------------------------------------------------------------------------------------------------------------


Path 101:
   Slack (not met):                         -1131ps
     Path type:                               SETUP
     Group:                              <UDEF_clk>
     Launching clock:                           clk (rising edge)
     Capturing clock:                           clk (rising edge)

     Requested period:                       2000ps
   + Delay of the capturing clock:           2159ps
   - Clock uncertainty:                       150ps
   = Required time:                          4009ps
   - Propagation time:                       2981ps (57.1% logic, 42.9% route, logic stage 1)
   - Delay of the launching clock:           2159ps
   = Slack:                                 -1131ps

   Instance/Pin or Net Name   Type         ID    Location or Fanout   Delay(ps)  Edge  Arrival Time(ps)    Instance detail                                                                         
   --------------------------------------------------------------------------------------------------------------------------------------------------------------------------------------------------
   clk                        CLOCK-PORT    -                     -     launch     r               0                                                                                               
   clk                        Clock net     2          (fanout=352)       2159                     -                                                                                               
   RBB_12/CLK                 RBB_6L       12  [TILE 0 0, RBB 1 16]          -     r            2159                                                                                               
   --------------------------------------------------------------------------------------------------------------------------------------------------------------------------------------------------
   RBB_12/BQ                  RBB_6L       12  [TILE 0 0, RBB 1 16]        800     r            2959     {inst25: spi_miso_LUT6_I0_I1_FDCE_Q (FDC,site=bff)}                                       
   spi_miso_LUT6_I0_I1[1]     Net          63            (fanout=2)       1280                     -                                                                                               
   RBB_12/C5                  RBB_6L       12  [TILE 0 0, RBB 1 16]          -     r            4239     {inst24: spi_miso_LUT6_I0 (LUT,site=clut,cluto)} {inst23: spi_miso_FDCE_Q (FDC,site=cff)} 
   --------------------------------------------------------------------------------------------------------------------------------------------------------------------------------------------------
   RBB_12/CLK                 RBB_6L       12  [TILE 0 0, RBB 1 16]        901     r            5140                                                                                               
   clk                        Clock net     2          (fanout=352)      -2159                     -                                                                                               
   clk                        CLOCK-PORT    -                     -    capture     r            2981                                                                                               
   --------------------------------------------------------------------------------------------------------------------------------------------------------------------------------------------------


Path 245:
   Slack (not met):                         -1118ps
     Path type:                               SETUP
     Group:                              <UDEF_clk>
     Launching clock:                           clk (rising edge)
     Capturing clock:                           clk (rising edge)

     Requested period:                       2000ps
   + Delay of the capturing clock:           2325ps
   - Clock uncertainty:                       150ps
   = Required time:                          4175ps
   - Propagation time:                       2940ps (49.1% logic, 50.9% route, logic stage 1)
   - Delay of the launching clock:           2353ps
   = Slack:                                 -1118ps

   Instance/Pin or Net Name   Type         ID    Location or Fanout   Delay(ps)  Edge  Arrival Time(ps)    Instance detail                                                                                       
   ----------------------------------------------------------------------------------------------------------------------------------------------------------------------------------------------------------------
   clk                        CLOCK-PORT    -                     -     launch     r               0                                                                                                             
   clk                        Clock net     2          (fanout=352)       2353                     -                                                                                                             
   RBB_2/CLK                  IOB           2  [TILE 0 0, RBB 0 22]          -     r            2353                                                                                                             
   ----------------------------------------------------------------------------------------------------------------------------------------------------------------------------------------------------------------
   RBB_2/I[0]                 IOB           2  [TILE 0 0, RBB 0 22]          0     r            2353     {(input_port) inst77: g_77_spi_mosi_ibuf (IO)} {inst47: u_spi_target.o_rx_data_FDCE_Q_6 (FDCE)}         
   u_spi_target.o_rx_data[0]  Net           9            (fanout=2)       1495                     -                                                                                                             
   RBB_6/A1                   RBB_6L        6  [TILE 0 0, RBB 1 22]          -     r            3848     {inst40: u_spi_target.o_rx_data_CARRY4_S_1 (CARRY4)} {inst18: rx_data_strobe_FDCE_CE_3 (FDCE,site=bff)} 
   ----------------------------------------------------------------------------------------------------------------------------------------------------------------------------------------------------------------
   RBB_6/CLK                  RBB_6L        6  [TILE 0 0, RBB 1 22]       1445     r            5293                                                                                                             
   clk                        Clock net     2          (fanout=352)      -2325                     -                                                                                                             
   clk                        CLOCK-PORT    -                     -    capture     r            2968                                                                                                             
   ----------------------------------------------------------------------------------------------------------------------------------------------------------------------------------------------------------------


Path 89:
   Slack (not met):                         -1110ps
     Path type:                               SETUP
     Group:                              <UDEF_clk>
     Launching clock:                           clk (rising edge)
     Capturing clock:                           clk (rising edge)

     Requested period:                       2000ps
   + Delay of the capturing clock:           2159ps
   - Clock uncertainty:                       150ps
   = Required time:                          4009ps
   - Propagation time:                       2960ps (80.8% logic, 19.2% route, logic stage 1)
   - Delay of the launching clock:           2159ps
   = Slack:                                 -1110ps

   Instance/Pin or Net Name                                              Type         ID    Location or Fanout   Delay(ps)  Edge  Arrival Time(ps)    Instance detail                                                                                                                                                                                                     
   -------------------------------------------------------------------------------------------------------------------------------------------------------------------------------------------------------------------------------------------------------------------------------------------------------------------------------------------------------------------------
   clk                                                                   CLOCK-PORT    -                     -     launch     r               0                                                                                                                                                                                                                           
   clk                                                                   Clock net     2          (fanout=352)       2159                     -                                                                                                                                                                                                                           
   RBB_12/CLK                                                            RBB_6L       12  [TILE 0 0, RBB 1 16]          -     r            2159                                                                                                                                                                                                                           
   -------------------------------------------------------------------------------------------------------------------------------------------------------------------------------------------------------------------------------------------------------------------------------------------------------------------------------------------------------------------------
   RBB_12/DMUX                                                           RBB_6L       12  [TILE 0 0, RBB 1 16]       1466     r            3625     {inst58: u_spi_target.o_rx_data_valid_FDCE_Q_CE_LUT6_O_I3_CARRY4_CO_S_INV_O_I_FDCE_Q (FDC,site=dffo)}                                                                                                                 
   u_spi_target.o_rx_data_valid_FDCE_Q_CE_LUT6_O_I3_CARRY4_CO_S_INV_O_I  Net          51            (fanout=3)        569                     -                                                                                                                                                                                                                           
   RBB_12/D4                                                             RBB_6L       12  [TILE 0 0, RBB 1 16]          -     r            4194     {inst59: u_spi_target.o_rx_data_valid_FDCE_Q_CE_LUT6_O_I3_CARRY4_CO_S_INV_O_I_FDCE_Q_D_LUT3_O (LUT,site=dluto)} {inst58: u_spi_target.o_rx_data_valid_FDCE_Q_CE_LUT6_O_I3_CARRY4_CO_S_INV_O_I_FDCE_Q (FDC,site=dffo)} 
   -------------------------------------------------------------------------------------------------------------------------------------------------------------------------------------------------------------------------------------------------------------------------------------------------------------------------------------------------------------------------
   RBB_12/CLK                                                            RBB_6L       12  [TILE 0 0, RBB 1 16]        925     r            5119                                                                                                                                                                                                                           
   clk                                                                   Clock net     2          (fanout=352)      -2159                     -                                                                                                                                                                                                                           
   clk                                                                   CLOCK-PORT    -                     -    capture     r            2960                                                                                                                                                                                                                           
   -------------------------------------------------------------------------------------------------------------------------------------------------------------------------------------------------------------------------------------------------------------------------------------------------------------------------------------------------------------------------


Path 97:
   Slack (not met):                         -1106ps
     Path type:                               SETUP
     Group:                              <UDEF_clk>
     Launching clock:                           clk (rising edge)
     Capturing clock:                           clk (rising edge)

     Requested period:                       2000ps
   + Delay of the capturing clock:           2318ps
   - Clock uncertainty:                       150ps
   = Required time:                          4168ps
   - Propagation time:                       2956ps (56.2% logic, 43.8% route, logic stage 1)
   - Delay of the launching clock:           2318ps
   = Slack:                                 -1106ps

   Instance/Pin or Net Name                   Type         ID    Location or Fanout   Delay(ps)  Edge  Arrival Time(ps)    Instance detail                                                                                                                                             
   --------------------------------------------------------------------------------------------------------------------------------------------------------------------------------------------------------------------------------------------------------------------------------------
   clk                                        CLOCK-PORT    -                     -     launch     r               0                                                                                                                                                                   
   clk                                        Clock net     2          (fanout=352)       2318                     -                                                                                                                                                                   
   RBB_14/CLK                                 RBB_6L       14  [TILE 0 0, RBB 4 18]          -     r            2318                                                                                                                                                                   
   --------------------------------------------------------------------------------------------------------------------------------------------------------------------------------------------------------------------------------------------------------------------------------------
   RBB_14/DQ                                  RBB_6L       14  [TILE 0 0, RBB 4 18]        800     r            3118     {inst28: spi_miso_LUT6_I0_I1_FDCE_Q_D_LUT6_O_I1_FDCE_Q (FDC,site=dff)}                                                                                        
   spi_miso_LUT6_I0_I1_FDCE_Q_D_LUT6_O_I1[0]  Net          66            (fanout=2)       1295                     -                                                                                                                                                                   
   RBB_14/D1                                  RBB_6L       14  [TILE 0 0, RBB 4 18]          -     r            4413     {inst30: spi_miso_LUT6_I0_I1_FDCE_Q_D_LUT6_O_I1_FDCE_Q_D_LUT6_O (LUT,site=dlut,dluto)} {inst28: spi_miso_LUT6_I0_I1_FDCE_Q_D_LUT6_O_I1_FDCE_Q (FDC,site=dff)} 
   --------------------------------------------------------------------------------------------------------------------------------------------------------------------------------------------------------------------------------------------------------------------------------------
   RBB_14/CLK                                 RBB_6L       14  [TILE 0 0, RBB 4 18]        861     r            5274                                                                                                                                                                   
   clk                                        Clock net     2          (fanout=352)      -2318                     -                                                                                                                                                                   
   clk                                        CLOCK-PORT    -                     -    capture     r            2956                                                                                                                                                                   
   --------------------------------------------------------------------------------------------------------------------------------------------------------------------------------------------------------------------------------------------------------------------------------------


Path 94:
   Slack (not met):                         -1084ps
     Path type:                               SETUP
     Group:                              <UDEF_clk>
     Launching clock:                           clk (rising edge)
     Capturing clock:                           clk (rising edge)

     Requested period:                       2000ps
   + Delay of the capturing clock:           2318ps
   - Clock uncertainty:                       150ps
   = Required time:                          4168ps
   - Propagation time:                       2934ps (59.4% logic, 40.6% route, logic stage 1)
   - Delay of the launching clock:           2318ps
   = Slack:                                 -1084ps

   Instance/Pin or Net Name       Type         ID    Location or Fanout   Delay(ps)  Edge  Arrival Time(ps)    Instance detail                                                                                                       
   ------------------------------------------------------------------------------------------------------------------------------------------------------------------------------------------------------------------------------------
   clk                            CLOCK-PORT    -                     -     launch     r               0                                                                                                                             
   clk                            Clock net     2          (fanout=352)       2318                     -                                                                                                                             
   RBB_10/CLK                     RBB_6L       10  [TILE 0 0, RBB 1 20]          -     r            2318                                                                                                                             
   ------------------------------------------------------------------------------------------------------------------------------------------------------------------------------------------------------------------------------------
   RBB_10/AQ                      RBB_6L       10  [TILE 0 0, RBB 1 20]        800     r            3118     {inst19: rx_data_strobe_FDCE_CE_3_Q_FDCE_Q (FDC,site=aff)}                                                              
   rx_data_strobe_FDCE_CE_3_Q[1]  Net          72            (fanout=2)       1190                     -                                                                                                                             
   RBB_10/A3                      RBB_6L       10  [TILE 0 0, RBB 1 20]          -     r            4308     {inst21: rx_data_strobe_FDCE_CE_4_Q_LUT5_I1 (LUT,site=alut)} {inst19: rx_data_strobe_FDCE_CE_3_Q_FDCE_Q (FDC,site=aff)} 
   ------------------------------------------------------------------------------------------------------------------------------------------------------------------------------------------------------------------------------------
   RBB_10/CLK                     RBB_6L       10  [TILE 0 0, RBB 1 20]        944     r            5252                                                                                                                             
   clk                            Clock net     2          (fanout=352)      -2318                     -                                                                                                                             
   clk                            CLOCK-PORT    -                     -    capture     r            2934                                                                                                                             
   ------------------------------------------------------------------------------------------------------------------------------------------------------------------------------------------------------------------------------------


Path 107:
   Slack (not met):                         -1083ps
     Path type:                               SETUP
     Group:                              <UDEF_clk>
     Launching clock:                           clk (rising edge)
     Capturing clock:                           clk (rising edge)

     Requested period:                       2000ps
   + Delay of the capturing clock:           2159ps
   - Clock uncertainty:                       150ps
   = Required time:                          4009ps
   - Propagation time:                       2933ps (56.4% logic, 43.6% route, logic stage 1)
   - Delay of the launching clock:           2159ps
   = Slack:                                 -1083ps

   Instance/Pin or Net Name   Type         ID    Location or Fanout   Delay(ps)  Edge  Arrival Time(ps)    Instance detail                                                                                                       
   --------------------------------------------------------------------------------------------------------------------------------------------------------------------------------------------------------------------------------
   clk                        CLOCK-PORT    -                     -     launch     r               0                                                                                                                             
   clk                        Clock net     2          (fanout=352)       2159                     -                                                                                                                             
   RBB_12/CLK                 RBB_6L       12  [TILE 0 0, RBB 1 16]          -     r            2159                                                                                                                             
   --------------------------------------------------------------------------------------------------------------------------------------------------------------------------------------------------------------------------------
   RBB_12/BQ                  RBB_6L       12  [TILE 0 0, RBB 1 16]        800     r            2959     {inst25: spi_miso_LUT6_I0_I1_FDCE_Q (FDC,site=bff)}                                                                     
   spi_miso_LUT6_I0_I1[1]     Net          63            (fanout=2)       1280                     -                                                                                                                             
   RBB_12/B5                  RBB_6L       12  [TILE 0 0, RBB 1 16]          -     r            4239     {inst27: spi_miso_LUT6_I0_I1_FDCE_Q_D_LUT6_O (LUT,site=blut,bluto)} {inst25: spi_miso_LUT6_I0_I1_FDCE_Q (FDC,site=bff)} 
   --------------------------------------------------------------------------------------------------------------------------------------------------------------------------------------------------------------------------------
   RBB_12/CLK                 RBB_6L       12  [TILE 0 0, RBB 1 16]        853     r            5092                                                                                                                             
   clk                        Clock net     2          (fanout=352)      -2159                     -                                                                                                                             
   clk                        CLOCK-PORT    -                     -    capture     r            2933                                                                                                                             
   --------------------------------------------------------------------------------------------------------------------------------------------------------------------------------------------------------------------------------


Path 102:
   Slack (not met):                         -1066ps
     Path type:                               SETUP
     Group:                              <UDEF_clk>
     Launching clock:                           clk (rising edge)
     Capturing clock:                           clk (rising edge)

     Requested period:                       2000ps
   + Delay of the capturing clock:           2318ps
   - Clock uncertainty:                       150ps
   = Required time:                          4168ps
   - Propagation time:                       2916ps (53.5% logic, 46.5% route, logic stage 1)
   - Delay of the launching clock:           2318ps
   = Slack:                                 -1066ps

   Instance/Pin or Net Name       Type         ID    Location or Fanout   Delay(ps)  Edge  Arrival Time(ps)    Instance detail                                                                                                                     
   --------------------------------------------------------------------------------------------------------------------------------------------------------------------------------------------------------------------------------------------------
   clk                            CLOCK-PORT    -                     -     launch     r               0                                                                                                                                           
   clk                            Clock net     2          (fanout=352)       2318                     -                                                                                                                                           
   RBB_10/CLK                     RBB_6L       10  [TILE 0 0, RBB 1 20]          -     r            2318                                                                                                                                           
   --------------------------------------------------------------------------------------------------------------------------------------------------------------------------------------------------------------------------------------------------
   RBB_10/CQ                      RBB_6L       10  [TILE 0 0, RBB 1 20]        800     r            3118     {inst13: rx_data_strobe_FDCE_CE_1_Q_FDCE_Q (FDC,site=cff)}                                                                            
   rx_data_strobe_FDCE_CE_1_Q[0]  Net          31            (fanout=2)       1357                     -                                                                                                                                           
   RBB_10/C1                      RBB_6L       10  [TILE 0 0, RBB 1 20]          -     r            4475     {inst14: rx_data_strobe_FDCE_CE_1_Q_FDCE_Q_D_LUT6_O (LUT,site=clut,cluto)} {inst13: rx_data_strobe_FDCE_CE_1_Q_FDCE_Q (FDC,site=cff)} 
   --------------------------------------------------------------------------------------------------------------------------------------------------------------------------------------------------------------------------------------------------
   RBB_10/CLK                     RBB_6L       10  [TILE 0 0, RBB 1 20]        759     r            5234                                                                                                                                           
   clk                            Clock net     2          (fanout=352)      -2318                     -                                                                                                                                           
   clk                            CLOCK-PORT    -                     -    capture     r            2916                                                                                                                                           
   --------------------------------------------------------------------------------------------------------------------------------------------------------------------------------------------------------------------------------------------------


Path 86:
   Slack (not met):                         -1061ps
     Path type:                               SETUP
     Group:                              <UDEF_clk>
     Launching clock:                           clk (rising edge)
     Capturing clock:                           clk (rising edge)

     Requested period:                       2000ps
   + Delay of the capturing clock:           2318ps
   - Clock uncertainty:                       150ps
   = Required time:                          4168ps
   - Propagation time:                       2904ps (54.9% logic, 45.1% route, logic stage 1)
   - Delay of the launching clock:           2325ps
   = Slack:                                 -1061ps

   Instance/Pin or Net Name       Type         ID    Location or Fanout   Delay(ps)  Edge  Arrival Time(ps)    Instance detail                                                                                                                     
   --------------------------------------------------------------------------------------------------------------------------------------------------------------------------------------------------------------------------------------------------
   clk                            CLOCK-PORT    -                     -     launch     r               0                                                                                                                                           
   clk                            Clock net     2          (fanout=352)       2325                     -                                                                                                                                           
   RBB_6/CLK                      RBB_6L        6  [TILE 0 0, RBB 1 22]          -     r            2325                                                                                                                                           
   --------------------------------------------------------------------------------------------------------------------------------------------------------------------------------------------------------------------------------------------------
   RBB_6/BQ                       RBB_6L        6  [TILE 0 0, RBB 1 22]        800     r            3125     {inst18: rx_data_strobe_FDCE_CE_3 (FDCE,site=bff)}                                                                                    
   rx_data_strobe_FDCE_CE_3_Q[0]  Net          71            (fanout=1)       1309                     -                                                                                                                                           
   RBB_10/B1                      RBB_6L       10  [TILE 0 0, RBB 1 20]          -     r            4434     {inst17: rx_data_strobe_FDCE_CE_2_Q_FDCE_Q_D_LUT6_O (LUT,site=blut,bluto)} {inst16: rx_data_strobe_FDCE_CE_2_Q_FDCE_Q (FDC,site=bff)} 
   --------------------------------------------------------------------------------------------------------------------------------------------------------------------------------------------------------------------------------------------------
   RBB_10/CLK                     RBB_6L       10  [TILE 0 0, RBB 1 20]        795     r            5229                                                                                                                                           
   clk                            Clock net     2          (fanout=352)      -2318                     -                                                                                                                                           
   clk                            CLOCK-PORT    -                     -    capture     r            2911                                                                                                                                           
   --------------------------------------------------------------------------------------------------------------------------------------------------------------------------------------------------------------------------------------------------


Path 109:
   Slack (not met):                         -1055ps
     Path type:                               SETUP
     Group:                              <UDEF_clk>
     Launching clock:                           clk (rising edge)
     Capturing clock:                           clk (rising edge)

     Requested period:                       2000ps
   + Delay of the capturing clock:           2318ps
   - Clock uncertainty:                       150ps
   = Required time:                          4168ps
   - Propagation time:                       2905ps (55.0% logic, 45.0% route, logic stage 1)
   - Delay of the launching clock:           2318ps
   = Slack:                                 -1055ps

   Instance/Pin or Net Name       Type         ID    Location or Fanout   Delay(ps)  Edge  Arrival Time(ps)    Instance detail                                                                                                                     
   --------------------------------------------------------------------------------------------------------------------------------------------------------------------------------------------------------------------------------------------------
   clk                            CLOCK-PORT    -                     -     launch     r               0                                                                                                                                           
   clk                            Clock net     2          (fanout=352)       2318                     -                                                                                                                                           
   RBB_10/CLK                     RBB_6L       10  [TILE 0 0, RBB 1 20]          -     r            2318                                                                                                                                           
   --------------------------------------------------------------------------------------------------------------------------------------------------------------------------------------------------------------------------------------------------
   RBB_10/BQ                      RBB_6L       10  [TILE 0 0, RBB 1 20]        800     r            3118     {inst16: rx_data_strobe_FDCE_CE_2_Q_FDCE_Q (FDC,site=bff)}                                                                            
   rx_data_strobe_FDCE_CE_2_Q[0]  Net          75            (fanout=2)       1307                     -                                                                                                                                           
   RBB_10/B2                      RBB_6L       10  [TILE 0 0, RBB 1 20]          -     r            4425     {inst17: rx_data_strobe_FDCE_CE_2_Q_FDCE_Q_D_LUT6_O (LUT,site=blut,bluto)} {inst16: rx_data_strobe_FDCE_CE_2_Q_FDCE_Q (FDC,site=bff)} 
   --------------------------------------------------------------------------------------------------------------------------------------------------------------------------------------------------------------------------------------------------
   RBB_10/CLK                     RBB_6L       10  [TILE 0 0, RBB 1 20]        798     r            5223                                                                                                                                           
   clk                            Clock net     2          (fanout=352)      -2318                     -                                                                                                                                           
   clk                            CLOCK-PORT    -                     -    capture     r            2905                                                                                                                                           
   --------------------------------------------------------------------------------------------------------------------------------------------------------------------------------------------------------------------------------------------------


Path 78:
   Slack (not met):                         -1052ps
     Path type:                               SETUP
     Group:                              <UDEF_clk>
     Launching clock:                           clk (rising edge)
     Capturing clock:                           clk (rising edge)

     Requested period:                       2000ps
   + Delay of the capturing clock:           2318ps
   - Clock uncertainty:                       150ps
   = Required time:                          4168ps
   - Propagation time:                       3061ps (53.3% logic, 46.7% route, logic stage 1)
   - Delay of the launching clock:           2159ps
   = Slack:                                 -1052ps

   Instance/Pin or Net Name     Type         ID    Location or Fanout   Delay(ps)  Edge  Arrival Time(ps)    Instance detail                                        
   -------------------------------------------------------------------------------------------------------------------------------------------------------------------
   clk                          CLOCK-PORT    -                     -     launch     r               0                                                              
   clk                          Clock net     2          (fanout=352)       2159                     -                                                              
   RBB_12/CLK                   RBB_6L       12  [TILE 0 0, RBB 1 16]          -     r            2159                                                              
   -------------------------------------------------------------------------------------------------------------------------------------------------------------------
   RBB_12/AQ                    RBB_6L       12  [TILE 0 0, RBB 1 16]        800     r            2959     {inst66: u_spi_target.r_ss_n_sync_FDPE_Q (FDP,site=aff)} 
   u_spi_target.r_ss_n_sync[1]  Net          19            (fanout=7)       1428                     -                                                              
   RBB_10/D6                    RBB_6L       10  [TILE 0 0, RBB 1 20]          -     r            4387     {inst37: spi_miso_en_INV_O_I_FDPE_Q (FDP,site=dffo)}     
   -------------------------------------------------------------------------------------------------------------------------------------------------------------------
   RBB_10/CLK                   RBB_6L       10  [TILE 0 0, RBB 1 20]        833     r            5220                                                              
   clk                          Clock net     2          (fanout=352)      -2318                     -                                                              
   clk                          CLOCK-PORT    -                     -    capture     r            2902                                                              
   -------------------------------------------------------------------------------------------------------------------------------------------------------------------


Path 240:
   Slack (not met):                         -1031ps
     Path type:                               SETUP
     Group:                              <UDEF_clk>
     Launching clock:                           clk (rising edge)
     Capturing clock:                           clk (rising edge)

     Requested period:                       2000ps
   + Delay of the capturing clock:           2159ps
   - Clock uncertainty:                       150ps
   = Required time:                          4009ps
   - Propagation time:                       2743ps (29.5% logic, 70.5% route, logic stage 1)
   - Delay of the launching clock:           2297ps
   = Slack:                                 -1031ps

   Instance/Pin or Net Name    Type         ID    Location or Fanout   Delay(ps)  Edge  Arrival Time(ps)    Instance detail                                                                              
   --------------------------------------------------------------------------------------------------------------------------------------------------------------------------------------------------------
   clk                         CLOCK-PORT    -                     -     launch     r               0                                                                                                    
   clk                         Clock net     2          (fanout=352)       2297                     -                                                                                                    
   RBB_0/CLK                   IOB           0   [TILE 0 0, RBB 0 9]          -     r            2297                                                                                                    
   --------------------------------------------------------------------------------------------------------------------------------------------------------------------------------------------------------
   RBB_0/I[0]                  IOB           0   [TILE 0 0, RBB 0 9]          0     r            2297     {(input_port) inst78: g_78_spi_sck_ibuf (IO)} {inst65: u_spi_target.r_sck_sync_FDCE_Q_1 (FDC)} 
   u_spi_target.r_sck_sync[0]  Net          20            (fanout=1)       1934                     -                                                                                                    
   RBB_12/C6                   RBB_6L       12  [TILE 0 0, RBB 1 16]          -     r            4231     {inst64: u_spi_target.r_sck_sync_FDCE_Q (FDC,site=cffo)}                                       
   --------------------------------------------------------------------------------------------------------------------------------------------------------------------------------------------------------
   RBB_12/CLK                  RBB_6L       12  [TILE 0 0, RBB 1 16]        809     r            5040                                                                                                    
   clk                         Clock net     2          (fanout=352)      -2159                     -                                                                                                    
   clk                         CLOCK-PORT    -                     -    capture     r            2881                                                                                                    
   --------------------------------------------------------------------------------------------------------------------------------------------------------------------------------------------------------


Path 80:
   Slack (not met):                         -1030ps
     Path type:                               SETUP
     Group:                              <UDEF_clk>
     Launching clock:                           clk (rising edge)
     Capturing clock:                           clk (rising edge)

     Requested period:                       2000ps
   + Delay of the capturing clock:           2318ps
   - Clock uncertainty:                       150ps
   = Required time:                          4168ps
   - Propagation time:                       2873ps (56.8% logic, 43.2% route, logic stage 1)
   - Delay of the launching clock:           2325ps
   = Slack:                                 -1030ps

   Instance/Pin or Net Name       Type         ID    Location or Fanout   Delay(ps)  Edge  Arrival Time(ps)    Instance detail                                                                                                                     
   --------------------------------------------------------------------------------------------------------------------------------------------------------------------------------------------------------------------------------------------------
   clk                            CLOCK-PORT    -                     -     launch     r               0                                                                                                                                           
   clk                            Clock net     2          (fanout=352)       2325                     -                                                                                                                                           
   RBB_6/CLK                      RBB_6L        6  [TILE 0 0, RBB 1 22]          -     r            2325                                                                                                                                           
   --------------------------------------------------------------------------------------------------------------------------------------------------------------------------------------------------------------------------------------------------
   RBB_6/CQ                       RBB_6L        6  [TILE 0 0, RBB 1 22]        800     r            3125     {inst15: rx_data_strobe_FDCE_CE_2 (FDCE,site=cff)}                                                                                    
   rx_data_strobe_FDCE_CE_2_Q[1]  Net          76            (fanout=1)       1241                     -                                                                                                                                           
   RBB_10/C3                      RBB_6L       10  [TILE 0 0, RBB 1 20]          -     r            4366     {inst14: rx_data_strobe_FDCE_CE_1_Q_FDCE_Q_D_LUT6_O (LUT,site=clut,cluto)} {inst13: rx_data_strobe_FDCE_CE_1_Q_FDCE_Q (FDC,site=cff)} 
   --------------------------------------------------------------------------------------------------------------------------------------------------------------------------------------------------------------------------------------------------
   RBB_10/CLK                     RBB_6L       10  [TILE 0 0, RBB 1 20]        832     r            5198                                                                                                                                           
   clk                            Clock net     2          (fanout=352)      -2318                     -                                                                                                                                           
   clk                            CLOCK-PORT    -                     -    capture     r            2880                                                                                                                                           
   --------------------------------------------------------------------------------------------------------------------------------------------------------------------------------------------------------------------------------------------------


Path 105:
   Slack (not met):                         -1021ps
     Path type:                               SETUP
     Group:                              <UDEF_clk>
     Launching clock:                           clk (rising edge)
     Capturing clock:                           clk (rising edge)

     Requested period:                       2000ps
   + Delay of the capturing clock:           2318ps
   - Clock uncertainty:                       150ps
   = Required time:                          4168ps
   - Propagation time:                       2871ps (55.9% logic, 44.1% route, logic stage 1)
   - Delay of the launching clock:           2318ps
   = Slack:                                 -1021ps

   Instance/Pin or Net Name                                      Type         ID    Location or Fanout   Delay(ps)  Edge  Arrival Time(ps)    Instance detail                                                                                                                                                                                   
   -----------------------------------------------------------------------------------------------------------------------------------------------------------------------------------------------------------------------------------------------------------------------------------------------------------------------------------------------
   clk                                                           CLOCK-PORT    -                     -     launch     r               0                                                                                                                                                                                                         
   clk                                                           Clock net     2          (fanout=352)       2318                     -                                                                                                                                                                                                         
   RBB_14/CLK                                                    RBB_6L       14  [TILE 0 0, RBB 4 18]          -     r            2318                                                                                                                                                                                                         
   -----------------------------------------------------------------------------------------------------------------------------------------------------------------------------------------------------------------------------------------------------------------------------------------------------------------------------------------------
   RBB_14/CQ                                                     RBB_6L       14  [TILE 0 0, RBB 4 18]        800     r            3118     {inst31: spi_miso_LUT6_I0_I1_FDCE_Q_D_LUT6_O_I1_FDCE_Q_D_LUT6_O_I1_FDCE_Q (FDC,site=cff)}                                                                                                           
   spi_miso_LUT6_I0_I1_FDCE_Q_D_LUT6_O_I1_FDCE_Q_D_LUT6_O_I1[0]  Net          33            (fanout=2)       1267                     -                                                                                                                                                                                                         
   RBB_14/C2                                                     RBB_6L       14  [TILE 0 0, RBB 4 18]          -     r            4385     {inst33: spi_miso_LUT6_I0_I1_FDCE_Q_D_LUT6_O_I1_FDCE_Q_D_LUT6_O_I1_FDCE_Q_D_LUT6_O (LUT,site=clut,cluto)} {inst31: spi_miso_LUT6_I0_I1_FDCE_Q_D_LUT6_O_I1_FDCE_Q_D_LUT6_O_I1_FDCE_Q (FDC,site=cff)} 
   -----------------------------------------------------------------------------------------------------------------------------------------------------------------------------------------------------------------------------------------------------------------------------------------------------------------------------------------------
   RBB_14/CLK                                                    RBB_6L       14  [TILE 0 0, RBB 4 18]        804     r            5189                                                                                                                                                                                                         
   clk                                                           Clock net     2          (fanout=352)      -2318                     -                                                                                                                                                                                                         
   clk                                                           CLOCK-PORT    -                     -    capture     r            2871                                                                                                                                                                                                         
   -----------------------------------------------------------------------------------------------------------------------------------------------------------------------------------------------------------------------------------------------------------------------------------------------------------------------------------------------


Path 104:
   Slack (not met):                         -1018ps
     Path type:                               SETUP
     Group:                              <UDEF_clk>
     Launching clock:                           clk (rising edge)
     Capturing clock:                           clk (rising edge)

     Requested period:                       2000ps
   + Delay of the capturing clock:           2318ps
   - Clock uncertainty:                       150ps
   = Required time:                          4168ps
   - Propagation time:                       2868ps (54.2% logic, 45.8% route, logic stage 1)
   - Delay of the launching clock:           2318ps
   = Slack:                                 -1018ps

   Instance/Pin or Net Name       Type         ID    Location or Fanout   Delay(ps)  Edge  Arrival Time(ps)    Instance detail                                                                                                                     
   --------------------------------------------------------------------------------------------------------------------------------------------------------------------------------------------------------------------------------------------------
   clk                            CLOCK-PORT    -                     -     launch     r               0                                                                                                                                           
   clk                            Clock net     2          (fanout=352)       2318                     -                                                                                                                                           
   RBB_10/CLK                     RBB_6L       10  [TILE 0 0, RBB 1 20]          -     r            2318                                                                                                                                           
   --------------------------------------------------------------------------------------------------------------------------------------------------------------------------------------------------------------------------------------------------
   RBB_10/BQ                      RBB_6L       10  [TILE 0 0, RBB 1 20]        800     r            3118     {inst16: rx_data_strobe_FDCE_CE_2_Q_FDCE_Q (FDC,site=bff)}                                                                            
   rx_data_strobe_FDCE_CE_2_Q[0]  Net          75            (fanout=2)       1314                     -                                                                                                                                           
   RBB_10/C2                      RBB_6L       10  [TILE 0 0, RBB 1 20]          -     r            4432     {inst14: rx_data_strobe_FDCE_CE_1_Q_FDCE_Q_D_LUT6_O (LUT,site=clut,cluto)} {inst13: rx_data_strobe_FDCE_CE_1_Q_FDCE_Q (FDC,site=cff)} 
   --------------------------------------------------------------------------------------------------------------------------------------------------------------------------------------------------------------------------------------------------
   RBB_10/CLK                     RBB_6L       10  [TILE 0 0, RBB 1 20]        754     r            5186                                                                                                                                           
   clk                            Clock net     2          (fanout=352)      -2318                     -                                                                                                                                           
   clk                            CLOCK-PORT    -                     -    capture     r            2868                                                                                                                                           
   --------------------------------------------------------------------------------------------------------------------------------------------------------------------------------------------------------------------------------------------------


Path 99:
   Slack (not met):                         -1016ps
     Path type:                               SETUP
     Group:                              <UDEF_clk>
     Launching clock:                           clk (rising edge)
     Capturing clock:                           clk (rising edge)

     Requested period:                       2000ps
   + Delay of the capturing clock:           2318ps
   - Clock uncertainty:                       150ps
   = Required time:                          4168ps
   - Propagation time:                       2866ps (55.9% logic, 44.1% route, logic stage 1)
   - Delay of the launching clock:           2318ps
   = Slack:                                 -1016ps

   Instance/Pin or Net Name                                      Type         ID    Location or Fanout   Delay(ps)  Edge  Arrival Time(ps)    Instance detail                                                                                                                                             
   ---------------------------------------------------------------------------------------------------------------------------------------------------------------------------------------------------------------------------------------------------------------------------------------------------------
   clk                                                           CLOCK-PORT    -                     -     launch     r               0                                                                                                                                                                   
   clk                                                           Clock net     2          (fanout=352)       2318                     -                                                                                                                                                                   
   RBB_14/CLK                                                    RBB_6L       14  [TILE 0 0, RBB 4 18]          -     r            2318                                                                                                                                                                   
   ---------------------------------------------------------------------------------------------------------------------------------------------------------------------------------------------------------------------------------------------------------------------------------------------------------
   RBB_14/CQ                                                     RBB_6L       14  [TILE 0 0, RBB 4 18]        800     r            3118     {inst31: spi_miso_LUT6_I0_I1_FDCE_Q_D_LUT6_O_I1_FDCE_Q_D_LUT6_O_I1_FDCE_Q (FDC,site=cff)}                                                                     
   spi_miso_LUT6_I0_I1_FDCE_Q_D_LUT6_O_I1_FDCE_Q_D_LUT6_O_I1[0]  Net          33            (fanout=2)       1265                     -                                                                                                                                                                   
   RBB_14/D2                                                     RBB_6L       14  [TILE 0 0, RBB 4 18]          -     r            4383     {inst30: spi_miso_LUT6_I0_I1_FDCE_Q_D_LUT6_O_I1_FDCE_Q_D_LUT6_O (LUT,site=dlut,dluto)} {inst28: spi_miso_LUT6_I0_I1_FDCE_Q_D_LUT6_O_I1_FDCE_Q (FDC,site=dff)} 
   ---------------------------------------------------------------------------------------------------------------------------------------------------------------------------------------------------------------------------------------------------------------------------------------------------------
   RBB_14/CLK                                                    RBB_6L       14  [TILE 0 0, RBB 4 18]        801     r            5184                                                                                                                                                                   
   clk                                                           Clock net     2          (fanout=352)      -2318                     -                                                                                                                                                                   
   clk                                                           CLOCK-PORT    -                     -    capture     r            2866                                                                                                                                                                   
   ---------------------------------------------------------------------------------------------------------------------------------------------------------------------------------------------------------------------------------------------------------------------------------------------------------


Path 100:
   Slack (not met):                          -986ps
     Path type:                               SETUP
     Group:                              <UDEF_clk>
     Launching clock:                           clk (rising edge)
     Capturing clock:                           clk (rising edge)

     Requested period:                       2000ps
   + Delay of the capturing clock:           2312ps
   - Clock uncertainty:                       150ps
   = Required time:                          4162ps
   - Propagation time:                       2836ps (59.9% logic, 40.1% route, logic stage 1)
   - Delay of the launching clock:           2312ps
   = Slack:                                  -986ps

   Instance/Pin or Net Name                                                Type         ID    Location or Fanout   Delay(ps)  Edge  Arrival Time(ps)    Instance detail                                                                                                                                                             
   -----------------------------------------------------------------------------------------------------------------------------------------------------------------------------------------------------------------------------------------------------------------------------------------------------------------------------------
   clk                                                                     CLOCK-PORT    -                     -     launch     r               0                                                                                                                                                                                   
   clk                                                                     Clock net     2          (fanout=352)       2312                     -                                                                                                                                                                                   
   RBB_11/CLK                                                              RBB_6L       11  [TILE 0 0, RBB 1 12]          -     r            2312                                                                                                                                                                                   
   -----------------------------------------------------------------------------------------------------------------------------------------------------------------------------------------------------------------------------------------------------------------------------------------------------------------------------------
   RBB_11/DQ                                                               RBB_6L       11  [TILE 0 0, RBB 1 12]        800     r            3112     {inst62: u_spi_target.o_rx_data_valid_FDCE_Q_CE_LUT6_O_I3_LUT5_I4_O_FDCE_D (FDC,site=dff)}                                                                                    
   u_spi_target.o_rx_data_valid_FDCE_Q_CE_LUT6_O_I3_LUT5_I4_O_FDCE_D_Q[0]  Net          36            (fanout=4)       1137                     -                                                                                                                                                                                   
   RBB_11/D3                                                               RBB_6L       11  [TILE 0 0, RBB 1 12]          -     r            4249     {inst61: u_spi_target.o_rx_data_valid_FDCE_Q_CE_LUT6_O_I3_LUT5_I4 (LUT,site=dlut)} {inst62: u_spi_target.o_rx_data_valid_FDCE_Q_CE_LUT6_O_I3_LUT5_I4_O_FDCE_D (FDC,site=dff)} 
   -----------------------------------------------------------------------------------------------------------------------------------------------------------------------------------------------------------------------------------------------------------------------------------------------------------------------------------
   RBB_11/CLK                                                              RBB_6L       11  [TILE 0 0, RBB 1 12]        899     r            5148                                                                                                                                                                                   
   clk                                                                     Clock net     2          (fanout=352)      -2312                     -                                                                                                                                                                                   
   clk                                                                     CLOCK-PORT    -                     -    capture     r            2836                                                                                                                                                                                   
   -----------------------------------------------------------------------------------------------------------------------------------------------------------------------------------------------------------------------------------------------------------------------------------------------------------------------------------


Path 246:
   Slack (not met):                          -981ps
     Path type:                               SETUP
     Group:                              <UDEF_clk>
     Launching clock:                           clk (rising edge)
     Capturing clock:                           clk (rising edge)

     Requested period:                       2000ps
   + Delay of the capturing clock:           2325ps
   - Clock uncertainty:                       150ps
   = Required time:                          4175ps
   - Propagation time:                       2803ps (46.7% logic, 53.3% route, logic stage 1)
   - Delay of the launching clock:           2353ps
   = Slack:                                  -981ps

   Instance/Pin or Net Name   Type         ID    Location or Fanout   Delay(ps)  Edge  Arrival Time(ps)    Instance detail                                                                                         
   ------------------------------------------------------------------------------------------------------------------------------------------------------------------------------------------------------------------
   clk                        CLOCK-PORT    -                     -     launch     r               0                                                                                                               
   clk                        Clock net     2          (fanout=352)       2353                     -                                                                                                               
   RBB_2/CLK                  IOB           2  [TILE 0 0, RBB 0 22]          -     r            2353                                                                                                               
   ------------------------------------------------------------------------------------------------------------------------------------------------------------------------------------------------------------------
   RBB_2/I[0]                 IOB           2  [TILE 0 0, RBB 0 22]          0     r            2353     {(input_port) inst77: g_77_spi_mosi_ibuf (IO)} {inst47: u_spi_target.o_rx_data_FDCE_Q_6 (FDCE)}           
   u_spi_target.o_rx_data[0]  Net           9            (fanout=2)       1495                     -                                                                                                               
   RBB_6/A1                   RBB_6L        6  [TILE 0 0, RBB 1 22]          -     r            3848     {inst48: u_spi_target.o_rx_data_INV_I (LUT,site=alut)} {inst20: rx_data_strobe_FDCE_CE_4 (FDCE,site=aff)} 
   ------------------------------------------------------------------------------------------------------------------------------------------------------------------------------------------------------------------
   RBB_6/CLK                  RBB_6L        6  [TILE 0 0, RBB 1 22]       1308     r            5156                                                                                                               
   clk                        Clock net     2          (fanout=352)      -2325                     -                                                                                                               
   clk                        CLOCK-PORT    -                     -    capture     r            2831                                                                                                               
   ------------------------------------------------------------------------------------------------------------------------------------------------------------------------------------------------------------------


Path 95:
   Slack (not met):                          -974ps
     Path type:                               SETUP
     Group:                              <UDEF_clk>
     Launching clock:                           clk (rising edge)
     Capturing clock:                           clk (rising edge)

     Requested period:                       2000ps
   + Delay of the capturing clock:           2159ps
   - Clock uncertainty:                       150ps
   = Required time:                          4009ps
   - Propagation time:                       2824ps (60.0% logic, 40.0% route, logic stage 1)
   - Delay of the launching clock:           2159ps
   = Slack:                                  -974ps

   Instance/Pin or Net Name     Type         ID    Location or Fanout   Delay(ps)  Edge  Arrival Time(ps)    Instance detail                                                                                                                                                                                         
   --------------------------------------------------------------------------------------------------------------------------------------------------------------------------------------------------------------------------------------------------------------------------------------------------------------------
   clk                          CLOCK-PORT    -                     -     launch     r               0                                                                                                                                                                                                               
   clk                          Clock net     2          (fanout=352)       2159                     -                                                                                                                                                                                                               
   RBB_12/CLK                   RBB_6L       12  [TILE 0 0, RBB 1 16]          -     r            2159                                                                                                                                                                                                               
   --------------------------------------------------------------------------------------------------------------------------------------------------------------------------------------------------------------------------------------------------------------------------------------------------------------------
   RBB_12/AQ                    RBB_6L       12  [TILE 0 0, RBB 1 16]        800     r            2959     {inst66: u_spi_target.r_ss_n_sync_FDPE_Q (FDP,site=aff)}                                                                                                                                                  
   u_spi_target.r_ss_n_sync[1]  Net          19            (fanout=7)       1131                     -                                                                                                                                                                                                               
   RBB_12/D5                    RBB_6L       12  [TILE 0 0, RBB 1 16]          -     r            4090     {inst55: u_spi_target.o_rx_data_valid_FDCE_Q_CE_LUT6_O_I3_CARRY4_CO_O_2_LUT4_I3 (LUT,site=dlut)} {inst56: u_spi_target.o_rx_data_valid_FDCE_Q_CE_LUT6_O_I3_CARRY4_CO_O_2_LUT4_I3_O_FDCE_D (FDC,site=dff)} 
   --------------------------------------------------------------------------------------------------------------------------------------------------------------------------------------------------------------------------------------------------------------------------------------------------------------------
   RBB_12/CLK                   RBB_6L       12  [TILE 0 0, RBB 1 16]        893     r            4983                                                                                                                                                                                                               
   clk                          Clock net     2          (fanout=352)      -2159                     -                                                                                                                                                                                                               
   clk                          CLOCK-PORT    -                     -    capture     r            2824                                                                                                                                                                                                               
   --------------------------------------------------------------------------------------------------------------------------------------------------------------------------------------------------------------------------------------------------------------------------------------------------------------------


Path 98:
   Slack (not met):                          -969ps
     Path type:                               SETUP
     Group:                              <UDEF_clk>
     Launching clock:                           clk (rising edge)
     Capturing clock:                           clk (rising edge)

     Requested period:                       2000ps
   + Delay of the capturing clock:           2159ps
   - Clock uncertainty:                       150ps
   = Required time:                          4009ps
   - Propagation time:                       2819ps (59.0% logic, 41.0% route, logic stage 1)
   - Delay of the launching clock:           2159ps
   = Slack:                                  -969ps

   Instance/Pin or Net Name                                                Type         ID    Location or Fanout   Delay(ps)  Edge  Arrival Time(ps)    Instance detail                                                                                                                                                                                         
   ---------------------------------------------------------------------------------------------------------------------------------------------------------------------------------------------------------------------------------------------------------------------------------------------------------------------------------------------------------------
   clk                                                                     CLOCK-PORT    -                     -     launch     r               0                                                                                                                                                                                                               
   clk                                                                     Clock net     2          (fanout=352)       2159                     -                                                                                                                                                                                                               
   RBB_12/CLK                                                              RBB_6L       12  [TILE 0 0, RBB 1 16]          -     r            2159                                                                                                                                                                                                               
   ---------------------------------------------------------------------------------------------------------------------------------------------------------------------------------------------------------------------------------------------------------------------------------------------------------------------------------------------------------------
   RBB_12/DQ                                                               RBB_6L       12  [TILE 0 0, RBB 1 16]        800     r            2959     {inst56: u_spi_target.o_rx_data_valid_FDCE_Q_CE_LUT6_O_I3_CARRY4_CO_O_2_LUT4_I3_O_FDCE_D (FDC,site=dff)}                                                                                                  
   u_spi_target.o_rx_data_valid_FDCE_Q_CE_LUT6_O_I3_LUT5_I4_O_FDCE_D_Q[2]  Net          38            (fanout=3)       1155                     -                                                                                                                                                                                                               
   RBB_12/D1                                                               RBB_6L       12  [TILE 0 0, RBB 1 16]          -     r            4114     {inst55: u_spi_target.o_rx_data_valid_FDCE_Q_CE_LUT6_O_I3_CARRY4_CO_O_2_LUT4_I3 (LUT,site=dlut)} {inst56: u_spi_target.o_rx_data_valid_FDCE_Q_CE_LUT6_O_I3_CARRY4_CO_O_2_LUT4_I3_O_FDCE_D (FDC,site=dff)} 
   ---------------------------------------------------------------------------------------------------------------------------------------------------------------------------------------------------------------------------------------------------------------------------------------------------------------------------------------------------------------
   RBB_12/CLK                                                              RBB_6L       12  [TILE 0 0, RBB 1 16]        864     r            4978                                                                                                                                                                                                               
   clk                                                                     Clock net     2          (fanout=352)      -2159                     -                                                                                                                                                                                                               
   clk                                                                     CLOCK-PORT    -                     -    capture     r            2819                                                                                                                                                                                                               
   ---------------------------------------------------------------------------------------------------------------------------------------------------------------------------------------------------------------------------------------------------------------------------------------------------------------------------------------------------------------


Path 110:
   Slack (not met):                          -949ps
     Path type:                               SETUP
     Group:                              <UDEF_clk>
     Launching clock:                           clk (rising edge)
     Capturing clock:                           clk (rising edge)

     Requested period:                       2000ps
   + Delay of the capturing clock:           2318ps
   - Clock uncertainty:                       150ps
   = Required time:                          4168ps
   - Propagation time:                       2799ps (58.3% logic, 41.7% route, logic stage 1)
   - Delay of the launching clock:           2318ps
   = Slack:                                  -949ps

   Instance/Pin or Net Name       Type         ID    Location or Fanout   Delay(ps)  Edge  Arrival Time(ps)    Instance detail                                                                                                                     
   --------------------------------------------------------------------------------------------------------------------------------------------------------------------------------------------------------------------------------------------------
   clk                            CLOCK-PORT    -                     -     launch     r               0                                                                                                                                           
   clk                            Clock net     2          (fanout=352)       2318                     -                                                                                                                                           
   RBB_10/CLK                     RBB_6L       10  [TILE 0 0, RBB 1 20]          -     r            2318                                                                                                                                           
   --------------------------------------------------------------------------------------------------------------------------------------------------------------------------------------------------------------------------------------------------
   RBB_10/AQ                      RBB_6L       10  [TILE 0 0, RBB 1 20]        800     r            3118     {inst19: rx_data_strobe_FDCE_CE_3_Q_FDCE_Q (FDC,site=aff)}                                                                            
   rx_data_strobe_FDCE_CE_3_Q[1]  Net          72            (fanout=2)       1167                     -                                                                                                                                           
   RBB_10/B3                      RBB_6L       10  [TILE 0 0, RBB 1 20]          -     r            4285     {inst17: rx_data_strobe_FDCE_CE_2_Q_FDCE_Q_D_LUT6_O (LUT,site=blut,bluto)} {inst16: rx_data_strobe_FDCE_CE_2_Q_FDCE_Q (FDC,site=bff)} 
   --------------------------------------------------------------------------------------------------------------------------------------------------------------------------------------------------------------------------------------------------
   RBB_10/CLK                     RBB_6L       10  [TILE 0 0, RBB 1 20]        832     r            5117                                                                                                                                           
   clk                            Clock net     2          (fanout=352)      -2318                     -                                                                                                                                           
   clk                            CLOCK-PORT    -                     -    capture     r            2799                                                                                                                                           
   --------------------------------------------------------------------------------------------------------------------------------------------------------------------------------------------------------------------------------------------------


Path 96:
   Slack (not met):                          -945ps
     Path type:                               SETUP
     Group:                              <UDEF_clk>
     Launching clock:                           clk (rising edge)
     Capturing clock:                           clk (rising edge)

     Requested period:                       2000ps
   + Delay of the capturing clock:           2318ps
   - Clock uncertainty:                       150ps
   = Required time:                          4168ps
   - Propagation time:                       2795ps (59.4% logic, 40.6% route, logic stage 1)
   - Delay of the launching clock:           2318ps
   = Slack:                                  -945ps

   Instance/Pin or Net Name                                                Type         ID    Location or Fanout   Delay(ps)  Edge  Arrival Time(ps)    Instance detail                                                                                                                                                                                         
   ---------------------------------------------------------------------------------------------------------------------------------------------------------------------------------------------------------------------------------------------------------------------------------------------------------------------------------------------------------------
   clk                                                                     CLOCK-PORT    -                     -     launch     r               0                                                                                                                                                                                                               
   clk                                                                     Clock net     2          (fanout=352)       2318                     -                                                                                                                                                                                                               
   RBB_10/CLK                                                              RBB_6L       10  [TILE 0 0, RBB 1 20]          -     r            2318                                                                                                                                                                                                               
   ---------------------------------------------------------------------------------------------------------------------------------------------------------------------------------------------------------------------------------------------------------------------------------------------------------------------------------------------------------------
   RBB_10/DQ                                                               RBB_6L       10  [TILE 0 0, RBB 1 20]        800     r            3118     {inst54: u_spi_target.o_rx_data_valid_FDCE_Q_CE_LUT6_O_I3_CARRY4_CO_O_1_LUT4_I3_O_FDCE_D (FDC,site=dff)}                                                                                                  
   u_spi_target.o_rx_data_valid_FDCE_Q_CE_LUT6_O_I3_LUT5_I4_O_FDCE_D_Q[1]  Net          37            (fanout=5)       1136                     -                                                                                                                                                                                                               
   RBB_10/D1                                                               RBB_6L       10  [TILE 0 0, RBB 1 20]          -     r            4254     {inst53: u_spi_target.o_rx_data_valid_FDCE_Q_CE_LUT6_O_I3_CARRY4_CO_O_1_LUT4_I3 (LUT,site=dlut)} {inst54: u_spi_target.o_rx_data_valid_FDCE_Q_CE_LUT6_O_I3_CARRY4_CO_O_1_LUT4_I3_O_FDCE_D (FDC,site=dff)} 
   ---------------------------------------------------------------------------------------------------------------------------------------------------------------------------------------------------------------------------------------------------------------------------------------------------------------------------------------------------------------
   RBB_10/CLK                                                              RBB_6L       10  [TILE 0 0, RBB 1 20]        859     r            5113                                                                                                                                                                                                               
   clk                                                                     Clock net     2          (fanout=352)      -2318                     -                                                                                                                                                                                                               
   clk                                                                     CLOCK-PORT    -                     -    capture     r            2795                                                                                                                                                                                                               
   ---------------------------------------------------------------------------------------------------------------------------------------------------------------------------------------------------------------------------------------------------------------------------------------------------------------------------------------------------------------


Path 103:
   Slack (not met):                          -938ps
     Path type:                               SETUP
     Group:                              <UDEF_clk>
     Launching clock:                           clk (rising edge)
     Capturing clock:                           clk (rising edge)

     Requested period:                       2000ps
   + Delay of the capturing clock:           2159ps
   - Clock uncertainty:                       150ps
   = Required time:                          4009ps
   - Propagation time:                       2788ps (55.9% logic, 44.1% route, logic stage 1)
   - Delay of the launching clock:           2159ps
   = Slack:                                  -938ps

   Instance/Pin or Net Name   Type         ID    Location or Fanout   Delay(ps)  Edge  Arrival Time(ps)    Instance detail                                                                         
   --------------------------------------------------------------------------------------------------------------------------------------------------------------------------------------------------
   clk                        CLOCK-PORT    -                     -     launch     r               0                                                                                               
   clk                        Clock net     2          (fanout=352)       2159                     -                                                                                               
   RBB_12/CLK                 RBB_6L       12  [TILE 0 0, RBB 1 16]          -     r            2159                                                                                               
   --------------------------------------------------------------------------------------------------------------------------------------------------------------------------------------------------
   RBB_12/CQ                  RBB_6L       12  [TILE 0 0, RBB 1 16]        800     r            2959     {inst23: spi_miso_FDCE_Q (FDC,site=cff)}                                                  
   spi_miso                   Net           7            (fanout=1)       1229                     -                                                                                               
   RBB_12/C1                  RBB_6L       12  [TILE 0 0, RBB 1 16]          -     r            4188     {inst24: spi_miso_LUT6_I0 (LUT,site=clut,cluto)} {inst23: spi_miso_FDCE_Q (FDC,site=cff)} 
   --------------------------------------------------------------------------------------------------------------------------------------------------------------------------------------------------
   RBB_12/CLK                 RBB_6L       12  [TILE 0 0, RBB 1 16]        759     r            4947                                                                                               
   clk                        Clock net     2          (fanout=352)      -2159                     -                                                                                               
   clk                        CLOCK-PORT    -                     -    capture     r            2788                                                                                               
   --------------------------------------------------------------------------------------------------------------------------------------------------------------------------------------------------


Path 73:
   Slack (not met):                          -907ps
     Path type:                               SETUP
     Group:                              <UDEF_clk>
     Launching clock:                           clk (rising edge)
     Capturing clock:                           clk (rising edge)

     Requested period:                       2000ps
   + Delay of the capturing clock:           2319ps
   - Clock uncertainty:                       150ps
   = Required time:                          4169ps
   - Propagation time:                       2917ps (58.0% logic, 42.0% route, logic stage 1)
   - Delay of the launching clock:           2159ps
   = Slack:                                  -907ps

   Instance/Pin or Net Name     Type         ID    Location or Fanout   Delay(ps)  Edge  Arrival Time(ps)    Instance detail                                                                                                                    
   -----------------------------------------------------------------------------------------------------------------------------------------------------------------------------------------------------------------------------------------------
   clk                          CLOCK-PORT    -                     -     launch     r               0                                                                                                                                          
   clk                          Clock net     2          (fanout=352)       2159                     -                                                                                                                                          
   RBB_12/CLK                   RBB_6L       12  [TILE 0 0, RBB 1 16]          -     r            2159                                                                                                                                          
   -----------------------------------------------------------------------------------------------------------------------------------------------------------------------------------------------------------------------------------------------
   RBB_12/AQ                    RBB_6L       12  [TILE 0 0, RBB 1 16]        800     r            2959     {inst66: u_spi_target.r_ss_n_sync_FDPE_Q (FDP,site=aff)}                                                                             
   u_spi_target.r_ss_n_sync[1]  Net          19            (fanout=7)       1224                     -                                                                                                                                          
   RBB_9/D5                     RBB_6L        9  [TILE 0 0, RBB 1 18]          -     r            4183     {inst63: u_spi_target.o_rx_data_valid_FDCE_Q_D_LUT3_O (LUT,site=dlut)} {inst50: u_spi_target.o_rx_data_valid_FDCE_Q (FDCE,site=dff)} 
   -----------------------------------------------------------------------------------------------------------------------------------------------------------------------------------------------------------------------------------------------
   RBB_9/CLK                    RBB_6L        9  [TILE 0 0, RBB 1 18]        893     r            5076                                                                                                                                          
   clk                          Clock net     2          (fanout=352)      -2319                     -                                                                                                                                          
   clk                          CLOCK-PORT    -                     -    capture     r            2757                                                                                                                                          
   -----------------------------------------------------------------------------------------------------------------------------------------------------------------------------------------------------------------------------------------------


Path 244:
   Slack (not met):                          -802ps
     Path type:                               SETUP
     Group:                              <UDEF_clk>
     Launching clock:                           clk (rising edge)
     Capturing clock:                           clk (rising edge)

     Requested period:                       2000ps
   + Delay of the capturing clock:           2324ps
   - Clock uncertainty:                       150ps
   = Required time:                          4174ps
   - Propagation time:                       2623ps (36.4% logic, 63.6% route, logic stage 1)
   - Delay of the launching clock:           2353ps
   = Slack:                                  -802ps

   Instance/Pin or Net Name   Type         ID    Location or Fanout   Delay(ps)  Edge  Arrival Time(ps)    Instance detail                                                                                                            
   -------------------------------------------------------------------------------------------------------------------------------------------------------------------------------------------------------------------------------------
   clk                        CLOCK-PORT    -                     -     launch     r               0                                                                                                                                  
   clk                        Clock net     2          (fanout=352)       2353                     -                                                                                                                                  
   RBB_2/CLK                  IOB           2  [TILE 0 0, RBB 0 22]          -     r            2353                                                                                                                                  
   -------------------------------------------------------------------------------------------------------------------------------------------------------------------------------------------------------------------------------------
   RBB_2/I[0]                 IOB           2  [TILE 0 0, RBB 0 22]          0     r            2353     {(input_port) inst77: g_77_spi_mosi_ibuf (IO)} {inst47: u_spi_target.o_rx_data_FDCE_Q_6 (FDCE)}                              
   u_spi_target.o_rx_data[0]  Net           9            (fanout=2)       1667                     -                                                                                                                                  
   RBB_13/A1                  RBB_6L       13  [TILE 0 0, RBB 1 24]          -     r            4020     {inst95: u_spi_target.o_rx_data_FDCE_Q_5_buf95_i (LUT,site=aluto)} {inst46: u_spi_target.o_rx_data_FDCE_Q_5 (FDCE,site=aff)} 
   -------------------------------------------------------------------------------------------------------------------------------------------------------------------------------------------------------------------------------------
   RBB_13/CLK                 RBB_6L       13  [TILE 0 0, RBB 1 24]        956     r            4976                                                                                                                                  
   clk                        Clock net     2          (fanout=352)      -2324                     -                                                                                                                                  
   clk                        CLOCK-PORT    -                     -    capture     r            2652                                                                                                                                  
   -------------------------------------------------------------------------------------------------------------------------------------------------------------------------------------------------------------------------------------


Path 243:
   Slack (not met):                          -800ps
     Path type:                               SETUP
     Group:                              <UDEF_clk>
     Launching clock:                           clk (rising edge)
     Capturing clock:                           clk (rising edge)

     Requested period:                       2000ps
   + Delay of the capturing clock:           2159ps
   - Clock uncertainty:                       150ps
   = Required time:                          4009ps
   - Propagation time:                       2506ps (26.4% logic, 73.6% route, logic stage 1)
   - Delay of the launching clock:           2303ps
   = Slack:                                  -800ps

   Instance/Pin or Net Name     Type         ID    Location or Fanout   Delay(ps)  Edge  Arrival Time(ps)    Instance detail                                                                                                           
   --------------------------------------------------------------------------------------------------------------------------------------------------------------------------------------------------------------------------------------
   clk                          CLOCK-PORT    -                     -     launch     r               0                                                                                                                                 
   clk                          Clock net     2          (fanout=352)       2303                     -                                                                                                                                 
   RBB_1/CLK                    IOB           1  [TILE 0 0, RBB 0 10]          -     r            2303                                                                                                                                 
   --------------------------------------------------------------------------------------------------------------------------------------------------------------------------------------------------------------------------------------
   RBB_1/I[0]                   IOB           1  [TILE 0 0, RBB 0 10]          0     r            2303     {(input_port) inst79: g_79_spi_ss_n_ibuf (IO)} {inst67: u_spi_target.r_ss_n_sync_FDPE_Q_1 (FDP)}                            
   u_spi_target.r_ss_n_sync[0]  Net          18            (fanout=1)       1844                     -                                                                                                                                 
   RBB_12/A1                    RBB_6L       12  [TILE 0 0, RBB 1 16]          -     r            4147     {inst91: u_spi_target.r_ss_n_sync_FDPE_Q_buf91_i (LUT,site=aluto)} {inst66: u_spi_target.r_ss_n_sync_FDPE_Q (FDP,site=aff)} 
   --------------------------------------------------------------------------------------------------------------------------------------------------------------------------------------------------------------------------------------
   RBB_12/CLK                   RBB_6L       12  [TILE 0 0, RBB 1 16]        662     r            4809                                                                                                                                 
   clk                          Clock net     2          (fanout=352)      -2159                     -                                                                                                                                 
   clk                          CLOCK-PORT    -                     -    capture     r            2650                                                                                                                                 
   --------------------------------------------------------------------------------------------------------------------------------------------------------------------------------------------------------------------------------------


Path 106:
   Slack (not met):                          -799ps
     Path type:                               SETUP
     Group:                              <UDEF_clk>
     Launching clock:                           clk (rising edge)
     Capturing clock:                           clk (rising edge)

     Requested period:                       2000ps
   + Delay of the capturing clock:           2318ps
   - Clock uncertainty:                       150ps
   = Required time:                          4168ps
   - Propagation time:                       2649ps (60.4% logic, 39.6% route, logic stage 1)
   - Delay of the launching clock:           2318ps
   = Slack:                                  -799ps

   Instance/Pin or Net Name                                                         Type         ID    Location or Fanout   Delay(ps)  Edge  Arrival Time(ps)    Instance detail                                                                                                                                                                                   
   ------------------------------------------------------------------------------------------------------------------------------------------------------------------------------------------------------------------------------------------------------------------------------------------------------------------------------------------------------------------
   clk                                                                              CLOCK-PORT    -                     -     launch     r               0                                                                                                                                                                                                         
   clk                                                                              Clock net     2          (fanout=352)       2318                     -                                                                                                                                                                                                         
   RBB_14/CLK                                                                       RBB_6L       14  [TILE 0 0, RBB 4 18]          -     r            2318                                                                                                                                                                                                         
   ------------------------------------------------------------------------------------------------------------------------------------------------------------------------------------------------------------------------------------------------------------------------------------------------------------------------------------------------------------------
   RBB_14/BQ                                                                        RBB_6L       14  [TILE 0 0, RBB 4 18]        800     r            3118     {inst34: spi_miso_LUT6_I0_I1_FDCE_Q_D_LUT6_O_I1_FDCE_Q_D_LUT6_O_I1_FDCE_Q_D_LUT6_O_I1_FDCE_Q (FDC,site=bff)}                                                                                        
   spi_miso_LUT6_I0_I1_FDCE_Q_D_LUT6_O_I1_FDCE_Q_D_LUT6_O_I1_FDCE_Q_D_LUT6_O_I1[0]  Net          24            (fanout=2)       1048                     -                                                                                                                                                                                                         
   RBB_14/C3                                                                        RBB_6L       14  [TILE 0 0, RBB 4 18]          -     r            4166     {inst33: spi_miso_LUT6_I0_I1_FDCE_Q_D_LUT6_O_I1_FDCE_Q_D_LUT6_O_I1_FDCE_Q_D_LUT6_O (LUT,site=clut,cluto)} {inst31: spi_miso_LUT6_I0_I1_FDCE_Q_D_LUT6_O_I1_FDCE_Q_D_LUT6_O_I1_FDCE_Q (FDC,site=cff)} 
   ------------------------------------------------------------------------------------------------------------------------------------------------------------------------------------------------------------------------------------------------------------------------------------------------------------------------------------------------------------------
   RBB_14/CLK                                                                       RBB_6L       14  [TILE 0 0, RBB 4 18]        801     r            4967                                                                                                                                                                                                         
   clk                                                                              Clock net     2          (fanout=352)      -2318                     -                                                                                                                                                                                                         
   clk                                                                              CLOCK-PORT    -                     -    capture     r            2649                                                                                                                                                                                                         
   ------------------------------------------------------------------------------------------------------------------------------------------------------------------------------------------------------------------------------------------------------------------------------------------------------------------------------------------------------------------


Path 92:
   Slack (not met):                          -756ps
     Path type:                               SETUP
     Group:                              <UDEF_clk>
     Launching clock:                           clk (rising edge)
     Capturing clock:                           clk (rising edge)

     Requested period:                       2000ps
   + Delay of the capturing clock:           2324ps
   - Clock uncertainty:                       150ps
   = Required time:                          4174ps
   - Propagation time:                       2606ps (75.8% logic, 24.2% route, logic stage 1)
   - Delay of the launching clock:           2324ps
   = Slack:                                  -756ps

   Instance/Pin or Net Name   Type         ID    Location or Fanout   Delay(ps)  Edge  Arrival Time(ps)    Instance detail                                          
   -------------------------------------------------------------------------------------------------------------------------------------------------------------------
   clk                        CLOCK-PORT    -                     -     launch     r               0                                                                
   clk                        Clock net     2          (fanout=352)       2324                     -                                                                
   RBB_13/CLK                 RBB_6L       13  [TILE 0 0, RBB 1 24]          -     r            2324                                                                
   -------------------------------------------------------------------------------------------------------------------------------------------------------------------
   RBB_13/DMUX                RBB_6L       13  [TILE 0 0, RBB 1 24]       1410     r            3734     {inst42: u_spi_target.o_rx_data_FDCE_Q_1 (FDCE,site=dffo)} 
   u_spi_target.o_rx_data[5]  Net          14            (fanout=2)        631                     -                                                                
   RBB_13/C6                  RBB_6L       13  [TILE 0 0, RBB 1 24]          -     r            4365     {inst41: u_spi_target.o_rx_data_FDCE_Q (FDCE,site=cff)}    
   -------------------------------------------------------------------------------------------------------------------------------------------------------------------
   RBB_13/CLK                 RBB_6L       13  [TILE 0 0, RBB 1 24]        565     r            4930                                                                
   clk                        Clock net     2          (fanout=352)      -2324                     -                                                                
   clk                        CLOCK-PORT    -                     -    capture     r            2606                                                                
   -------------------------------------------------------------------------------------------------------------------------------------------------------------------


Path 111:
   Slack (not met):                          -737ps
     Path type:                               SETUP
     Group:                              <UDEF_clk>
     Launching clock:                           clk (rising edge)
     Capturing clock:                           clk (rising edge)

     Requested period:                       2000ps
   + Delay of the capturing clock:           2324ps
   - Clock uncertainty:                       150ps
   = Required time:                          4174ps
   - Propagation time:                       2587ps (53.3% logic, 46.7% route, logic stage 1)
   - Delay of the launching clock:           2324ps
   = Slack:                                  -737ps

   Instance/Pin or Net Name   Type         ID    Location or Fanout   Delay(ps)  Edge  Arrival Time(ps)    Instance detail                                         
   ------------------------------------------------------------------------------------------------------------------------------------------------------------------
   clk                        CLOCK-PORT    -                     -     launch     r               0                                                               
   clk                        Clock net     2          (fanout=352)       2324                     -                                                               
   RBB_13/CLK                 RBB_6L       13  [TILE 0 0, RBB 1 24]          -     r            2324                                                               
   ------------------------------------------------------------------------------------------------------------------------------------------------------------------
   RBB_13/BQ                  RBB_6L       13  [TILE 0 0, RBB 1 24]        800     r            3124     {inst45: u_spi_target.o_rx_data_FDCE_Q_4 (FDCE,site=bff)} 
   u_spi_target.o_rx_data[2]  Net          11            (fanout=2)       1208                     -                                                               
   RBB_13/D6                  RBB_6L       13  [TILE 0 0, RBB 1 24]          -     r            4332     {inst44: u_spi_target.o_rx_data_FDCE_Q_3 (FDCE,site=dff)} 
   ------------------------------------------------------------------------------------------------------------------------------------------------------------------
   RBB_13/CLK                 RBB_6L       13  [TILE 0 0, RBB 1 24]        579     r            4911                                                               
   clk                        Clock net     2          (fanout=352)      -2324                     -                                                               
   clk                        CLOCK-PORT    -                     -    capture     r            2587                                                               
   ------------------------------------------------------------------------------------------------------------------------------------------------------------------


Path 108:
   Slack (not met):                          -712ps
     Path type:                               SETUP
     Group:                              <UDEF_clk>
     Launching clock:                           clk (rising edge)
     Capturing clock:                           clk (rising edge)

     Requested period:                       2000ps
   + Delay of the capturing clock:           2318ps
   - Clock uncertainty:                       150ps
   = Required time:                          4168ps
   - Propagation time:                       2562ps (59.4% logic, 40.6% route, logic stage 1)
   - Delay of the launching clock:           2318ps
   = Slack:                                  -712ps

   Instance/Pin or Net Name                                                         Type         ID    Location or Fanout   Delay(ps)  Edge  Arrival Time(ps)    Instance detail                                                                                                                                                                                                                         
   --------------------------------------------------------------------------------------------------------------------------------------------------------------------------------------------------------------------------------------------------------------------------------------------------------------------------------------------------------------------------------------------------------
   clk                                                                              CLOCK-PORT    -                     -     launch     r               0                                                                                                                                                                                                                                               
   clk                                                                              Clock net     2          (fanout=352)       2318                     -                                                                                                                                                                                                                                               
   RBB_14/CLK                                                                       RBB_6L       14  [TILE 0 0, RBB 4 18]          -     r            2318                                                                                                                                                                                                                                               
   --------------------------------------------------------------------------------------------------------------------------------------------------------------------------------------------------------------------------------------------------------------------------------------------------------------------------------------------------------------------------------------------------------
   RBB_14/BQ                                                                        RBB_6L       14  [TILE 0 0, RBB 4 18]        800     r            3118     {inst34: spi_miso_LUT6_I0_I1_FDCE_Q_D_LUT6_O_I1_FDCE_Q_D_LUT6_O_I1_FDCE_Q_D_LUT6_O_I1_FDCE_Q (FDC,site=bff)}                                                                                                                              
   spi_miso_LUT6_I0_I1_FDCE_Q_D_LUT6_O_I1_FDCE_Q_D_LUT6_O_I1_FDCE_Q_D_LUT6_O_I1[0]  Net          24            (fanout=2)       1040                     -                                                                                                                                                                                                                                               
   RBB_14/B3                                                                        RBB_6L       14  [TILE 0 0, RBB 4 18]          -     r            4158     {inst35: spi_miso_LUT6_I0_I1_FDCE_Q_D_LUT6_O_I1_FDCE_Q_D_LUT6_O_I1_FDCE_Q_D_LUT6_O_I1_FDCE_Q_D_LUT6_O (LUT,site=blut,bluto)} {inst34: spi_miso_LUT6_I0_I1_FDCE_Q_D_LUT6_O_I1_FDCE_Q_D_LUT6_O_I1_FDCE_Q_D_LUT6_O_I1_FDCE_Q (FDC,site=bff)} 
   --------------------------------------------------------------------------------------------------------------------------------------------------------------------------------------------------------------------------------------------------------------------------------------------------------------------------------------------------------------------------------------------------------
   RBB_14/CLK                                                                       RBB_6L       14  [TILE 0 0, RBB 4 18]        722     r            4880                                                                                                                                                                                                                                               
   clk                                                                              Clock net     2          (fanout=352)      -2318                     -                                                                                                                                                                                                                                               
   clk                                                                              CLOCK-PORT    -                     -    capture     r            2562                                                                                                                                                                                                                                               
   --------------------------------------------------------------------------------------------------------------------------------------------------------------------------------------------------------------------------------------------------------------------------------------------------------------------------------------------------------------------------------------------------------













