Timing Summary
==============

   POST-ROUTE

         Group  No. Clocks  No. Clock Pairs  WNS(ps)  TNS(ps)  TNS Endpoints      
   -----------  ----------  ---------------  -------  -------  -------------      
    <UDEF_clk>           1                1    -4520  -246756            116      




Clocks
======

            Clock    Clock net        Group  Constrained Period(ps)      Waveform(ps)   Achievable Period(ps)  Achievable Frequency(MHz)
   --------------  -----------  -----------  ----------------------  -----------------  ---------------------  -------------------------
              clk          clk   <UDEF_clk>           (auto) 2000            (0,1000)                   6519                    153.398 




Clock Relationships
===================

       From Clock        To Clock               Group    Endpoints     WNS(ps)    TNS(ps)  TNS Endpoints
   --------------  --------------  ------------------  -----------  ----------  ---------  -------------
              clk             clk          <UDEF_clk>          120       -4520    -246756            116




Timing Details for Clock Pair clk and clk
=========================================

       From Clock        To Clock               Group    Endpoints     WNS(ps)    TNS(ps)  TNS Endpoints
   --------------  --------------  ------------------  -----------  ----------  ---------  -------------
              clk             clk          <UDEF_clk>          120       -4520    -246756            116

Path 1:
   Slack (not met):                         -4520ps
     Path type:                               SETUP
     Group:                              <UDEF_clk>
     Launching clock:                           clk (rising edge)
     Capturing clock:                           clk (rising edge)

     Requested period:                       2000ps
   + Delay of the capturing clock:           2319ps
   - Clock uncertainty:                       150ps
   = Required time:                          4169ps
   - Propagation time:                       6530ps (62.8% logic, 37.2% route, logic stage 3)
   - Delay of the launching clock:           2159ps
   = Slack:                                 -4520ps

   Instance/Pin or Net Name                                              Type         ID    Location or Fanout   Delay(ps)  Edge  Arrival Time(ps)    Instance detail                                                                                     
   ---------------------------------------------------------------------------------------------------------------------------------------------------------------------------------------------------------------------------------------------------------
   clk                                                                   CLOCK-PORT    -                     -     launch     r               0                                                                                                           
   clk                                                                   Clock net     2          (fanout=352)       2159                     -                                                                                                           
   RBB_12/CLK                                                            RBB_6L       12  [TILE 0 0, RBB 1 16]          -     r            2159                                                                                                           
   ---------------------------------------------------------------------------------------------------------------------------------------------------------------------------------------------------------------------------------------------------------
   RBB_12/DMUX                                                           RBB_6L       12  [TILE 0 0, RBB 1 16]       1466     r            3625     {inst58: u_spi_target.o_rx_data_valid_FDCE_Q_CE_LUT6_O_I3_CARRY4_CO_S_INV_O_I_FDCE_Q (FDC,site=dffo)} 
   u_spi_target.o_rx_data_valid_FDCE_Q_CE_LUT6_O_I3_CARRY4_CO_S_INV_O_I  Net          51            (fanout=3)        918                     -                                                                                                           
   RBB_8/A1                                                              RBB_6L        8  [TILE 0 0, RBB 1 14]          -     r            4543                                                                                                           
   RBB_8/BMUX                                                            RBB_6L        8  [TILE 0 0, RBB 1 14]       1356     r            5899     {inst52: u_spi_target.o_rx_data_valid_FDCE_Q_CE_LUT6_O_I3_CARRY4_CO (CARRY4)}                         
   u_spi_target.o_rx_data_valid_FDCE_Q_CE_LUT6_O_I3[3]                   Net          65            (fanout=2)        872                     -                                                                                                           
   RBB_9/C6                                                              RBB_6L        9  [TILE 0 0, RBB 1 18]          -     r            6771                                                                                                           
   RBB_9/C                                                               RBB_6L        9  [TILE 0 0, RBB 1 18]        478     r            7249     {inst51: u_spi_target.o_rx_data_valid_FDCE_Q_CE_LUT6_O (LUT,site=clut,cluto)}                         
   u_spi_target.o_rx_data_valid_FDCE_Q_CE                                Net          29            (fanout=1)        636                     -                                                                                                           
   RBB_9/A6                                                              RBB_6L        9  [TILE 0 0, RBB 1 18]          -     r            7885     {<CE>inst50: u_spi_target.o_rx_data_valid_FDCE_Q (FDCE,site=dff)}                                     
   ---------------------------------------------------------------------------------------------------------------------------------------------------------------------------------------------------------------------------------------------------------
   RBB_9/CLK                                                             RBB_6L        9  [TILE 0 0, RBB 1 18]        804     r            8689                                                                                                           
   clk                                                                   Clock net     2          (fanout=352)      -2319                     -                                                                                                           
   clk                                                                   CLOCK-PORT    -                     -    capture     r            6370                                                                                                           
   ---------------------------------------------------------------------------------------------------------------------------------------------------------------------------------------------------------------------------------------------------------


Path 0:
   Slack (not met):                         -4326ps
     Path type:                               SETUP
     Group:                              <UDEF_clk>
     Launching clock:                           clk (rising edge)
     Capturing clock:                           clk (rising edge)

     Requested period:                       2000ps
   + Delay of the capturing clock:           2324ps
   - Clock uncertainty:                       150ps
   = Required time:                          4174ps
   - Propagation time:                       6341ps (54.5% logic, 45.5% route, logic stage 3)
   - Delay of the launching clock:           2159ps
   = Slack:                                 -4326ps

   Instance/Pin or Net Name          Type         ID    Location or Fanout   Delay(ps)  Edge  Arrival Time(ps)    Instance detail                                                            
   --------------------------------------------------------------------------------------------------------------------------------------------------------------------------------------------
   clk                               CLOCK-PORT    -                     -     launch     r               0                                                                                  
   clk                               Clock net     2          (fanout=352)       2159                     -                                                                                  
   RBB_12/CLK                        RBB_6L       12  [TILE 0 0, RBB 1 16]          -     r            2159                                                                                  
   --------------------------------------------------------------------------------------------------------------------------------------------------------------------------------------------
   RBB_12/CMUX                       RBB_6L       12  [TILE 0 0, RBB 1 16]       1380     r            3539     {inst64: u_spi_target.r_sck_sync_FDCE_Q (FDC,site=cffo)}                     
   u_spi_target.r_sck_sync[1]        Net          21            (fanout=3)        964                     -                                                                                  
   RBB_14/A2                         RBB_6L       14  [TILE 0 0, RBB 4 18]          -     r            4503                                                                                  
   RBB_14/A                          RBB_6L       14  [TILE 0 0, RBB 4 18]        653     r            5156     {inst71: u_spi_target.w_sck_edge_LUT2_O_I0_LUT2_I0 (LUT,site=alut)}          
   spi_miso_en_INV_O_I_LUT2_I0_O[0]  Net          45            (fanout=8)        961                     -                                                                                  
   RBB_12/C4                         RBB_6L       12  [TILE 0 0, RBB 1 16]          -     r            6117                                                                                  
   RBB_12/C                          RBB_6L       12  [TILE 0 0, RBB 1 16]        711     r            6828     {inst24: spi_miso_LUT6_I0 (LUT,site=clut,cluto)}                             
   spi_miso_FDCE_Q_D                 Net          30            (fanout=1)        962                     -                                                                                  
   RBB_3/O[0]                        IOB           3  [TILE 0 0, RBB 0 23]          -     r            7790     {inst80: spi_miso_OUT (FDC)} {(output_port) inst75: g_75_spi_miso_obuf (IO)} 
   --------------------------------------------------------------------------------------------------------------------------------------------------------------------------------------------
   RBB_3/CLK                         IOB           3  [TILE 0 0, RBB 0 23]        710     r            8500                                                                                  
   clk                               Clock net     2          (fanout=352)      -2324                     -                                                                                  
   clk                               CLOCK-PORT    -                     -    capture     r            6176                                                                                  
   --------------------------------------------------------------------------------------------------------------------------------------------------------------------------------------------


Path 113:
   Slack (not met):                         -4159ps
     Path type:                               SETUP
     Group:                              <UDEF_clk>
     Launching clock:                           clk (rising edge)
     Capturing clock:                           clk (rising edge)

     Requested period:                       2000ps
   + Delay of the capturing clock:           2318ps
   - Clock uncertainty:                       150ps
   = Required time:                          4168ps
   - Propagation time:                       6009ps (47.2% logic, 52.8% route, logic stage 2)
   - Delay of the launching clock:           2318ps
   = Slack:                                 -4159ps

   Instance/Pin or Net Name                                                Type         ID    Location or Fanout   Delay(ps)  Edge  Arrival Time(ps)    Instance detail                                                                                                                                                                                         
   ---------------------------------------------------------------------------------------------------------------------------------------------------------------------------------------------------------------------------------------------------------------------------------------------------------------------------------------------------------------
   clk                                                                     CLOCK-PORT    -                     -     launch     r               0                                                                                                                                                                                                               
   clk                                                                     Clock net     2          (fanout=352)       2318                     -                                                                                                                                                                                                               
   RBB_10/CLK                                                              RBB_6L       10  [TILE 0 0, RBB 1 20]          -     r            2318                                                                                                                                                                                                               
   ---------------------------------------------------------------------------------------------------------------------------------------------------------------------------------------------------------------------------------------------------------------------------------------------------------------------------------------------------------------
   RBB_10/DQ                                                               RBB_6L       10  [TILE 0 0, RBB 1 20]        800     r            3118     {inst54: u_spi_target.o_rx_data_valid_FDCE_Q_CE_LUT6_O_I3_CARRY4_CO_O_1_LUT4_I3_O_FDCE_D (FDC,site=dff)}                                                                                                  
   u_spi_target.o_rx_data_valid_FDCE_Q_CE_LUT6_O_I3_LUT5_I4_O_FDCE_D_Q[1]  Net          37            (fanout=5)       1783                     -                                                                                                                                                                                                               
   RBB_8/C1                                                                RBB_6L        8  [TILE 0 0, RBB 1 14]          -     r            4901                                                                                                                                                                                                               
   RBB_8/CQ                                                                RBB_6L        8  [TILE 0 0, RBB 1 14]       1109     r            6010     {inst52: u_spi_target.o_rx_data_valid_FDCE_Q_CE_LUT6_O_I3_CARRY4_CO (CARRY4)}                                                                                                                             
   u_spi_target.o_rx_data_valid_FDCE_Q_CE_LUT6_O_I3_CARRY4_CO_O_1[1]       Net          87            (fanout=1)       1392                     -                                                                                                                                                                                                               
   RBB_10/D4                                                               RBB_6L       10  [TILE 0 0, RBB 1 20]          -     r            7402     {inst53: u_spi_target.o_rx_data_valid_FDCE_Q_CE_LUT6_O_I3_CARRY4_CO_O_1_LUT4_I3 (LUT,site=dlut)} {inst54: u_spi_target.o_rx_data_valid_FDCE_Q_CE_LUT6_O_I3_CARRY4_CO_O_1_LUT4_I3_O_FDCE_D (FDC,site=dff)} 
   ---------------------------------------------------------------------------------------------------------------------------------------------------------------------------------------------------------------------------------------------------------------------------------------------------------------------------------------------------------------
   RBB_10/CLK                                                              RBB_6L       10  [TILE 0 0, RBB 1 20]        925     r            8327                                                                                                                                                                                                               
   clk                                                                     Clock net     2          (fanout=352)      -2318                     -                                                                                                                                                                                                               
   clk                                                                     CLOCK-PORT    -                     -    capture     r            6009                                                                                                                                                                                                               
   ---------------------------------------------------------------------------------------------------------------------------------------------------------------------------------------------------------------------------------------------------------------------------------------------------------------------------------------------------------------


Path 3:
   Slack (not met):                         -4016ps
     Path type:                               SETUP
     Group:                              <UDEF_clk>
     Launching clock:                           clk (rising edge)
     Capturing clock:                           clk (rising edge)

     Requested period:                       2000ps
   + Delay of the capturing clock:           2159ps
   - Clock uncertainty:                       150ps
   = Required time:                          4009ps
   - Propagation time:                       5866ps (64.4% logic, 35.6% route, logic stage 2)
   - Delay of the launching clock:           2159ps
   = Slack:                                 -4016ps

   Instance/Pin or Net Name                                              Type         ID    Location or Fanout   Delay(ps)  Edge  Arrival Time(ps)    Instance detail                                                                                                                                                                                         
   -------------------------------------------------------------------------------------------------------------------------------------------------------------------------------------------------------------------------------------------------------------------------------------------------------------------------------------------------------------
   clk                                                                   CLOCK-PORT    -                     -     launch     r               0                                                                                                                                                                                                               
   clk                                                                   Clock net     2          (fanout=352)       2159                     -                                                                                                                                                                                                               
   RBB_12/CLK                                                            RBB_6L       12  [TILE 0 0, RBB 1 16]          -     r            2159                                                                                                                                                                                                               
   -------------------------------------------------------------------------------------------------------------------------------------------------------------------------------------------------------------------------------------------------------------------------------------------------------------------------------------------------------------
   RBB_12/DMUX                                                           RBB_6L       12  [TILE 0 0, RBB 1 16]       1466     r            3625     {inst58: u_spi_target.o_rx_data_valid_FDCE_Q_CE_LUT6_O_I3_CARRY4_CO_S_INV_O_I_FDCE_Q (FDC,site=dffo)}                                                                                                     
   u_spi_target.o_rx_data_valid_FDCE_Q_CE_LUT6_O_I3_CARRY4_CO_S_INV_O_I  Net          51            (fanout=3)        918                     -                                                                                                                                                                                                               
   RBB_8/A1                                                              RBB_6L        8  [TILE 0 0, RBB 1 14]          -     r            4543                                                                                                                                                                                                               
   RBB_8/BQ                                                              RBB_6L        8  [TILE 0 0, RBB 1 14]       1384     r            5927     {inst52: u_spi_target.o_rx_data_valid_FDCE_Q_CE_LUT6_O_I3_CARRY4_CO (CARRY4)}                                                                                                                             
   u_spi_target.o_rx_data_valid_FDCE_Q_CE_LUT6_O_I3_CARRY4_CO_O_2[1]     Net          73            (fanout=1)       1173                     -                                                                                                                                                                                                               
   RBB_12/D3                                                             RBB_6L       12  [TILE 0 0, RBB 1 16]          -     r            7100     {inst55: u_spi_target.o_rx_data_valid_FDCE_Q_CE_LUT6_O_I3_CARRY4_CO_O_2_LUT4_I3 (LUT,site=dlut)} {inst56: u_spi_target.o_rx_data_valid_FDCE_Q_CE_LUT6_O_I3_CARRY4_CO_O_2_LUT4_I3_O_FDCE_D (FDC,site=dff)} 
   -------------------------------------------------------------------------------------------------------------------------------------------------------------------------------------------------------------------------------------------------------------------------------------------------------------------------------------------------------------
   RBB_12/CLK                                                            RBB_6L       12  [TILE 0 0, RBB 1 16]        925     r            8025                                                                                                                                                                                                               
   clk                                                                   Clock net     2          (fanout=352)      -2159                     -                                                                                                                                                                                                               
   clk                                                                   CLOCK-PORT    -                     -    capture     r            5866                                                                                                                                                                                                               
   -------------------------------------------------------------------------------------------------------------------------------------------------------------------------------------------------------------------------------------------------------------------------------------------------------------------------------------------------------------


Path 16:
   Slack (not met):                         -3322ps
     Path type:                               SETUP
     Group:                              <UDEF_clk>
     Launching clock:                           clk (rising edge)
     Capturing clock:                           clk (rising edge)

     Requested period:                       2000ps
   + Delay of the capturing clock:           2311ps
   - Clock uncertainty:                       150ps
   = Required time:                          4161ps
   - Propagation time:                       5165ps (56.6% logic, 43.4% route, logic stage 2)
   - Delay of the launching clock:           2318ps
   = Slack:                                 -3322ps

   Instance/Pin or Net Name              Type         ID    Location or Fanout   Delay(ps)  Edge  Arrival Time(ps)    Instance detail                                                  
   --------------------------------------------------------------------------------------------------------------------------------------------------------------------------------------
   clk                                   CLOCK-PORT    -                     -     launch     r               0                                                                        
   clk                                   Clock net     2          (fanout=352)       2318                     -                                                                        
   RBB_14/CLK                            RBB_6L       14  [TILE 0 0, RBB 4 18]          -     r            2318                                                                        
   --------------------------------------------------------------------------------------------------------------------------------------------------------------------------------------
   RBB_14/DMUX                           RBB_6L       14  [TILE 0 0, RBB 4 18]       1333     r            3651     {inst70: u_spi_target.w_sck_edge_LUT2_O_I0_FDCE_Q (FDC,site=dffo)} 
   u_spi_target.w_sck_edge_LUT2_O_I0[0]  Net          68            (fanout=2)        879                     -                                                                        
   RBB_9/D1                              RBB_6L        9  [TILE 0 0, RBB 1 18]          -     r            4530                                                                        
   RBB_9/DMUX                            RBB_6L        9  [TILE 0 0, RBB 1 18]        608     r            5138     {inst69: u_spi_target.w_sck_edge_LUT2_O (LUT,site=dluto)}          
   u_spi_target.w_sck_edge               Net          22            (fanout=8)       1365                     -                                                                        
   RBB_15/A6                             RBB_6L       15  [TILE 0 0, RBB 4 24]          -     r            6503     {<CE>inst68: u_spi_target.w_sck_edge_FDCE_CE (FDCE,site=dff)}      
   --------------------------------------------------------------------------------------------------------------------------------------------------------------------------------------
   RBB_15/CLK                            RBB_6L       15  [TILE 0 0, RBB 4 24]        980     r            7483                                                                        
   clk                                   Clock net     2          (fanout=352)      -2311                     -                                                                        
   clk                                   CLOCK-PORT    -                     -    capture     r            5172                                                                        
   --------------------------------------------------------------------------------------------------------------------------------------------------------------------------------------


Path 4:
   Slack (not met):                         -3315ps
     Path type:                               SETUP
     Group:                              <UDEF_clk>
     Launching clock:                           clk (rising edge)
     Capturing clock:                           clk (rising edge)

     Requested period:                       2000ps
   + Delay of the capturing clock:           2312ps
   - Clock uncertainty:                       150ps
   = Required time:                          4162ps
   - Propagation time:                       5318ps (69.9% logic, 30.1% route, logic stage 2)
   - Delay of the launching clock:           2159ps
   = Slack:                                 -3315ps

   Instance/Pin or Net Name                                              Type         ID    Location or Fanout   Delay(ps)  Edge  Arrival Time(ps)    Instance detail                                                                                                                                                             
   ---------------------------------------------------------------------------------------------------------------------------------------------------------------------------------------------------------------------------------------------------------------------------------------------------------------------------------
   clk                                                                   CLOCK-PORT    -                     -     launch     r               0                                                                                                                                                                                   
   clk                                                                   Clock net     2          (fanout=352)       2159                     -                                                                                                                                                                                   
   RBB_12/CLK                                                            RBB_6L       12  [TILE 0 0, RBB 1 16]          -     r            2159                                                                                                                                                                                   
   ---------------------------------------------------------------------------------------------------------------------------------------------------------------------------------------------------------------------------------------------------------------------------------------------------------------------------------
   RBB_12/DMUX                                                           RBB_6L       12  [TILE 0 0, RBB 1 16]       1466     r            3625     {inst58: u_spi_target.o_rx_data_valid_FDCE_Q_CE_LUT6_O_I3_CARRY4_CO_S_INV_O_I_FDCE_Q (FDC,site=dffo)}                                                                         
   u_spi_target.o_rx_data_valid_FDCE_Q_CE_LUT6_O_I3_CARRY4_CO_S_INV_O_I  Net          51            (fanout=3)        918                     -                                                                                                                                                                                   
   RBB_8/A1                                                              RBB_6L        8  [TILE 0 0, RBB 1 14]          -     r            4543                                                                                                                                                                                   
   RBB_8/BMUX                                                            RBB_6L        8  [TILE 0 0, RBB 1 14]       1356     r            5899     {inst52: u_spi_target.o_rx_data_valid_FDCE_Q_CE_LUT6_O_I3_CARRY4_CO (CARRY4)}                                                                                                 
   u_spi_target.o_rx_data_valid_FDCE_Q_CE_LUT6_O_I3[3]                   Net          65            (fanout=2)        685                     -                                                                                                                                                                                   
   RBB_11/D5                                                             RBB_6L       11  [TILE 0 0, RBB 1 12]          -     r            6584     {inst61: u_spi_target.o_rx_data_valid_FDCE_Q_CE_LUT6_O_I3_LUT5_I4 (LUT,site=dlut)} {inst62: u_spi_target.o_rx_data_valid_FDCE_Q_CE_LUT6_O_I3_LUT5_I4_O_FDCE_D (FDC,site=dff)} 
   ---------------------------------------------------------------------------------------------------------------------------------------------------------------------------------------------------------------------------------------------------------------------------------------------------------------------------------
   RBB_11/CLK                                                            RBB_6L       11  [TILE 0 0, RBB 1 12]        893     r            7477                                                                                                                                                                                   
   clk                                                                   Clock net     2          (fanout=352)      -2312                     -                                                                                                                                                                                   
   clk                                                                   CLOCK-PORT    -                     -    capture     r            5165                                                                                                                                                                                   
   ---------------------------------------------------------------------------------------------------------------------------------------------------------------------------------------------------------------------------------------------------------------------------------------------------------------------------------


Path 11:
   Slack (not met):                         -3207ps
     Path type:                               SETUP
     Group:                              <UDEF_clk>
     Launching clock:                           clk (rising edge)
     Capturing clock:                           clk (rising edge)

     Requested period:                       2000ps
   + Delay of the capturing clock:           2325ps
   - Clock uncertainty:                       150ps
   = Required time:                          4175ps
   - Propagation time:                       5064ps (65.7% logic, 34.3% route, logic stage 2)
   - Delay of the launching clock:           2318ps
   = Slack:                                 -3207ps

   Instance/Pin or Net Name       Type         ID    Location or Fanout   Delay(ps)  Edge  Arrival Time(ps)    Instance detail                                             
   --------------------------------------------------------------------------------------------------------------------------------------------------------------------------
   clk                            CLOCK-PORT    -                     -     launch     r               0                                                                   
   clk                            Clock net     2          (fanout=352)       2318                     -                                                                   
   RBB_10/CLK                     RBB_6L       10  [TILE 0 0, RBB 1 20]          -     r            2318                                                                   
   --------------------------------------------------------------------------------------------------------------------------------------------------------------------------
   RBB_10/CMUX                    RBB_6L       10  [TILE 0 0, RBB 1 20]       1380     r            3698     {inst49: u_spi_target.o_rx_data_valid_FDCE_D (FDC,site=cffo)} 
   rx_data_strobe_LUT2_O_I1[1]    Net          52            (fanout=1)        873                     -                                                                   
   RBB_9/A2                       RBB_6L        9  [TILE 0 0, RBB 1 18]          -     r            4571                                                                   
   RBB_9/A                        RBB_6L        9  [TILE 0 0, RBB 1 18]        759     r            5330     {inst22: rx_data_strobe_LUT2_O (LUT,site=alut)}               
   u_spi_target.o_rx_data_strobe  Net          17            (fanout=1)        866                     -                                                                   
   RBB_6/A6                       RBB_6L        6  [TILE 0 0, RBB 1 22]          -     r            6196     {<CE>inst12: rx_data_strobe_FDCE_CE_1 (FDCE,site=dff)}        
   --------------------------------------------------------------------------------------------------------------------------------------------------------------------------
   RBB_6/CLK                      RBB_6L        6  [TILE 0 0, RBB 1 22]       1186     r            7382                                                                   
   clk                            Clock net     2          (fanout=352)      -2325                     -                                                                   
   clk                            CLOCK-PORT    -                     -    capture     r            5057                                                                   
   --------------------------------------------------------------------------------------------------------------------------------------------------------------------------


Path 55:
   Slack (not met):                         -3190ps
     Path type:                               SETUP
     Group:                              <UDEF_clk>
     Launching clock:                           clk (rising edge)
     Capturing clock:                           clk (rising edge)

     Requested period:                       2000ps
   + Delay of the capturing clock:           2311ps
   - Clock uncertainty:                       150ps
   = Required time:                          4161ps
   - Propagation time:                       5027ps (70.3% logic, 29.7% route, logic stage 2)
   - Delay of the launching clock:           2324ps
   = Slack:                                 -3190ps

   Instance/Pin or Net Name              Type         ID    Location or Fanout   Delay(ps)  Edge  Arrival Time(ps)    Instance detail                                                                                                            
   ------------------------------------------------------------------------------------------------------------------------------------------------------------------------------------------------------------------------------------------------
   clk                                   CLOCK-PORT    -                     -     launch     r               0                                                                                                                                  
   clk                                   Clock net     2          (fanout=352)       2324                     -                                                                                                                                  
   RBB_13/CLK                            RBB_6L       13  [TILE 0 0, RBB 1 24]          -     r            2324                                                                                                                                  
   ------------------------------------------------------------------------------------------------------------------------------------------------------------------------------------------------------------------------------------------------
   RBB_13/BQ                             RBB_6L       13  [TILE 0 0, RBB 1 24]        800     r            3124     {inst45: u_spi_target.o_rx_data_FDCE_Q_4 (FDCE,site=bff)}                                                                    
   u_spi_target.o_rx_data[2]             Net          11            (fanout=2)       1495                     -                                                                                                                                  
   RBB_6/C1                              RBB_6L        6  [TILE 0 0, RBB 1 22]          -     r            4619                                                                                                                                  
   RBB_6/COUT                            RBB_6L        6  [TILE 0 0, RBB 1 22]       1803     r            6422     {inst40: u_spi_target.o_rx_data_CARRY4_S_1 (CARRY4)}                                                                         
   u_spi_target.o_rx_data_CARRY4_S_1_CO  Net          84            (fanout=1)          0                     -                                                                                                                                  
   RBB_7/CIN                             RBB_6L        7  [TILE 0 0, RBB 4 22]          -     r            6422     {inst39: u_spi_target.o_rx_data_CARRY4_S (CARRY4)} {inst29: spi_miso_LUT6_I0_I1_FDCE_Q_D_LUT6_O_I1_FDCE_Q_1 (FDCE,site=cff)} 
   ------------------------------------------------------------------------------------------------------------------------------------------------------------------------------------------------------------------------------------------------
   RBB_7/CLK                             RBB_6L        7  [TILE 0 0, RBB 4 22]        929     r            7351                                                                                                                                  
   clk                                   Clock net     2          (fanout=352)      -2311                     -                                                                                                                                  
   clk                                   CLOCK-PORT    -                     -    capture     r            5040                                                                                                                                  
   ------------------------------------------------------------------------------------------------------------------------------------------------------------------------------------------------------------------------------------------------


Path 22:
   Slack (not met):                         -3172ps
     Path type:                               SETUP
     Group:                              <UDEF_clk>
     Launching clock:                           clk (rising edge)
     Capturing clock:                           clk (rising edge)

     Requested period:                       2000ps
   + Delay of the capturing clock:           2311ps
   - Clock uncertainty:                       150ps
   = Required time:                          4161ps
   - Propagation time:                       5015ps (65.3% logic, 34.7% route, logic stage 3)
   - Delay of the launching clock:           2318ps
   = Slack:                                 -3172ps

   Instance/Pin or Net Name       Type         ID    Location or Fanout   Delay(ps)  Edge  Arrival Time(ps)    Instance detail                                             
   --------------------------------------------------------------------------------------------------------------------------------------------------------------------------
   clk                            CLOCK-PORT    -                     -     launch     r               0                                                                   
   clk                            Clock net     2          (fanout=352)       2318                     -                                                                   
   RBB_10/CLK                     RBB_6L       10  [TILE 0 0, RBB 1 20]          -     r            2318                                                                   
   --------------------------------------------------------------------------------------------------------------------------------------------------------------------------
   RBB_10/CMUX                    RBB_6L       10  [TILE 0 0, RBB 1 20]       1380     r            3698     {inst49: u_spi_target.o_rx_data_valid_FDCE_D (FDC,site=cffo)} 
   rx_data_strobe_LUT2_O_I1[1]    Net          52            (fanout=1)        873                     -                                                                   
   RBB_9/A2                       RBB_6L        9  [TILE 0 0, RBB 1 18]          -     r            4571                                                                   
   RBB_9/A                        RBB_6L        9  [TILE 0 0, RBB 1 18]        759     r            5330     {inst22: rx_data_strobe_LUT2_O (LUT,site=alut)}               
   u_spi_target.o_rx_data_strobe  Net          17            (fanout=1)        866                     -                                                                   
   RBB_6/A6                       RBB_6L        6  [TILE 0 0, RBB 1 22]          -     r            6196                                                                   
   RBB_6/CEout                    RBB_6L        6  [TILE 0 0, RBB 1 22]          2     r            6198                                                                   
   u_spi_target.o_rx_data_strobe  Net          17            (fanout=1)          0                     -                                                                   
   RBB_7/CEin                     RBB_6L        7  [TILE 0 0, RBB 4 22]          -     r            6198     {<CE>inst11: rx_data_strobe_FDCE_CE (FDCE,site=aff)}          
   --------------------------------------------------------------------------------------------------------------------------------------------------------------------------
   RBB_7/CLK                      RBB_6L        7  [TILE 0 0, RBB 4 22]       1135     r            7333                                                                   
   clk                            Clock net     2          (fanout=352)      -2311                     -                                                                   
   clk                            CLOCK-PORT    -                     -    capture     r            5022                                                                   
   --------------------------------------------------------------------------------------------------------------------------------------------------------------------------


Path 20:
   Slack (not met):                         -3172ps
     Path type:                               SETUP
     Group:                              <UDEF_clk>
     Launching clock:                           clk (rising edge)
     Capturing clock:                           clk (rising edge)

     Requested period:                       2000ps
   + Delay of the capturing clock:           2311ps
   - Clock uncertainty:                       150ps
   = Required time:                          4161ps
   - Propagation time:                       5015ps (65.3% logic, 34.7% route, logic stage 3)
   - Delay of the launching clock:           2318ps
   = Slack:                                 -3172ps

   Instance/Pin or Net Name       Type         ID    Location or Fanout   Delay(ps)  Edge  Arrival Time(ps)    Instance detail                                                                                
   -------------------------------------------------------------------------------------------------------------------------------------------------------------------------------------------------------------
   clk                            CLOCK-PORT    -                     -     launch     r               0                                                                                                      
   clk                            Clock net     2          (fanout=352)       2318                     -                                                                                                      
   RBB_10/CLK                     RBB_6L       10  [TILE 0 0, RBB 1 20]          -     r            2318                                                                                                      
   -------------------------------------------------------------------------------------------------------------------------------------------------------------------------------------------------------------
   RBB_10/CMUX                    RBB_6L       10  [TILE 0 0, RBB 1 20]       1380     r            3698     {inst49: u_spi_target.o_rx_data_valid_FDCE_D (FDC,site=cffo)}                                    
   rx_data_strobe_LUT2_O_I1[1]    Net          52            (fanout=1)        873                     -                                                                                                      
   RBB_9/A2                       RBB_6L        9  [TILE 0 0, RBB 1 18]          -     r            4571                                                                                                      
   RBB_9/A                        RBB_6L        9  [TILE 0 0, RBB 1 18]        759     r            5330     {inst22: rx_data_strobe_LUT2_O (LUT,site=alut)}                                                  
   u_spi_target.o_rx_data_strobe  Net          17            (fanout=1)        866                     -                                                                                                      
   RBB_6/A6                       RBB_6L        6  [TILE 0 0, RBB 1 22]          -     r            6196                                                                                                      
   RBB_6/CEout                    RBB_6L        6  [TILE 0 0, RBB 1 22]          2     r            6198                                                                                                      
   u_spi_target.o_rx_data_strobe  Net          17            (fanout=1)          0                     -                                                                                                      
   RBB_7/CEin                     RBB_6L        7  [TILE 0 0, RBB 4 22]          -     r            6198     {<CE>inst32: spi_miso_LUT6_I0_I1_FDCE_Q_D_LUT6_O_I1_FDCE_Q_D_LUT6_O_I1_FDCE_Q_1 (FDCE,site=bff)} 
   -------------------------------------------------------------------------------------------------------------------------------------------------------------------------------------------------------------
   RBB_7/CLK                      RBB_6L        7  [TILE 0 0, RBB 4 22]       1135     r            7333                                                                                                      
   clk                            Clock net     2          (fanout=352)      -2311                     -                                                                                                      
   clk                            CLOCK-PORT    -                     -    capture     r            5022                                                                                                      
   -------------------------------------------------------------------------------------------------------------------------------------------------------------------------------------------------------------


Path 21:
   Slack (not met):                         -3172ps
     Path type:                               SETUP
     Group:                              <UDEF_clk>
     Launching clock:                           clk (rising edge)
     Capturing clock:                           clk (rising edge)

     Requested period:                       2000ps
   + Delay of the capturing clock:           2311ps
   - Clock uncertainty:                       150ps
   = Required time:                          4161ps
   - Propagation time:                       5015ps (65.3% logic, 34.7% route, logic stage 3)
   - Delay of the launching clock:           2318ps
   = Slack:                                 -3172ps

   Instance/Pin or Net Name       Type         ID    Location or Fanout   Delay(ps)  Edge  Arrival Time(ps)    Instance detail                                             
   --------------------------------------------------------------------------------------------------------------------------------------------------------------------------
   clk                            CLOCK-PORT    -                     -     launch     r               0                                                                   
   clk                            Clock net     2          (fanout=352)       2318                     -                                                                   
   RBB_10/CLK                     RBB_6L       10  [TILE 0 0, RBB 1 20]          -     r            2318                                                                   
   --------------------------------------------------------------------------------------------------------------------------------------------------------------------------
   RBB_10/CMUX                    RBB_6L       10  [TILE 0 0, RBB 1 20]       1380     r            3698     {inst49: u_spi_target.o_rx_data_valid_FDCE_D (FDC,site=cffo)} 
   rx_data_strobe_LUT2_O_I1[1]    Net          52            (fanout=1)        873                     -                                                                   
   RBB_9/A2                       RBB_6L        9  [TILE 0 0, RBB 1 18]          -     r            4571                                                                   
   RBB_9/A                        RBB_6L        9  [TILE 0 0, RBB 1 18]        759     r            5330     {inst22: rx_data_strobe_LUT2_O (LUT,site=alut)}               
   u_spi_target.o_rx_data_strobe  Net          17            (fanout=1)        866                     -                                                                   
   RBB_6/A6                       RBB_6L        6  [TILE 0 0, RBB 1 22]          -     r            6196                                                                   
   RBB_6/CEout                    RBB_6L        6  [TILE 0 0, RBB 1 22]          2     r            6198                                                                   
   u_spi_target.o_rx_data_strobe  Net          17            (fanout=1)          0                     -                                                                   
   RBB_7/CEin                     RBB_6L        7  [TILE 0 0, RBB 4 22]          -     r            6198     {<CE>inst26: spi_miso_LUT6_I0_I1_FDCE_Q_1 (FDCE,site=dff)}    
   --------------------------------------------------------------------------------------------------------------------------------------------------------------------------
   RBB_7/CLK                      RBB_6L        7  [TILE 0 0, RBB 4 22]       1135     r            7333                                                                   
   clk                            Clock net     2          (fanout=352)      -2311                     -                                                                   
   clk                            CLOCK-PORT    -                     -    capture     r            5022                                                                   
   --------------------------------------------------------------------------------------------------------------------------------------------------------------------------


Path 23:
   Slack (not met):                         -3172ps
     Path type:                               SETUP
     Group:                              <UDEF_clk>
     Launching clock:                           clk (rising edge)
     Capturing clock:                           clk (rising edge)

     Requested period:                       2000ps
   + Delay of the capturing clock:           2311ps
   - Clock uncertainty:                       150ps
   = Required time:                          4161ps
   - Propagation time:                       5015ps (65.3% logic, 34.7% route, logic stage 3)
   - Delay of the launching clock:           2318ps
   = Slack:                                 -3172ps

   Instance/Pin or Net Name       Type         ID    Location or Fanout   Delay(ps)  Edge  Arrival Time(ps)    Instance detail                                                             
   ------------------------------------------------------------------------------------------------------------------------------------------------------------------------------------------
   clk                            CLOCK-PORT    -                     -     launch     r               0                                                                                   
   clk                            Clock net     2          (fanout=352)       2318                     -                                                                                   
   RBB_10/CLK                     RBB_6L       10  [TILE 0 0, RBB 1 20]          -     r            2318                                                                                   
   ------------------------------------------------------------------------------------------------------------------------------------------------------------------------------------------
   RBB_10/CMUX                    RBB_6L       10  [TILE 0 0, RBB 1 20]       1380     r            3698     {inst49: u_spi_target.o_rx_data_valid_FDCE_D (FDC,site=cffo)}                 
   rx_data_strobe_LUT2_O_I1[1]    Net          52            (fanout=1)        873                     -                                                                                   
   RBB_9/A2                       RBB_6L        9  [TILE 0 0, RBB 1 18]          -     r            4571                                                                                   
   RBB_9/A                        RBB_6L        9  [TILE 0 0, RBB 1 18]        759     r            5330     {inst22: rx_data_strobe_LUT2_O (LUT,site=alut)}                               
   u_spi_target.o_rx_data_strobe  Net          17            (fanout=1)        866                     -                                                                                   
   RBB_6/A6                       RBB_6L        6  [TILE 0 0, RBB 1 22]          -     r            6196                                                                                   
   RBB_6/CEout                    RBB_6L        6  [TILE 0 0, RBB 1 22]          2     r            6198                                                                                   
   u_spi_target.o_rx_data_strobe  Net          17            (fanout=1)          0                     -                                                                                   
   RBB_7/CEin                     RBB_6L        7  [TILE 0 0, RBB 4 22]          -     r            6198     {<CE>inst29: spi_miso_LUT6_I0_I1_FDCE_Q_D_LUT6_O_I1_FDCE_Q_1 (FDCE,site=cff)} 
   ------------------------------------------------------------------------------------------------------------------------------------------------------------------------------------------
   RBB_7/CLK                      RBB_6L        7  [TILE 0 0, RBB 4 22]       1135     r            7333                                                                                   
   clk                            Clock net     2          (fanout=352)      -2311                     -                                                                                   
   clk                            CLOCK-PORT    -                     -    capture     r            5022                                                                                   
   ------------------------------------------------------------------------------------------------------------------------------------------------------------------------------------------


Path 51:
   Slack (not met):                         -3165ps
     Path type:                               SETUP
     Group:                              <UDEF_clk>
     Launching clock:                           clk (rising edge)
     Capturing clock:                           clk (rising edge)

     Requested period:                       2000ps
   + Delay of the capturing clock:           2311ps
   - Clock uncertainty:                       150ps
   = Required time:                          4161ps
   - Propagation time:                       5002ps (70.1% logic, 29.9% route, logic stage 2)
   - Delay of the launching clock:           2324ps
   = Slack:                                 -3165ps

   Instance/Pin or Net Name              Type         ID    Location or Fanout   Delay(ps)  Edge  Arrival Time(ps)    Instance detail                                                                                         
   -----------------------------------------------------------------------------------------------------------------------------------------------------------------------------------------------------------------------------
   clk                                   CLOCK-PORT    -                     -     launch     r               0                                                                                                               
   clk                                   Clock net     2          (fanout=352)       2324                     -                                                                                                               
   RBB_13/CLK                            RBB_6L       13  [TILE 0 0, RBB 1 24]          -     r            2324                                                                                                               
   -----------------------------------------------------------------------------------------------------------------------------------------------------------------------------------------------------------------------------
   RBB_13/BQ                             RBB_6L       13  [TILE 0 0, RBB 1 24]        800     r            3124     {inst45: u_spi_target.o_rx_data_FDCE_Q_4 (FDCE,site=bff)}                                                 
   u_spi_target.o_rx_data[2]             Net          11            (fanout=2)       1495                     -                                                                                                               
   RBB_6/C1                              RBB_6L        6  [TILE 0 0, RBB 1 22]          -     r            4619                                                                                                               
   RBB_6/COUT                            RBB_6L        6  [TILE 0 0, RBB 1 22]       1803     r            6422     {inst40: u_spi_target.o_rx_data_CARRY4_S_1 (CARRY4)}                                                      
   u_spi_target.o_rx_data_CARRY4_S_1_CO  Net          84            (fanout=1)          0                     -                                                                                                               
   RBB_7/CIN                             RBB_6L        7  [TILE 0 0, RBB 4 22]          -     r            6422     {inst39: u_spi_target.o_rx_data_CARRY4_S (CARRY4)} {inst26: spi_miso_LUT6_I0_I1_FDCE_Q_1 (FDCE,site=dff)} 
   -----------------------------------------------------------------------------------------------------------------------------------------------------------------------------------------------------------------------------
   RBB_7/CLK                             RBB_6L        7  [TILE 0 0, RBB 4 22]        904     r            7326                                                                                                               
   clk                                   Clock net     2          (fanout=352)      -2311                     -                                                                                                               
   clk                                   CLOCK-PORT    -                     -    capture     r            5015                                                                                                               
   -----------------------------------------------------------------------------------------------------------------------------------------------------------------------------------------------------------------------------


Path 19:
   Slack (not met):                         -3148ps
     Path type:                               SETUP
     Group:                              <UDEF_clk>
     Launching clock:                           clk (rising edge)
     Capturing clock:                           clk (rising edge)

     Requested period:                       2000ps
   + Delay of the capturing clock:           2325ps
   - Clock uncertainty:                       150ps
   = Required time:                          4175ps
   - Propagation time:                       5005ps (65.3% logic, 34.7% route, logic stage 2)
   - Delay of the launching clock:           2318ps
   = Slack:                                 -3148ps

   Instance/Pin or Net Name       Type         ID    Location or Fanout   Delay(ps)  Edge  Arrival Time(ps)    Instance detail                                             
   --------------------------------------------------------------------------------------------------------------------------------------------------------------------------
   clk                            CLOCK-PORT    -                     -     launch     r               0                                                                   
   clk                            Clock net     2          (fanout=352)       2318                     -                                                                   
   RBB_10/CLK                     RBB_6L       10  [TILE 0 0, RBB 1 20]          -     r            2318                                                                   
   --------------------------------------------------------------------------------------------------------------------------------------------------------------------------
   RBB_10/CMUX                    RBB_6L       10  [TILE 0 0, RBB 1 20]       1380     r            3698     {inst49: u_spi_target.o_rx_data_valid_FDCE_D (FDC,site=cffo)} 
   rx_data_strobe_LUT2_O_I1[1]    Net          52            (fanout=1)        873                     -                                                                   
   RBB_9/A2                       RBB_6L        9  [TILE 0 0, RBB 1 18]          -     r            4571                                                                   
   RBB_9/A                        RBB_6L        9  [TILE 0 0, RBB 1 18]        759     r            5330     {inst22: rx_data_strobe_LUT2_O (LUT,site=alut)}               
   u_spi_target.o_rx_data_strobe  Net          17            (fanout=1)        866                     -                                                                   
   RBB_6/A6                       RBB_6L        6  [TILE 0 0, RBB 1 22]          -     r            6196     {<CE>inst15: rx_data_strobe_FDCE_CE_2 (FDCE,site=cff)}        
   --------------------------------------------------------------------------------------------------------------------------------------------------------------------------
   RBB_6/CLK                      RBB_6L        6  [TILE 0 0, RBB 1 22]       1127     r            7323                                                                   
   clk                            Clock net     2          (fanout=352)      -2325                     -                                                                   
   clk                            CLOCK-PORT    -                     -    capture     r            4998                                                                   
   --------------------------------------------------------------------------------------------------------------------------------------------------------------------------


Path 53:
   Slack (not met):                         -3134ps
     Path type:                               SETUP
     Group:                              <UDEF_clk>
     Launching clock:                           clk (rising edge)
     Capturing clock:                           clk (rising edge)

     Requested period:                       2000ps
   + Delay of the capturing clock:           2311ps
   - Clock uncertainty:                       150ps
   = Required time:                          4161ps
   - Propagation time:                       4971ps (69.9% logic, 30.1% route, logic stage 2)
   - Delay of the launching clock:           2324ps
   = Slack:                                 -3134ps

   Instance/Pin or Net Name              Type         ID    Location or Fanout   Delay(ps)  Edge  Arrival Time(ps)    Instance detail                                                                                                                               
   -------------------------------------------------------------------------------------------------------------------------------------------------------------------------------------------------------------------------------------------------------------------
   clk                                   CLOCK-PORT    -                     -     launch     r               0                                                                                                                                                     
   clk                                   Clock net     2          (fanout=352)       2324                     -                                                                                                                                                     
   RBB_13/CLK                            RBB_6L       13  [TILE 0 0, RBB 1 24]          -     r            2324                                                                                                                                                     
   -------------------------------------------------------------------------------------------------------------------------------------------------------------------------------------------------------------------------------------------------------------------
   RBB_13/BQ                             RBB_6L       13  [TILE 0 0, RBB 1 24]        800     r            3124     {inst45: u_spi_target.o_rx_data_FDCE_Q_4 (FDCE,site=bff)}                                                                                       
   u_spi_target.o_rx_data[2]             Net          11            (fanout=2)       1495                     -                                                                                                                                                     
   RBB_6/C1                              RBB_6L        6  [TILE 0 0, RBB 1 22]          -     r            4619                                                                                                                                                     
   RBB_6/COUT                            RBB_6L        6  [TILE 0 0, RBB 1 22]       1803     r            6422     {inst40: u_spi_target.o_rx_data_CARRY4_S_1 (CARRY4)}                                                                                            
   u_spi_target.o_rx_data_CARRY4_S_1_CO  Net          84            (fanout=1)          0                     -                                                                                                                                                     
   RBB_7/CIN                             RBB_6L        7  [TILE 0 0, RBB 4 22]          -     r            6422     {inst39: u_spi_target.o_rx_data_CARRY4_S (CARRY4)} {inst32: spi_miso_LUT6_I0_I1_FDCE_Q_D_LUT6_O_I1_FDCE_Q_D_LUT6_O_I1_FDCE_Q_1 (FDCE,site=bff)} 
   -------------------------------------------------------------------------------------------------------------------------------------------------------------------------------------------------------------------------------------------------------------------
   RBB_7/CLK                             RBB_6L        7  [TILE 0 0, RBB 4 22]        873     r            7295                                                                                                                                                     
   clk                                   Clock net     2          (fanout=352)      -2311                     -                                                                                                                                                     
   clk                                   CLOCK-PORT    -                     -    capture     r            4984                                                                                                                                                     
   -------------------------------------------------------------------------------------------------------------------------------------------------------------------------------------------------------------------------------------------------------------------


Path 26:
   Slack (not met):                         -3099ps
     Path type:                               SETUP
     Group:                              <UDEF_clk>
     Launching clock:                           clk (rising edge)
     Capturing clock:                           clk (rising edge)

     Requested period:                       2000ps
   + Delay of the capturing clock:           2318ps
   - Clock uncertainty:                       150ps
   = Required time:                          4168ps
   - Propagation time:                       4949ps (62.8% logic, 37.2% route, logic stage 2)
   - Delay of the launching clock:           2318ps
   = Slack:                                 -3099ps

   Instance/Pin or Net Name          Type         ID    Location or Fanout   Delay(ps)  Edge  Arrival Time(ps)    Instance detail                                                                                                                                                                                   
   -------------------------------------------------------------------------------------------------------------------------------------------------------------------------------------------------------------------------------------------------------------------------------------------------------------------
   clk                               CLOCK-PORT    -                     -     launch     r               0                                                                                                                                                                                                         
   clk                               Clock net     2          (fanout=352)       2318                     -                                                                                                                                                                                                         
   RBB_10/CLK                        RBB_6L       10  [TILE 0 0, RBB 1 20]          -     r            2318                                                                                                                                                                                                         
   -------------------------------------------------------------------------------------------------------------------------------------------------------------------------------------------------------------------------------------------------------------------------------------------------------------------
   RBB_10/DMUX                       RBB_6L       10  [TILE 0 0, RBB 1 20]       1466     r            3784     {inst37: spi_miso_en_INV_O_I_FDPE_Q (FDP,site=dffo)}                                                                                                                                                
   spi_miso_en_INV_O_I               Net          47            (fanout=2)        850                     -                                                                                                                                                                                                         
   RBB_12/A2                         RBB_6L       12  [TILE 0 0, RBB 1 16]          -     r            4634                                                                                                                                                                                                         
   RBB_12/A                          RBB_6L       12  [TILE 0 0, RBB 1 16]        759     r            5393     {inst38: spi_miso_en_INV_O_I_LUT2_I0 (LUT,site=alut)}                                                                                                                                               
   spi_miso_en_INV_O_I_LUT2_I0_O[1]  Net          46            (fanout=8)        989                     -                                                                                                                                                                                                         
   RBB_14/C4                         RBB_6L       14  [TILE 0 0, RBB 4 18]          -     r            6382     {inst33: spi_miso_LUT6_I0_I1_FDCE_Q_D_LUT6_O_I1_FDCE_Q_D_LUT6_O_I1_FDCE_Q_D_LUT6_O (LUT,site=clut,cluto)} {inst31: spi_miso_LUT6_I0_I1_FDCE_Q_D_LUT6_O_I1_FDCE_Q_D_LUT6_O_I1_FDCE_Q (FDC,site=cff)} 
   -------------------------------------------------------------------------------------------------------------------------------------------------------------------------------------------------------------------------------------------------------------------------------------------------------------------
   RBB_14/CLK                        RBB_6L       14  [TILE 0 0, RBB 4 18]        885     r            7267                                                                                                                                                                                                         
   clk                               Clock net     2          (fanout=352)      -2318                     -                                                                                                                                                                                                         
   clk                               CLOCK-PORT    -                     -    capture     r            4949                                                                                                                                                                                                         
   -------------------------------------------------------------------------------------------------------------------------------------------------------------------------------------------------------------------------------------------------------------------------------------------------------------------


Path 35:
   Slack (not met):                         -3082ps
     Path type:                               SETUP
     Group:                              <UDEF_clk>
     Launching clock:                           clk (rising edge)
     Capturing clock:                           clk (rising edge)

     Requested period:                       2000ps
   + Delay of the capturing clock:           2325ps
   - Clock uncertainty:                       150ps
   = Required time:                          4175ps
   - Propagation time:                       4939ps (64.8% logic, 35.2% route, logic stage 2)
   - Delay of the launching clock:           2318ps
   = Slack:                                 -3082ps

   Instance/Pin or Net Name       Type         ID    Location or Fanout   Delay(ps)  Edge  Arrival Time(ps)    Instance detail                                             
   --------------------------------------------------------------------------------------------------------------------------------------------------------------------------
   clk                            CLOCK-PORT    -                     -     launch     r               0                                                                   
   clk                            Clock net     2          (fanout=352)       2318                     -                                                                   
   RBB_10/CLK                     RBB_6L       10  [TILE 0 0, RBB 1 20]          -     r            2318                                                                   
   --------------------------------------------------------------------------------------------------------------------------------------------------------------------------
   RBB_10/CMUX                    RBB_6L       10  [TILE 0 0, RBB 1 20]       1380     r            3698     {inst49: u_spi_target.o_rx_data_valid_FDCE_D (FDC,site=cffo)} 
   rx_data_strobe_LUT2_O_I1[1]    Net          52            (fanout=1)        873                     -                                                                   
   RBB_9/A2                       RBB_6L        9  [TILE 0 0, RBB 1 18]          -     r            4571                                                                   
   RBB_9/A                        RBB_6L        9  [TILE 0 0, RBB 1 18]        759     r            5330     {inst22: rx_data_strobe_LUT2_O (LUT,site=alut)}               
   u_spi_target.o_rx_data_strobe  Net          17            (fanout=1)        866                     -                                                                   
   RBB_6/A6                       RBB_6L        6  [TILE 0 0, RBB 1 22]          -     r            6196     {<CE>inst20: rx_data_strobe_FDCE_CE_4 (FDCE,site=aff)}        
   --------------------------------------------------------------------------------------------------------------------------------------------------------------------------
   RBB_6/CLK                      RBB_6L        6  [TILE 0 0, RBB 1 22]       1061     r            7257                                                                   
   clk                            Clock net     2          (fanout=352)      -2325                     -                                                                   
   clk                            CLOCK-PORT    -                     -    capture     r            4932                                                                   
   --------------------------------------------------------------------------------------------------------------------------------------------------------------------------


Path 24:
   Slack (not met):                         -3082ps
     Path type:                               SETUP
     Group:                              <UDEF_clk>
     Launching clock:                           clk (rising edge)
     Capturing clock:                           clk (rising edge)

     Requested period:                       2000ps
   + Delay of the capturing clock:           2325ps
   - Clock uncertainty:                       150ps
   = Required time:                          4175ps
   - Propagation time:                       4939ps (64.8% logic, 35.2% route, logic stage 2)
   - Delay of the launching clock:           2318ps
   = Slack:                                 -3082ps

   Instance/Pin or Net Name       Type         ID    Location or Fanout   Delay(ps)  Edge  Arrival Time(ps)    Instance detail                                             
   --------------------------------------------------------------------------------------------------------------------------------------------------------------------------
   clk                            CLOCK-PORT    -                     -     launch     r               0                                                                   
   clk                            Clock net     2          (fanout=352)       2318                     -                                                                   
   RBB_10/CLK                     RBB_6L       10  [TILE 0 0, RBB 1 20]          -     r            2318                                                                   
   --------------------------------------------------------------------------------------------------------------------------------------------------------------------------
   RBB_10/CMUX                    RBB_6L       10  [TILE 0 0, RBB 1 20]       1380     r            3698     {inst49: u_spi_target.o_rx_data_valid_FDCE_D (FDC,site=cffo)} 
   rx_data_strobe_LUT2_O_I1[1]    Net          52            (fanout=1)        873                     -                                                                   
   RBB_9/A2                       RBB_6L        9  [TILE 0 0, RBB 1 18]          -     r            4571                                                                   
   RBB_9/A                        RBB_6L        9  [TILE 0 0, RBB 1 18]        759     r            5330     {inst22: rx_data_strobe_LUT2_O (LUT,site=alut)}               
   u_spi_target.o_rx_data_strobe  Net          17            (fanout=1)        866                     -                                                                   
   RBB_6/A6                       RBB_6L        6  [TILE 0 0, RBB 1 22]          -     r            6196     {<CE>inst18: rx_data_strobe_FDCE_CE_3 (FDCE,site=bff)}        
   --------------------------------------------------------------------------------------------------------------------------------------------------------------------------
   RBB_6/CLK                      RBB_6L        6  [TILE 0 0, RBB 1 22]       1061     r            7257                                                                   
   clk                            Clock net     2          (fanout=352)      -2325                     -                                                                   
   clk                            CLOCK-PORT    -                     -    capture     r            4932                                                                   
   --------------------------------------------------------------------------------------------------------------------------------------------------------------------------


Path 28:
   Slack (not met):                         -3067ps
     Path type:                               SETUP
     Group:                              <UDEF_clk>
     Launching clock:                           clk (rising edge)
     Capturing clock:                           clk (rising edge)

     Requested period:                       2000ps
   + Delay of the capturing clock:           2318ps
   - Clock uncertainty:                       150ps
   = Required time:                          4168ps
   - Propagation time:                       5076ps (57.8% logic, 42.2% route, logic stage 2)
   - Delay of the launching clock:           2159ps
   = Slack:                                 -3067ps

   Instance/Pin or Net Name          Type         ID    Location or Fanout   Delay(ps)  Edge  Arrival Time(ps)    Instance detail                                                                                                                     
   -----------------------------------------------------------------------------------------------------------------------------------------------------------------------------------------------------------------------------------------------------
   clk                               CLOCK-PORT    -                     -     launch     r               0                                                                                                                                           
   clk                               Clock net     2          (fanout=352)       2159                     -                                                                                                                                           
   RBB_12/CLK                        RBB_6L       12  [TILE 0 0, RBB 1 16]          -     r            2159                                                                                                                                           
   -----------------------------------------------------------------------------------------------------------------------------------------------------------------------------------------------------------------------------------------------------
   RBB_12/CMUX                       RBB_6L       12  [TILE 0 0, RBB 1 16]       1380     r            3539     {inst64: u_spi_target.r_sck_sync_FDCE_Q (FDC,site=cffo)}                                                                              
   u_spi_target.r_sck_sync[1]        Net          21            (fanout=3)        964                     -                                                                                                                                           
   RBB_14/A2                         RBB_6L       14  [TILE 0 0, RBB 4 18]          -     r            4503                                                                                                                                           
   RBB_14/A                          RBB_6L       14  [TILE 0 0, RBB 4 18]        653     r            5156     {inst71: u_spi_target.w_sck_edge_LUT2_O_I0_LUT2_I0 (LUT,site=alut)}                                                                   
   spi_miso_en_INV_O_I_LUT2_I0_O[0]  Net          45            (fanout=8)       1176                     -                                                                                                                                           
   RBB_10/C5                         RBB_6L       10  [TILE 0 0, RBB 1 20]          -     r            6332     {inst14: rx_data_strobe_FDCE_CE_1_Q_FDCE_Q_D_LUT6_O (LUT,site=clut,cluto)} {inst13: rx_data_strobe_FDCE_CE_1_Q_FDCE_Q (FDC,site=cff)} 
   -----------------------------------------------------------------------------------------------------------------------------------------------------------------------------------------------------------------------------------------------------
   RBB_10/CLK                        RBB_6L       10  [TILE 0 0, RBB 1 20]        903     r            7235                                                                                                                                           
   clk                               Clock net     2          (fanout=352)      -2318                     -                                                                                                                                           
   clk                               CLOCK-PORT    -                     -    capture     r            4917                                                                                                                                           
   -----------------------------------------------------------------------------------------------------------------------------------------------------------------------------------------------------------------------------------------------------


Path 12:
   Slack (not met):                         -3065ps
     Path type:                               SETUP
     Group:                              <UDEF_clk>
     Launching clock:                           clk (rising edge)
     Capturing clock:                           clk (rising edge)

     Requested period:                       2000ps
   + Delay of the capturing clock:           2318ps
   - Clock uncertainty:                       150ps
   = Required time:                          4168ps
   - Propagation time:                       4915ps (62.8% logic, 37.2% route, logic stage 2)
   - Delay of the launching clock:           2318ps
   = Slack:                                 -3065ps

   Instance/Pin or Net Name          Type         ID    Location or Fanout   Delay(ps)  Edge  Arrival Time(ps)    Instance detail                                                                                                                                             
   -----------------------------------------------------------------------------------------------------------------------------------------------------------------------------------------------------------------------------------------------------------------------------
   clk                               CLOCK-PORT    -                     -     launch     r               0                                                                                                                                                                   
   clk                               Clock net     2          (fanout=352)       2318                     -                                                                                                                                                                   
   RBB_10/CLK                        RBB_6L       10  [TILE 0 0, RBB 1 20]          -     r            2318                                                                                                                                                                   
   -----------------------------------------------------------------------------------------------------------------------------------------------------------------------------------------------------------------------------------------------------------------------------
   RBB_10/DMUX                       RBB_6L       10  [TILE 0 0, RBB 1 20]       1466     r            3784     {inst37: spi_miso_en_INV_O_I_FDPE_Q (FDP,site=dffo)}                                                                                                          
   spi_miso_en_INV_O_I               Net          47            (fanout=2)        850                     -                                                                                                                                                                   
   RBB_12/A2                         RBB_6L       12  [TILE 0 0, RBB 1 16]          -     r            4634                                                                                                                                                                   
   RBB_12/A                          RBB_6L       12  [TILE 0 0, RBB 1 16]        759     r            5393     {inst38: spi_miso_en_INV_O_I_LUT2_I0 (LUT,site=alut)}                                                                                                         
   spi_miso_en_INV_O_I_LUT2_I0_O[1]  Net          46            (fanout=8)        979                     -                                                                                                                                                                   
   RBB_14/D4                         RBB_6L       14  [TILE 0 0, RBB 4 18]          -     r            6372     {inst30: spi_miso_LUT6_I0_I1_FDCE_Q_D_LUT6_O_I1_FDCE_Q_D_LUT6_O (LUT,site=dlut,dluto)} {inst28: spi_miso_LUT6_I0_I1_FDCE_Q_D_LUT6_O_I1_FDCE_Q (FDC,site=dff)} 
   -----------------------------------------------------------------------------------------------------------------------------------------------------------------------------------------------------------------------------------------------------------------------------
   RBB_14/CLK                        RBB_6L       14  [TILE 0 0, RBB 4 18]        861     r            7233                                                                                                                                                                   
   clk                               Clock net     2          (fanout=352)      -2318                     -                                                                                                                                                                   
   clk                               CLOCK-PORT    -                     -    capture     r            4915                                                                                                                                                                   
   -----------------------------------------------------------------------------------------------------------------------------------------------------------------------------------------------------------------------------------------------------------------------------


Path 13:
   Slack (not met):                         -3059ps
     Path type:                               SETUP
     Group:                              <UDEF_clk>
     Launching clock:                           clk (rising edge)
     Capturing clock:                           clk (rising edge)

     Requested period:                       2000ps
   + Delay of the capturing clock:           2324ps
   - Clock uncertainty:                       150ps
   = Required time:                          4174ps
   - Propagation time:                       4915ps (58.3% logic, 41.7% route, logic stage 2)
   - Delay of the launching clock:           2318ps
   = Slack:                                 -3059ps

   Instance/Pin or Net Name              Type         ID    Location or Fanout   Delay(ps)  Edge  Arrival Time(ps)    Instance detail                                                  
   --------------------------------------------------------------------------------------------------------------------------------------------------------------------------------------
   clk                                   CLOCK-PORT    -                     -     launch     r               0                                                                        
   clk                                   Clock net     2          (fanout=352)       2318                     -                                                                        
   RBB_14/CLK                            RBB_6L       14  [TILE 0 0, RBB 4 18]          -     r            2318                                                                        
   --------------------------------------------------------------------------------------------------------------------------------------------------------------------------------------
   RBB_14/DMUX                           RBB_6L       14  [TILE 0 0, RBB 4 18]       1333     r            3651     {inst70: u_spi_target.w_sck_edge_LUT2_O_I0_FDCE_Q (FDC,site=dffo)} 
   u_spi_target.w_sck_edge_LUT2_O_I0[0]  Net          68            (fanout=2)        879                     -                                                                        
   RBB_9/D1                              RBB_6L        9  [TILE 0 0, RBB 1 18]          -     r            4530                                                                        
   RBB_9/DMUX                            RBB_6L        9  [TILE 0 0, RBB 1 18]        608     r            5138     {inst69: u_spi_target.w_sck_edge_LUT2_O (LUT,site=dluto)}          
   u_spi_target.w_sck_edge               Net          22            (fanout=8)       1172                     -                                                                        
   RBB_13/A6                             RBB_6L       13  [TILE 0 0, RBB 1 24]          -     r            6310     {<CE>inst46: u_spi_target.o_rx_data_FDCE_Q_5 (FDCE,site=aff)}      
   --------------------------------------------------------------------------------------------------------------------------------------------------------------------------------------
   RBB_13/CLK                            RBB_6L       13  [TILE 0 0, RBB 1 24]        923     r            7233                                                                        
   clk                                   Clock net     2          (fanout=352)      -2324                     -                                                                        
   clk                                   CLOCK-PORT    -                     -    capture     r            4909                                                                        
   --------------------------------------------------------------------------------------------------------------------------------------------------------------------------------------


Path 15:
   Slack (not met):                         -3059ps
     Path type:                               SETUP
     Group:                              <UDEF_clk>
     Launching clock:                           clk (rising edge)
     Capturing clock:                           clk (rising edge)

     Requested period:                       2000ps
   + Delay of the capturing clock:           2324ps
   - Clock uncertainty:                       150ps
   = Required time:                          4174ps
   - Propagation time:                       4915ps (58.3% logic, 41.7% route, logic stage 2)
   - Delay of the launching clock:           2318ps
   = Slack:                                 -3059ps

   Instance/Pin or Net Name              Type         ID    Location or Fanout   Delay(ps)  Edge  Arrival Time(ps)    Instance detail                                                  
   --------------------------------------------------------------------------------------------------------------------------------------------------------------------------------------
   clk                                   CLOCK-PORT    -                     -     launch     r               0                                                                        
   clk                                   Clock net     2          (fanout=352)       2318                     -                                                                        
   RBB_14/CLK                            RBB_6L       14  [TILE 0 0, RBB 4 18]          -     r            2318                                                                        
   --------------------------------------------------------------------------------------------------------------------------------------------------------------------------------------
   RBB_14/DMUX                           RBB_6L       14  [TILE 0 0, RBB 4 18]       1333     r            3651     {inst70: u_spi_target.w_sck_edge_LUT2_O_I0_FDCE_Q (FDC,site=dffo)} 
   u_spi_target.w_sck_edge_LUT2_O_I0[0]  Net          68            (fanout=2)        879                     -                                                                        
   RBB_9/D1                              RBB_6L        9  [TILE 0 0, RBB 1 18]          -     r            4530                                                                        
   RBB_9/DMUX                            RBB_6L        9  [TILE 0 0, RBB 1 18]        608     r            5138     {inst69: u_spi_target.w_sck_edge_LUT2_O (LUT,site=dluto)}          
   u_spi_target.w_sck_edge               Net          22            (fanout=8)       1172                     -                                                                        
   RBB_13/A6                             RBB_6L       13  [TILE 0 0, RBB 1 24]          -     r            6310     {<CE>inst43: u_spi_target.o_rx_data_FDCE_Q_2 (FDCE,site=cffo)}     
   --------------------------------------------------------------------------------------------------------------------------------------------------------------------------------------
   RBB_13/CLK                            RBB_6L       13  [TILE 0 0, RBB 1 24]        923     r            7233                                                                        
   clk                                   Clock net     2          (fanout=352)      -2324                     -                                                                        
   clk                                   CLOCK-PORT    -                     -    capture     r            4909                                                                        
   --------------------------------------------------------------------------------------------------------------------------------------------------------------------------------------


Path 14:
   Slack (not met):                         -3059ps
     Path type:                               SETUP
     Group:                              <UDEF_clk>
     Launching clock:                           clk (rising edge)
     Capturing clock:                           clk (rising edge)

     Requested period:                       2000ps
   + Delay of the capturing clock:           2324ps
   - Clock uncertainty:                       150ps
   = Required time:                          4174ps
   - Propagation time:                       4915ps (58.3% logic, 41.7% route, logic stage 2)
   - Delay of the launching clock:           2318ps
   = Slack:                                 -3059ps

   Instance/Pin or Net Name              Type         ID    Location or Fanout   Delay(ps)  Edge  Arrival Time(ps)    Instance detail                                                  
   --------------------------------------------------------------------------------------------------------------------------------------------------------------------------------------
   clk                                   CLOCK-PORT    -                     -     launch     r               0                                                                        
   clk                                   Clock net     2          (fanout=352)       2318                     -                                                                        
   RBB_14/CLK                            RBB_6L       14  [TILE 0 0, RBB 4 18]          -     r            2318                                                                        
   --------------------------------------------------------------------------------------------------------------------------------------------------------------------------------------
   RBB_14/DMUX                           RBB_6L       14  [TILE 0 0, RBB 4 18]       1333     r            3651     {inst70: u_spi_target.w_sck_edge_LUT2_O_I0_FDCE_Q (FDC,site=dffo)} 
   u_spi_target.w_sck_edge_LUT2_O_I0[0]  Net          68            (fanout=2)        879                     -                                                                        
   RBB_9/D1                              RBB_6L        9  [TILE 0 0, RBB 1 18]          -     r            4530                                                                        
   RBB_9/DMUX                            RBB_6L        9  [TILE 0 0, RBB 1 18]        608     r            5138     {inst69: u_spi_target.w_sck_edge_LUT2_O (LUT,site=dluto)}          
   u_spi_target.w_sck_edge               Net          22            (fanout=8)       1172                     -                                                                        
   RBB_13/A6                             RBB_6L       13  [TILE 0 0, RBB 1 24]          -     r            6310     {<CE>inst41: u_spi_target.o_rx_data_FDCE_Q (FDCE,site=cff)}        
   --------------------------------------------------------------------------------------------------------------------------------------------------------------------------------------
   RBB_13/CLK                            RBB_6L       13  [TILE 0 0, RBB 1 24]        923     r            7233                                                                        
   clk                                   Clock net     2          (fanout=352)      -2324                     -                                                                        
   clk                                   CLOCK-PORT    -                     -    capture     r            4909                                                                        
   --------------------------------------------------------------------------------------------------------------------------------------------------------------------------------------


Path 18:
   Slack (not met):                         -3059ps
     Path type:                               SETUP
     Group:                              <UDEF_clk>
     Launching clock:                           clk (rising edge)
     Capturing clock:                           clk (rising edge)

     Requested period:                       2000ps
   + Delay of the capturing clock:           2324ps
   - Clock uncertainty:                       150ps
   = Required time:                          4174ps
   - Propagation time:                       4915ps (58.3% logic, 41.7% route, logic stage 2)
   - Delay of the launching clock:           2318ps
   = Slack:                                 -3059ps

   Instance/Pin or Net Name              Type         ID    Location or Fanout   Delay(ps)  Edge  Arrival Time(ps)    Instance detail                                                  
   --------------------------------------------------------------------------------------------------------------------------------------------------------------------------------------
   clk                                   CLOCK-PORT    -                     -     launch     r               0                                                                        
   clk                                   Clock net     2          (fanout=352)       2318                     -                                                                        
   RBB_14/CLK                            RBB_6L       14  [TILE 0 0, RBB 4 18]          -     r            2318                                                                        
   --------------------------------------------------------------------------------------------------------------------------------------------------------------------------------------
   RBB_14/DMUX                           RBB_6L       14  [TILE 0 0, RBB 4 18]       1333     r            3651     {inst70: u_spi_target.w_sck_edge_LUT2_O_I0_FDCE_Q (FDC,site=dffo)} 
   u_spi_target.w_sck_edge_LUT2_O_I0[0]  Net          68            (fanout=2)        879                     -                                                                        
   RBB_9/D1                              RBB_6L        9  [TILE 0 0, RBB 1 18]          -     r            4530                                                                        
   RBB_9/DMUX                            RBB_6L        9  [TILE 0 0, RBB 1 18]        608     r            5138     {inst69: u_spi_target.w_sck_edge_LUT2_O (LUT,site=dluto)}          
   u_spi_target.w_sck_edge               Net          22            (fanout=8)       1172                     -                                                                        
   RBB_13/A6                             RBB_6L       13  [TILE 0 0, RBB 1 24]          -     r            6310     {<CE>inst45: u_spi_target.o_rx_data_FDCE_Q_4 (FDCE,site=bff)}      
   --------------------------------------------------------------------------------------------------------------------------------------------------------------------------------------
   RBB_13/CLK                            RBB_6L       13  [TILE 0 0, RBB 1 24]        923     r            7233                                                                        
   clk                                   Clock net     2          (fanout=352)      -2324                     -                                                                        
   clk                                   CLOCK-PORT    -                     -    capture     r            4909                                                                        
   --------------------------------------------------------------------------------------------------------------------------------------------------------------------------------------


Path 17:
   Slack (not met):                         -3059ps
     Path type:                               SETUP
     Group:                              <UDEF_clk>
     Launching clock:                           clk (rising edge)
     Capturing clock:                           clk (rising edge)

     Requested period:                       2000ps
   + Delay of the capturing clock:           2324ps
   - Clock uncertainty:                       150ps
   = Required time:                          4174ps
   - Propagation time:                       4915ps (58.3% logic, 41.7% route, logic stage 2)
   - Delay of the launching clock:           2318ps
   = Slack:                                 -3059ps

   Instance/Pin or Net Name              Type         ID    Location or Fanout   Delay(ps)  Edge  Arrival Time(ps)    Instance detail                                                  
   --------------------------------------------------------------------------------------------------------------------------------------------------------------------------------------
   clk                                   CLOCK-PORT    -                     -     launch     r               0                                                                        
   clk                                   Clock net     2          (fanout=352)       2318                     -                                                                        
   RBB_14/CLK                            RBB_6L       14  [TILE 0 0, RBB 4 18]          -     r            2318                                                                        
   --------------------------------------------------------------------------------------------------------------------------------------------------------------------------------------
   RBB_14/DMUX                           RBB_6L       14  [TILE 0 0, RBB 4 18]       1333     r            3651     {inst70: u_spi_target.w_sck_edge_LUT2_O_I0_FDCE_Q (FDC,site=dffo)} 
   u_spi_target.w_sck_edge_LUT2_O_I0[0]  Net          68            (fanout=2)        879                     -                                                                        
   RBB_9/D1                              RBB_6L        9  [TILE 0 0, RBB 1 18]          -     r            4530                                                                        
   RBB_9/DMUX                            RBB_6L        9  [TILE 0 0, RBB 1 18]        608     r            5138     {inst69: u_spi_target.w_sck_edge_LUT2_O (LUT,site=dluto)}          
   u_spi_target.w_sck_edge               Net          22            (fanout=8)       1172                     -                                                                        
   RBB_13/A6                             RBB_6L       13  [TILE 0 0, RBB 1 24]          -     r            6310     {<CE>inst44: u_spi_target.o_rx_data_FDCE_Q_3 (FDCE,site=dff)}      
   --------------------------------------------------------------------------------------------------------------------------------------------------------------------------------------
   RBB_13/CLK                            RBB_6L       13  [TILE 0 0, RBB 1 24]        923     r            7233                                                                        
   clk                                   Clock net     2          (fanout=352)      -2324                     -                                                                        
   clk                                   CLOCK-PORT    -                     -    capture     r            4909                                                                        
   --------------------------------------------------------------------------------------------------------------------------------------------------------------------------------------


Path 32:
   Slack (not met):                         -3025ps
     Path type:                               SETUP
     Group:                              <UDEF_clk>
     Launching clock:                           clk (rising edge)
     Capturing clock:                           clk (rising edge)

     Requested period:                       2000ps
   + Delay of the capturing clock:           2318ps
   - Clock uncertainty:                       150ps
   = Required time:                          4168ps
   - Propagation time:                       5034ps (57.5% logic, 42.5% route, logic stage 2)
   - Delay of the launching clock:           2159ps
   = Slack:                                 -3025ps

   Instance/Pin or Net Name          Type         ID    Location or Fanout   Delay(ps)  Edge  Arrival Time(ps)    Instance detail                                                                                                       
   ---------------------------------------------------------------------------------------------------------------------------------------------------------------------------------------------------------------------------------------
   clk                               CLOCK-PORT    -                     -     launch     r               0                                                                                                                             
   clk                               Clock net     2          (fanout=352)       2159                     -                                                                                                                             
   RBB_12/CLK                        RBB_6L       12  [TILE 0 0, RBB 1 16]          -     r            2159                                                                                                                             
   ---------------------------------------------------------------------------------------------------------------------------------------------------------------------------------------------------------------------------------------
   RBB_12/CMUX                       RBB_6L       12  [TILE 0 0, RBB 1 16]       1380     r            3539     {inst64: u_spi_target.r_sck_sync_FDCE_Q (FDC,site=cffo)}                                                                
   u_spi_target.r_sck_sync[1]        Net          21            (fanout=3)        964                     -                                                                                                                             
   RBB_14/A2                         RBB_6L       14  [TILE 0 0, RBB 4 18]          -     r            4503                                                                                                                             
   RBB_14/A                          RBB_6L       14  [TILE 0 0, RBB 4 18]        653     r            5156     {inst71: u_spi_target.w_sck_edge_LUT2_O_I0_LUT2_I0 (LUT,site=alut)}                                                     
   spi_miso_en_INV_O_I_LUT2_I0_O[0]  Net          45            (fanout=8)       1176                     -                                                                                                                             
   RBB_10/A5                         RBB_6L       10  [TILE 0 0, RBB 1 20]          -     r            6332     {inst21: rx_data_strobe_FDCE_CE_4_Q_LUT5_I1 (LUT,site=alut)} {inst19: rx_data_strobe_FDCE_CE_3_Q_FDCE_Q (FDC,site=aff)} 
   ---------------------------------------------------------------------------------------------------------------------------------------------------------------------------------------------------------------------------------------
   RBB_10/CLK                        RBB_6L       10  [TILE 0 0, RBB 1 20]        861     r            7193                                                                                                                             
   clk                               Clock net     2          (fanout=352)      -2318                     -                                                                                                                             
   clk                               CLOCK-PORT    -                     -    capture     r            4875                                                                                                                             
   ---------------------------------------------------------------------------------------------------------------------------------------------------------------------------------------------------------------------------------------


Path 33:
   Slack (not met):                         -3019ps
     Path type:                               SETUP
     Group:                              <UDEF_clk>
     Launching clock:                           clk (rising edge)
     Capturing clock:                           clk (rising edge)

     Requested period:                       2000ps
   + Delay of the capturing clock:           2318ps
   - Clock uncertainty:                       150ps
   = Required time:                          4168ps
   - Propagation time:                       5028ps (57.4% logic, 42.6% route, logic stage 2)
   - Delay of the launching clock:           2159ps
   = Slack:                                 -3019ps

   Instance/Pin or Net Name          Type         ID    Location or Fanout   Delay(ps)  Edge  Arrival Time(ps)    Instance detail                                                                                                                     
   -----------------------------------------------------------------------------------------------------------------------------------------------------------------------------------------------------------------------------------------------------
   clk                               CLOCK-PORT    -                     -     launch     r               0                                                                                                                                           
   clk                               Clock net     2          (fanout=352)       2159                     -                                                                                                                                           
   RBB_12/CLK                        RBB_6L       12  [TILE 0 0, RBB 1 16]          -     r            2159                                                                                                                                           
   -----------------------------------------------------------------------------------------------------------------------------------------------------------------------------------------------------------------------------------------------------
   RBB_12/CMUX                       RBB_6L       12  [TILE 0 0, RBB 1 16]       1380     r            3539     {inst64: u_spi_target.r_sck_sync_FDCE_Q (FDC,site=cffo)}                                                                              
   u_spi_target.r_sck_sync[1]        Net          21            (fanout=3)        964                     -                                                                                                                                           
   RBB_14/A2                         RBB_6L       14  [TILE 0 0, RBB 4 18]          -     r            4503                                                                                                                                           
   RBB_14/A                          RBB_6L       14  [TILE 0 0, RBB 4 18]        653     r            5156     {inst71: u_spi_target.w_sck_edge_LUT2_O_I0_LUT2_I0 (LUT,site=alut)}                                                                   
   spi_miso_en_INV_O_I_LUT2_I0_O[0]  Net          45            (fanout=8)       1176                     -                                                                                                                                           
   RBB_10/B5                         RBB_6L       10  [TILE 0 0, RBB 1 20]          -     r            6332     {inst17: rx_data_strobe_FDCE_CE_2_Q_FDCE_Q_D_LUT6_O (LUT,site=blut,bluto)} {inst16: rx_data_strobe_FDCE_CE_2_Q_FDCE_Q (FDC,site=bff)} 
   -----------------------------------------------------------------------------------------------------------------------------------------------------------------------------------------------------------------------------------------------------
   RBB_10/CLK                        RBB_6L       10  [TILE 0 0, RBB 1 20]        855     r            7187                                                                                                                                           
   clk                               Clock net     2          (fanout=352)      -2318                     -                                                                                                                                           
   clk                               CLOCK-PORT    -                     -    capture     r            4869                                                                                                                                           
   -----------------------------------------------------------------------------------------------------------------------------------------------------------------------------------------------------------------------------------------------------


Path 31:
   Slack (not met):                         -2989ps
     Path type:                               SETUP
     Group:                              <UDEF_clk>
     Launching clock:                           clk (rising edge)
     Capturing clock:                           clk (rising edge)

     Requested period:                       2000ps
   + Delay of the capturing clock:           2159ps
   - Clock uncertainty:                       150ps
   = Required time:                          4009ps
   - Propagation time:                       4839ps (60.2% logic, 39.8% route, logic stage 2)
   - Delay of the launching clock:           2159ps
   = Slack:                                 -2989ps

   Instance/Pin or Net Name          Type         ID    Location or Fanout   Delay(ps)  Edge  Arrival Time(ps)    Instance detail                                                                         
   ---------------------------------------------------------------------------------------------------------------------------------------------------------------------------------------------------------
   clk                               CLOCK-PORT    -                     -     launch     r               0                                                                                               
   clk                               Clock net     2          (fanout=352)       2159                     -                                                                                               
   RBB_12/CLK                        RBB_6L       12  [TILE 0 0, RBB 1 16]          -     r            2159                                                                                               
   ---------------------------------------------------------------------------------------------------------------------------------------------------------------------------------------------------------
   RBB_12/CMUX                       RBB_6L       12  [TILE 0 0, RBB 1 16]       1380     r            3539     {inst64: u_spi_target.r_sck_sync_FDCE_Q (FDC,site=cffo)}                                  
   u_spi_target.r_sck_sync[1]        Net          21            (fanout=3)        964                     -                                                                                               
   RBB_14/A2                         RBB_6L       14  [TILE 0 0, RBB 4 18]          -     r            4503                                                                                               
   RBB_14/A                          RBB_6L       14  [TILE 0 0, RBB 4 18]        653     r            5156     {inst71: u_spi_target.w_sck_edge_LUT2_O_I0_LUT2_I0 (LUT,site=alut)}                       
   spi_miso_en_INV_O_I_LUT2_I0_O[0]  Net          45            (fanout=8)        961                     -                                                                                               
   RBB_12/C4                         RBB_6L       12  [TILE 0 0, RBB 1 16]          -     r            6117     {inst24: spi_miso_LUT6_I0 (LUT,site=clut,cluto)} {inst23: spi_miso_FDCE_Q (FDC,site=cff)} 
   ---------------------------------------------------------------------------------------------------------------------------------------------------------------------------------------------------------
   RBB_12/CLK                        RBB_6L       12  [TILE 0 0, RBB 1 16]        881     r            6998                                                                                               
   clk                               Clock net     2          (fanout=352)      -2159                     -                                                                                               
   clk                               CLOCK-PORT    -                     -    capture     r            4839                                                                                               
   ---------------------------------------------------------------------------------------------------------------------------------------------------------------------------------------------------------


Path 10:
   Slack (not met):                         -2986ps
     Path type:                               SETUP
     Group:                              <UDEF_clk>
     Launching clock:                           clk (rising edge)
     Capturing clock:                           clk (rising edge)

     Requested period:                       2000ps
   + Delay of the capturing clock:           2318ps
   - Clock uncertainty:                       150ps
   = Required time:                          4168ps
   - Propagation time:                       4836ps (63.4% logic, 36.6% route, logic stage 2)
   - Delay of the launching clock:           2318ps
   = Slack:                                 -2986ps

   Instance/Pin or Net Name          Type         ID    Location or Fanout   Delay(ps)  Edge  Arrival Time(ps)    Instance detail                                                                                                       
   ---------------------------------------------------------------------------------------------------------------------------------------------------------------------------------------------------------------------------------------
   clk                               CLOCK-PORT    -                     -     launch     r               0                                                                                                                             
   clk                               Clock net     2          (fanout=352)       2318                     -                                                                                                                             
   RBB_10/CLK                        RBB_6L       10  [TILE 0 0, RBB 1 20]          -     r            2318                                                                                                                             
   ---------------------------------------------------------------------------------------------------------------------------------------------------------------------------------------------------------------------------------------
   RBB_10/DMUX                       RBB_6L       10  [TILE 0 0, RBB 1 20]       1466     r            3784     {inst37: spi_miso_en_INV_O_I_FDPE_Q (FDP,site=dffo)}                                                                    
   spi_miso_en_INV_O_I               Net          47            (fanout=2)        850                     -                                                                                                                             
   RBB_12/A2                         RBB_6L       12  [TILE 0 0, RBB 1 16]          -     r            4634                                                                                                                             
   RBB_12/A                          RBB_6L       12  [TILE 0 0, RBB 1 16]        759     r            5393     {inst38: spi_miso_en_INV_O_I_LUT2_I0 (LUT,site=alut)}                                                                   
   spi_miso_en_INV_O_I_LUT2_I0_O[1]  Net          46            (fanout=8)        918                     -                                                                                                                             
   RBB_10/A4                         RBB_6L       10  [TILE 0 0, RBB 1 20]          -     r            6311     {inst21: rx_data_strobe_FDCE_CE_4_Q_LUT5_I1 (LUT,site=alut)} {inst19: rx_data_strobe_FDCE_CE_3_Q_FDCE_Q (FDC,site=aff)} 
   ---------------------------------------------------------------------------------------------------------------------------------------------------------------------------------------------------------------------------------------
   RBB_10/CLK                        RBB_6L       10  [TILE 0 0, RBB 1 20]        843     r            7154                                                                                                                             
   clk                               Clock net     2          (fanout=352)      -2318                     -                                                                                                                             
   clk                               CLOCK-PORT    -                     -    capture     r            4836                                                                                                                             
   ---------------------------------------------------------------------------------------------------------------------------------------------------------------------------------------------------------------------------------------


Path 29:
   Slack (not met):                         -2970ps
     Path type:                               SETUP
     Group:                              <UDEF_clk>
     Launching clock:                           clk (rising edge)
     Capturing clock:                           clk (rising edge)

     Requested period:                       2000ps
   + Delay of the capturing clock:           2318ps
   - Clock uncertainty:                       150ps
   = Required time:                          4168ps
   - Propagation time:                       4820ps (63.4% logic, 36.6% route, logic stage 2)
   - Delay of the launching clock:           2318ps
   = Slack:                                 -2970ps

   Instance/Pin or Net Name          Type         ID    Location or Fanout   Delay(ps)  Edge  Arrival Time(ps)    Instance detail                                                                                                                     
   -----------------------------------------------------------------------------------------------------------------------------------------------------------------------------------------------------------------------------------------------------
   clk                               CLOCK-PORT    -                     -     launch     r               0                                                                                                                                           
   clk                               Clock net     2          (fanout=352)       2318                     -                                                                                                                                           
   RBB_10/CLK                        RBB_6L       10  [TILE 0 0, RBB 1 20]          -     r            2318                                                                                                                                           
   -----------------------------------------------------------------------------------------------------------------------------------------------------------------------------------------------------------------------------------------------------
   RBB_10/DMUX                       RBB_6L       10  [TILE 0 0, RBB 1 20]       1466     r            3784     {inst37: spi_miso_en_INV_O_I_FDPE_Q (FDP,site=dffo)}                                                                                  
   spi_miso_en_INV_O_I               Net          47            (fanout=2)        850                     -                                                                                                                                           
   RBB_12/A2                         RBB_6L       12  [TILE 0 0, RBB 1 16]          -     r            4634                                                                                                                                           
   RBB_12/A                          RBB_6L       12  [TILE 0 0, RBB 1 16]        759     r            5393     {inst38: spi_miso_en_INV_O_I_LUT2_I0 (LUT,site=alut)}                                                                                 
   spi_miso_en_INV_O_I_LUT2_I0_O[1]  Net          46            (fanout=8)        913                     -                                                                                                                                           
   RBB_10/B4                         RBB_6L       10  [TILE 0 0, RBB 1 20]          -     r            6306     {inst17: rx_data_strobe_FDCE_CE_2_Q_FDCE_Q_D_LUT6_O (LUT,site=blut,bluto)} {inst16: rx_data_strobe_FDCE_CE_2_Q_FDCE_Q (FDC,site=bff)} 
   -----------------------------------------------------------------------------------------------------------------------------------------------------------------------------------------------------------------------------------------------------
   RBB_10/CLK                        RBB_6L       10  [TILE 0 0, RBB 1 20]        832     r            7138                                                                                                                                           
   clk                               Clock net     2          (fanout=352)      -2318                     -                                                                                                                                           
   clk                               CLOCK-PORT    -                     -    capture     r            4820                                                                                                                                           
   -----------------------------------------------------------------------------------------------------------------------------------------------------------------------------------------------------------------------------------------------------


Path 30:
   Slack (not met):                         -2963ps
     Path type:                               SETUP
     Group:                              <UDEF_clk>
     Launching clock:                           clk (rising edge)
     Capturing clock:                           clk (rising edge)

     Requested period:                       2000ps
   + Delay of the capturing clock:           2318ps
   - Clock uncertainty:                       150ps
   = Required time:                          4168ps
   - Propagation time:                       4813ps (61.9% logic, 38.1% route, logic stage 2)
   - Delay of the launching clock:           2318ps
   = Slack:                                 -2963ps

   Instance/Pin or Net Name          Type         ID    Location or Fanout   Delay(ps)  Edge  Arrival Time(ps)    Instance detail                                                                                                                                                                                                                         
   ---------------------------------------------------------------------------------------------------------------------------------------------------------------------------------------------------------------------------------------------------------------------------------------------------------------------------------------------------------
   clk                               CLOCK-PORT    -                     -     launch     r               0                                                                                                                                                                                                                                               
   clk                               Clock net     2          (fanout=352)       2318                     -                                                                                                                                                                                                                                               
   RBB_10/CLK                        RBB_6L       10  [TILE 0 0, RBB 1 20]          -     r            2318                                                                                                                                                                                                                                               
   ---------------------------------------------------------------------------------------------------------------------------------------------------------------------------------------------------------------------------------------------------------------------------------------------------------------------------------------------------------
   RBB_10/DMUX                       RBB_6L       10  [TILE 0 0, RBB 1 20]       1466     r            3784     {inst37: spi_miso_en_INV_O_I_FDPE_Q (FDP,site=dffo)}                                                                                                                                                                                      
   spi_miso_en_INV_O_I               Net          47            (fanout=2)        850                     -                                                                                                                                                                                                                                               
   RBB_12/A2                         RBB_6L       12  [TILE 0 0, RBB 1 16]          -     r            4634                                                                                                                                                                                                                                               
   RBB_12/A                          RBB_6L       12  [TILE 0 0, RBB 1 16]        759     r            5393     {inst38: spi_miso_en_INV_O_I_LUT2_I0 (LUT,site=alut)}                                                                                                                                                                                     
   spi_miso_en_INV_O_I_LUT2_I0_O[1]  Net          46            (fanout=8)        986                     -                                                                                                                                                                                                                                               
   RBB_14/B4                         RBB_6L       14  [TILE 0 0, RBB 4 18]          -     r            6379     {inst35: spi_miso_LUT6_I0_I1_FDCE_Q_D_LUT6_O_I1_FDCE_Q_D_LUT6_O_I1_FDCE_Q_D_LUT6_O_I1_FDCE_Q_D_LUT6_O (LUT,site=blut,bluto)} {inst34: spi_miso_LUT6_I0_I1_FDCE_Q_D_LUT6_O_I1_FDCE_Q_D_LUT6_O_I1_FDCE_Q_D_LUT6_O_I1_FDCE_Q (FDC,site=bff)} 
   ---------------------------------------------------------------------------------------------------------------------------------------------------------------------------------------------------------------------------------------------------------------------------------------------------------------------------------------------------------
   RBB_14/CLK                        RBB_6L       14  [TILE 0 0, RBB 4 18]        752     r            7131                                                                                                                                                                                                                                               
   clk                               Clock net     2          (fanout=352)      -2318                     -                                                                                                                                                                                                                                               
   clk                               CLOCK-PORT    -                     -    capture     r            4813                                                                                                                                                                                                                                               
   ---------------------------------------------------------------------------------------------------------------------------------------------------------------------------------------------------------------------------------------------------------------------------------------------------------------------------------------------------------


Path 27:
   Slack (not met):                         -2962ps
     Path type:                               SETUP
     Group:                              <UDEF_clk>
     Launching clock:                           clk (rising edge)
     Capturing clock:                           clk (rising edge)

     Requested period:                       2000ps
   + Delay of the capturing clock:           2318ps
   - Clock uncertainty:                       150ps
   = Required time:                          4168ps
   - Propagation time:                       4812ps (63.5% logic, 36.5% route, logic stage 2)
   - Delay of the launching clock:           2318ps
   = Slack:                                 -2962ps

   Instance/Pin or Net Name          Type         ID    Location or Fanout   Delay(ps)  Edge  Arrival Time(ps)    Instance detail                                                                                                                     
   -----------------------------------------------------------------------------------------------------------------------------------------------------------------------------------------------------------------------------------------------------
   clk                               CLOCK-PORT    -                     -     launch     r               0                                                                                                                                           
   clk                               Clock net     2          (fanout=352)       2318                     -                                                                                                                                           
   RBB_10/CLK                        RBB_6L       10  [TILE 0 0, RBB 1 20]          -     r            2318                                                                                                                                           
   -----------------------------------------------------------------------------------------------------------------------------------------------------------------------------------------------------------------------------------------------------
   RBB_10/DMUX                       RBB_6L       10  [TILE 0 0, RBB 1 20]       1466     r            3784     {inst37: spi_miso_en_INV_O_I_FDPE_Q (FDP,site=dffo)}                                                                                  
   spi_miso_en_INV_O_I               Net          47            (fanout=2)        850                     -                                                                                                                                           
   RBB_12/A2                         RBB_6L       12  [TILE 0 0, RBB 1 16]          -     r            4634                                                                                                                                           
   RBB_12/A                          RBB_6L       12  [TILE 0 0, RBB 1 16]        759     r            5393     {inst38: spi_miso_en_INV_O_I_LUT2_I0 (LUT,site=alut)}                                                                                 
   spi_miso_en_INV_O_I_LUT2_I0_O[1]  Net          46            (fanout=8)        905                     -                                                                                                                                           
   RBB_10/C4                         RBB_6L       10  [TILE 0 0, RBB 1 20]          -     r            6298     {inst14: rx_data_strobe_FDCE_CE_1_Q_FDCE_Q_D_LUT6_O (LUT,site=clut,cluto)} {inst13: rx_data_strobe_FDCE_CE_1_Q_FDCE_Q (FDC,site=cff)} 
   -----------------------------------------------------------------------------------------------------------------------------------------------------------------------------------------------------------------------------------------------------
   RBB_10/CLK                        RBB_6L       10  [TILE 0 0, RBB 1 20]        832     r            7130                                                                                                                                           
   clk                               Clock net     2          (fanout=352)      -2318                     -                                                                                                                                           
   clk                               CLOCK-PORT    -                     -    capture     r            4812                                                                                                                                           
   -----------------------------------------------------------------------------------------------------------------------------------------------------------------------------------------------------------------------------------------------------


Path 9:
   Slack (not met):                         -2950ps
     Path type:                               SETUP
     Group:                              <UDEF_clk>
     Launching clock:                           clk (rising edge)
     Capturing clock:                           clk (rising edge)

     Requested period:                       2000ps
   + Delay of the capturing clock:           2159ps
   - Clock uncertainty:                       150ps
   = Required time:                          4009ps
   - Propagation time:                       4641ps (67.6% logic, 32.4% route, logic stage 2)
   - Delay of the launching clock:           2318ps
   = Slack:                                 -2950ps

   Instance/Pin or Net Name              Type         ID    Location or Fanout   Delay(ps)  Edge  Arrival Time(ps)    Instance detail                                                                                                                                                                                                     
   -----------------------------------------------------------------------------------------------------------------------------------------------------------------------------------------------------------------------------------------------------------------------------------------------------------------------------------------
   clk                                   CLOCK-PORT    -                     -     launch     r               0                                                                                                                                                                                                                           
   clk                                   Clock net     2          (fanout=352)       2318                     -                                                                                                                                                                                                                           
   RBB_14/CLK                            RBB_6L       14  [TILE 0 0, RBB 4 18]          -     r            2318                                                                                                                                                                                                                           
   -----------------------------------------------------------------------------------------------------------------------------------------------------------------------------------------------------------------------------------------------------------------------------------------------------------------------------------------
   RBB_14/DMUX                           RBB_6L       14  [TILE 0 0, RBB 4 18]       1333     r            3651     {inst70: u_spi_target.w_sck_edge_LUT2_O_I0_FDCE_Q (FDC,site=dffo)}                                                                                                                                                    
   u_spi_target.w_sck_edge_LUT2_O_I0[0]  Net          68            (fanout=2)        879                     -                                                                                                                                                                                                                           
   RBB_9/D1                              RBB_6L        9  [TILE 0 0, RBB 1 18]          -     r            4530                                                                                                                                                                                                                           
   RBB_9/DMUX                            RBB_6L        9  [TILE 0 0, RBB 1 18]        608     r            5138     {inst69: u_spi_target.w_sck_edge_LUT2_O (LUT,site=dluto)}                                                                                                                                                             
   u_spi_target.w_sck_edge               Net          22            (fanout=8)        623                     -                                                                                                                                                                                                                           
   RBB_12/D2                             RBB_6L       12  [TILE 0 0, RBB 1 16]          -     r            5761     {inst59: u_spi_target.o_rx_data_valid_FDCE_Q_CE_LUT6_O_I3_CARRY4_CO_S_INV_O_I_FDCE_Q_D_LUT3_O (LUT,site=dluto)} {inst58: u_spi_target.o_rx_data_valid_FDCE_Q_CE_LUT6_O_I3_CARRY4_CO_S_INV_O_I_FDCE_Q (FDC,site=dffo)} 
   -----------------------------------------------------------------------------------------------------------------------------------------------------------------------------------------------------------------------------------------------------------------------------------------------------------------------------------------
   RBB_12/CLK                            RBB_6L       12  [TILE 0 0, RBB 1 16]       1198     r            6959                                                                                                                                                                                                                           
   clk                                   Clock net     2          (fanout=352)      -2159                     -                                                                                                                                                                                                                           
   clk                                   CLOCK-PORT    -                     -    capture     r            4800                                                                                                                                                                                                                           
   -----------------------------------------------------------------------------------------------------------------------------------------------------------------------------------------------------------------------------------------------------------------------------------------------------------------------------------------


Path 114:
   Slack (not met):                         -2938ps
     Path type:                               SETUP
     Group:                              <UDEF_clk>
     Launching clock:                           clk (rising edge)
     Capturing clock:                           clk (rising edge)

     Requested period:                       2000ps
   + Delay of the capturing clock:           2318ps
   - Clock uncertainty:                       150ps
   = Required time:                          4168ps
   - Propagation time:                       4794ps (49.5% logic, 50.5% route, logic stage 2)
   - Delay of the launching clock:           2312ps
   = Slack:                                 -2938ps

   Instance/Pin or Net Name                                                           Type         ID    Location or Fanout   Delay(ps)  Edge  Arrival Time(ps)    Instance detail                                                                                                       
   ----------------------------------------------------------------------------------------------------------------------------------------------------------------------------------------------------------------------------------------------------------------------------------------
   clk                                                                                CLOCK-PORT    -                     -     launch     r               0                                                                                                                             
   clk                                                                                Clock net     2          (fanout=352)       2312                     -                                                                                                                             
   RBB_11/CLK                                                                         RBB_6L       11  [TILE 0 0, RBB 1 12]          -     r            2312                                                                                                                             
   ----------------------------------------------------------------------------------------------------------------------------------------------------------------------------------------------------------------------------------------------------------------------------------------
   RBB_11/DQ                                                                          RBB_6L       11  [TILE 0 0, RBB 1 12]        800     r            3112     {inst62: u_spi_target.o_rx_data_valid_FDCE_Q_CE_LUT6_O_I3_LUT5_I4_O_FDCE_D (FDC,site=dff)}                              
   u_spi_target.o_rx_data_valid_FDCE_Q_CE_LUT6_O_I3_LUT5_I4_O_FDCE_D_Q[0]             Net          36            (fanout=4)       1476                     -                                                                                                                             
   RBB_9/B5                                                                           RBB_6L        9  [TILE 0 0, RBB 1 18]          -     r            4588                                                                                                                             
   RBB_9/B                                                                            RBB_6L        9  [TILE 0 0, RBB 1 18]        729     r            5317     {inst60: u_spi_target.o_rx_data_valid_FDCE_Q_CE_LUT6_O_I3_CARRY4_CO_S_INV_O_I_LUT4_I3 (LUT,site=blut)}                  
   u_spi_target.o_rx_data_valid_FDCE_Q_CE_LUT6_O_I3_CARRY4_CO_S_INV_O_I_LUT4_I3_O[2]  Net          39            (fanout=6)        946                     -                                                                                                                             
   RBB_10/A2                                                                          RBB_6L       10  [TILE 0 0, RBB 1 20]          -     r            6263     {inst21: rx_data_strobe_FDCE_CE_4_Q_LUT5_I1 (LUT,site=alut)} {inst19: rx_data_strobe_FDCE_CE_3_Q_FDCE_Q (FDC,site=aff)} 
   ----------------------------------------------------------------------------------------------------------------------------------------------------------------------------------------------------------------------------------------------------------------------------------------
   RBB_10/CLK                                                                         RBB_6L       10  [TILE 0 0, RBB 1 20]        843     r            7106                                                                                                                             
   clk                                                                                Clock net     2          (fanout=352)      -2318                     -                                                                                                                             
   clk                                                                                CLOCK-PORT    -                     -    capture     r            4788                                                                                                                             
   ----------------------------------------------------------------------------------------------------------------------------------------------------------------------------------------------------------------------------------------------------------------------------------------


Path 45:
   Slack (not met):                         -2899ps
     Path type:                               SETUP
     Group:                              <UDEF_clk>
     Launching clock:                           clk (rising edge)
     Capturing clock:                           clk (rising edge)

     Requested period:                       2000ps
   + Delay of the capturing clock:           2159ps
   - Clock uncertainty:                       150ps
   = Required time:                          4009ps
   - Propagation time:                       4590ps (67.7% logic, 32.3% route, logic stage 2)
   - Delay of the launching clock:           2318ps
   = Slack:                                 -2899ps

   Instance/Pin or Net Name          Type         ID    Location or Fanout   Delay(ps)  Edge  Arrival Time(ps)    Instance detail                                                                         
   ---------------------------------------------------------------------------------------------------------------------------------------------------------------------------------------------------------
   clk                               CLOCK-PORT    -                     -     launch     r               0                                                                                               
   clk                               Clock net     2          (fanout=352)       2318                     -                                                                                               
   RBB_10/CLK                        RBB_6L       10  [TILE 0 0, RBB 1 20]          -     r            2318                                                                                               
   ---------------------------------------------------------------------------------------------------------------------------------------------------------------------------------------------------------
   RBB_10/DMUX                       RBB_6L       10  [TILE 0 0, RBB 1 20]       1466     r            3784     {inst37: spi_miso_en_INV_O_I_FDPE_Q (FDP,site=dffo)}                                      
   spi_miso_en_INV_O_I               Net          47            (fanout=2)        850                     -                                                                                               
   RBB_12/A2                         RBB_6L       12  [TILE 0 0, RBB 1 16]          -     r            4634                                                                                               
   RBB_12/A                          RBB_6L       12  [TILE 0 0, RBB 1 16]        759     r            5393     {inst38: spi_miso_en_INV_O_I_LUT2_I0 (LUT,site=alut)}                                     
   spi_miso_en_INV_O_I_LUT2_I0_O[1]  Net          46            (fanout=8)        634                     -                                                                                               
   RBB_12/C3                         RBB_6L       12  [TILE 0 0, RBB 1 16]          -     r            6027     {inst24: spi_miso_LUT6_I0 (LUT,site=clut,cluto)} {inst23: spi_miso_FDCE_Q (FDC,site=cff)} 
   ---------------------------------------------------------------------------------------------------------------------------------------------------------------------------------------------------------
   RBB_12/CLK                        RBB_6L       12  [TILE 0 0, RBB 1 16]        881     r            6908                                                                                               
   clk                               Clock net     2          (fanout=352)      -2159                     -                                                                                               
   clk                               CLOCK-PORT    -                     -    capture     r            4749                                                                                               
   ---------------------------------------------------------------------------------------------------------------------------------------------------------------------------------------------------------


Path 36:
   Slack (not met):                         -2898ps
     Path type:                               SETUP
     Group:                              <UDEF_clk>
     Launching clock:                           clk (rising edge)
     Capturing clock:                           clk (rising edge)

     Requested period:                       2000ps
   + Delay of the capturing clock:           2159ps
   - Clock uncertainty:                       150ps
   = Required time:                          4009ps
   - Propagation time:                       4748ps (59.6% logic, 40.4% route, logic stage 2)
   - Delay of the launching clock:           2159ps
   = Slack:                                 -2898ps

   Instance/Pin or Net Name          Type         ID    Location or Fanout   Delay(ps)  Edge  Arrival Time(ps)    Instance detail                                                                                                       
   ---------------------------------------------------------------------------------------------------------------------------------------------------------------------------------------------------------------------------------------
   clk                               CLOCK-PORT    -                     -     launch     r               0                                                                                                                             
   clk                               Clock net     2          (fanout=352)       2159                     -                                                                                                                             
   RBB_12/CLK                        RBB_6L       12  [TILE 0 0, RBB 1 16]          -     r            2159                                                                                                                             
   ---------------------------------------------------------------------------------------------------------------------------------------------------------------------------------------------------------------------------------------
   RBB_12/CMUX                       RBB_6L       12  [TILE 0 0, RBB 1 16]       1380     r            3539     {inst64: u_spi_target.r_sck_sync_FDCE_Q (FDC,site=cffo)}                                                                
   u_spi_target.r_sck_sync[1]        Net          21            (fanout=3)        964                     -                                                                                                                             
   RBB_14/A2                         RBB_6L       14  [TILE 0 0, RBB 4 18]          -     r            4503                                                                                                                             
   RBB_14/A                          RBB_6L       14  [TILE 0 0, RBB 4 18]        653     r            5156     {inst71: u_spi_target.w_sck_edge_LUT2_O_I0_LUT2_I0 (LUT,site=alut)}                                                     
   spi_miso_en_INV_O_I_LUT2_I0_O[0]  Net          45            (fanout=8)        956                     -                                                                                                                             
   RBB_12/B4                         RBB_6L       12  [TILE 0 0, RBB 1 16]          -     r            6112     {inst27: spi_miso_LUT6_I0_I1_FDCE_Q_D_LUT6_O (LUT,site=blut,bluto)} {inst25: spi_miso_LUT6_I0_I1_FDCE_Q (FDC,site=bff)} 
   ---------------------------------------------------------------------------------------------------------------------------------------------------------------------------------------------------------------------------------------
   RBB_12/CLK                        RBB_6L       12  [TILE 0 0, RBB 1 16]        795     r            6907                                                                                                                             
   clk                               Clock net     2          (fanout=352)      -2159                     -                                                                                                                             
   clk                               CLOCK-PORT    -                     -    capture     r            4748                                                                                                                             
   ---------------------------------------------------------------------------------------------------------------------------------------------------------------------------------------------------------------------------------------


Path 58:
   Slack (not met):                         -2882ps
     Path type:                               SETUP
     Group:                              <UDEF_clk>
     Launching clock:                           clk (rising edge)
     Capturing clock:                           clk (rising edge)

     Requested period:                       2000ps
   + Delay of the capturing clock:           2311ps
   - Clock uncertainty:                       150ps
   = Required time:                          4161ps
   - Propagation time:                       4719ps (68.3% logic, 31.7% route, logic stage 2)
   - Delay of the launching clock:           2324ps
   = Slack:                                 -2882ps

   Instance/Pin or Net Name              Type         ID    Location or Fanout   Delay(ps)  Edge  Arrival Time(ps)    Instance detail                                                                                   
   -----------------------------------------------------------------------------------------------------------------------------------------------------------------------------------------------------------------------
   clk                                   CLOCK-PORT    -                     -     launch     r               0                                                                                                         
   clk                                   Clock net     2          (fanout=352)       2324                     -                                                                                                         
   RBB_13/CLK                            RBB_6L       13  [TILE 0 0, RBB 1 24]          -     r            2324                                                                                                         
   -----------------------------------------------------------------------------------------------------------------------------------------------------------------------------------------------------------------------
   RBB_13/BQ                             RBB_6L       13  [TILE 0 0, RBB 1 24]        800     r            3124     {inst45: u_spi_target.o_rx_data_FDCE_Q_4 (FDCE,site=bff)}                                           
   u_spi_target.o_rx_data[2]             Net          11            (fanout=2)       1495                     -                                                                                                         
   RBB_6/C1                              RBB_6L        6  [TILE 0 0, RBB 1 22]          -     r            4619                                                                                                         
   RBB_6/COUT                            RBB_6L        6  [TILE 0 0, RBB 1 22]       1803     r            6422     {inst40: u_spi_target.o_rx_data_CARRY4_S_1 (CARRY4)}                                                
   u_spi_target.o_rx_data_CARRY4_S_1_CO  Net          84            (fanout=1)          0                     -                                                                                                         
   RBB_7/CIN                             RBB_6L        7  [TILE 0 0, RBB 4 22]          -     r            6422     {inst39: u_spi_target.o_rx_data_CARRY4_S (CARRY4)} {inst11: rx_data_strobe_FDCE_CE (FDCE,site=aff)} 
   -----------------------------------------------------------------------------------------------------------------------------------------------------------------------------------------------------------------------
   RBB_7/CLK                             RBB_6L        7  [TILE 0 0, RBB 4 22]        621     r            7043                                                                                                         
   clk                                   Clock net     2          (fanout=352)      -2311                     -                                                                                                         
   clk                                   CLOCK-PORT    -                     -    capture     r            4732                                                                                                         
   -----------------------------------------------------------------------------------------------------------------------------------------------------------------------------------------------------------------------


Path 5:
   Slack (not met):                         -2844ps
     Path type:                               SETUP
     Group:                              <UDEF_clk>
     Launching clock:                           clk (rising edge)
     Capturing clock:                           clk (rising edge)

     Requested period:                       2000ps
   + Delay of the capturing clock:           2353ps
   - Clock uncertainty:                       150ps
   = Required time:                          4203ps
   - Propagation time:                       4729ps (63.2% logic, 36.8% route, logic stage 2)
   - Delay of the launching clock:           2318ps
   = Slack:                                 -2844ps

   Instance/Pin or Net Name              Type         ID    Location or Fanout   Delay(ps)  Edge  Arrival Time(ps)    Instance detail                                                                               
   -------------------------------------------------------------------------------------------------------------------------------------------------------------------------------------------------------------------
   clk                                   CLOCK-PORT    -                     -     launch     r               0                                                                                                     
   clk                                   Clock net     2          (fanout=352)       2318                     -                                                                                                     
   RBB_14/CLK                            RBB_6L       14  [TILE 0 0, RBB 4 18]          -     r            2318                                                                                                     
   -------------------------------------------------------------------------------------------------------------------------------------------------------------------------------------------------------------------
   RBB_14/DMUX                           RBB_6L       14  [TILE 0 0, RBB 4 18]       1333     r            3651     {inst70: u_spi_target.w_sck_edge_LUT2_O_I0_FDCE_Q (FDC,site=dffo)}                              
   u_spi_target.w_sck_edge_LUT2_O_I0[0]  Net          68            (fanout=2)        879                     -                                                                                                     
   RBB_9/D1                              RBB_6L        9  [TILE 0 0, RBB 1 18]          -     r            4530                                                                                                     
   RBB_9/DMUX                            RBB_6L        9  [TILE 0 0, RBB 1 18]        608     r            5138     {inst69: u_spi_target.w_sck_edge_LUT2_O (LUT,site=dluto)}                                       
   u_spi_target.w_sck_edge               Net          22            (fanout=8)        859                     -                                                                                                     
   RBB_2/CE                              IOB           2  [TILE 0 0, RBB 0 22]          -     r            5997     {(input_port) inst77: g_77_spi_mosi_ibuf (IO)} {inst47: u_spi_target.o_rx_data_FDCE_Q_6 (FDCE)} 
   -------------------------------------------------------------------------------------------------------------------------------------------------------------------------------------------------------------------
   RBB_2/CLK                             IOB           2  [TILE 0 0, RBB 0 22]       1050     r            7047                                                                                                     
   clk                                   Clock net     2          (fanout=352)      -2353                     -                                                                                                     
   clk                                   CLOCK-PORT    -                     -    capture     r            4694                                                                                                     
   -------------------------------------------------------------------------------------------------------------------------------------------------------------------------------------------------------------------


Path 49:
   Slack (not met):                         -2831ps
     Path type:                               SETUP
     Group:                              <UDEF_clk>
     Launching clock:                           clk (rising edge)
     Capturing clock:                           clk (rising edge)

     Requested period:                       2000ps
   + Delay of the capturing clock:           2159ps
   - Clock uncertainty:                       150ps
   = Required time:                          4009ps
   - Propagation time:                       4522ps (66.9% logic, 33.1% route, logic stage 2)
   - Delay of the launching clock:           2318ps
   = Slack:                                 -2831ps

   Instance/Pin or Net Name          Type         ID    Location or Fanout   Delay(ps)  Edge  Arrival Time(ps)    Instance detail                                                                                                       
   ---------------------------------------------------------------------------------------------------------------------------------------------------------------------------------------------------------------------------------------
   clk                               CLOCK-PORT    -                     -     launch     r               0                                                                                                                             
   clk                               Clock net     2          (fanout=352)       2318                     -                                                                                                                             
   RBB_10/CLK                        RBB_6L       10  [TILE 0 0, RBB 1 20]          -     r            2318                                                                                                                             
   ---------------------------------------------------------------------------------------------------------------------------------------------------------------------------------------------------------------------------------------
   RBB_10/DMUX                       RBB_6L       10  [TILE 0 0, RBB 1 20]       1466     r            3784     {inst37: spi_miso_en_INV_O_I_FDPE_Q (FDP,site=dffo)}                                                                    
   spi_miso_en_INV_O_I               Net          47            (fanout=2)        850                     -                                                                                                                             
   RBB_12/A2                         RBB_6L       12  [TILE 0 0, RBB 1 16]          -     r            4634                                                                                                                             
   RBB_12/A                          RBB_6L       12  [TILE 0 0, RBB 1 16]        759     r            5393     {inst38: spi_miso_en_INV_O_I_LUT2_I0 (LUT,site=alut)}                                                                   
   spi_miso_en_INV_O_I_LUT2_I0_O[1]  Net          46            (fanout=8)        649                     -                                                                                                                             
   RBB_12/B3                         RBB_6L       12  [TILE 0 0, RBB 1 16]          -     r            6042     {inst27: spi_miso_LUT6_I0_I1_FDCE_Q_D_LUT6_O (LUT,site=blut,bluto)} {inst25: spi_miso_LUT6_I0_I1_FDCE_Q (FDC,site=bff)} 
   ---------------------------------------------------------------------------------------------------------------------------------------------------------------------------------------------------------------------------------------
   RBB_12/CLK                        RBB_6L       12  [TILE 0 0, RBB 1 16]        798     r            6840                                                                                                                             
   clk                               Clock net     2          (fanout=352)      -2159                     -                                                                                                                             
   clk                               CLOCK-PORT    -                     -    capture     r            4681                                                                                                                             
   ---------------------------------------------------------------------------------------------------------------------------------------------------------------------------------------------------------------------------------------


Path 117:
   Slack (not met):                         -2817ps
     Path type:                               SETUP
     Group:                              <UDEF_clk>
     Launching clock:                           clk (rising edge)
     Capturing clock:                           clk (rising edge)

     Requested period:                       2000ps
   + Delay of the capturing clock:           2318ps
   - Clock uncertainty:                       150ps
   = Required time:                          4168ps
   - Propagation time:                       4673ps (48.4% logic, 51.6% route, logic stage 2)
   - Delay of the launching clock:           2312ps
   = Slack:                                 -2817ps

   Instance/Pin or Net Name                                                           Type         ID    Location or Fanout   Delay(ps)  Edge  Arrival Time(ps)    Instance detail                                                                                                                                                                                   
   --------------------------------------------------------------------------------------------------------------------------------------------------------------------------------------------------------------------------------------------------------------------------------------------------------------------------------------------------------------------
   clk                                                                                CLOCK-PORT    -                     -     launch     r               0                                                                                                                                                                                                         
   clk                                                                                Clock net     2          (fanout=352)       2312                     -                                                                                                                                                                                                         
   RBB_11/CLK                                                                         RBB_6L       11  [TILE 0 0, RBB 1 12]          -     r            2312                                                                                                                                                                                                         
   --------------------------------------------------------------------------------------------------------------------------------------------------------------------------------------------------------------------------------------------------------------------------------------------------------------------------------------------------------------------
   RBB_11/DQ                                                                          RBB_6L       11  [TILE 0 0, RBB 1 12]        800     r            3112     {inst62: u_spi_target.o_rx_data_valid_FDCE_Q_CE_LUT6_O_I3_LUT5_I4_O_FDCE_D (FDC,site=dff)}                                                                                                          
   u_spi_target.o_rx_data_valid_FDCE_Q_CE_LUT6_O_I3_LUT5_I4_O_FDCE_D_Q[0]             Net          36            (fanout=4)       1476                     -                                                                                                                                                                                                         
   RBB_9/B5                                                                           RBB_6L        9  [TILE 0 0, RBB 1 18]          -     r            4588                                                                                                                                                                                                         
   RBB_9/B                                                                            RBB_6L        9  [TILE 0 0, RBB 1 18]        729     r            5317     {inst60: u_spi_target.o_rx_data_valid_FDCE_Q_CE_LUT6_O_I3_CARRY4_CO_S_INV_O_I_LUT4_I3 (LUT,site=blut)}                                                                                              
   u_spi_target.o_rx_data_valid_FDCE_Q_CE_LUT6_O_I3_CARRY4_CO_S_INV_O_I_LUT4_I3_O[2]  Net          39            (fanout=6)        937                     -                                                                                                                                                                                                         
   RBB_14/B6                                                                          RBB_6L       14  [TILE 0 0, RBB 4 18]          -     r            6254     {inst33: spi_miso_LUT6_I0_I1_FDCE_Q_D_LUT6_O_I1_FDCE_Q_D_LUT6_O_I1_FDCE_Q_D_LUT6_O (LUT,site=clut,cluto)} {inst31: spi_miso_LUT6_I0_I1_FDCE_Q_D_LUT6_O_I1_FDCE_Q_D_LUT6_O_I1_FDCE_Q (FDC,site=cff)} 
   --------------------------------------------------------------------------------------------------------------------------------------------------------------------------------------------------------------------------------------------------------------------------------------------------------------------------------------------------------------------
   RBB_14/CLK                                                                         RBB_6L       14  [TILE 0 0, RBB 4 18]        731     r            6985                                                                                                                                                                                                         
   clk                                                                                Clock net     2          (fanout=352)      -2318                     -                                                                                                                                                                                                         
   clk                                                                                CLOCK-PORT    -                     -    capture     r            4667                                                                                                                                                                                                         
   --------------------------------------------------------------------------------------------------------------------------------------------------------------------------------------------------------------------------------------------------------------------------------------------------------------------------------------------------------------------


Path 115:
   Slack (not met):                         -2790ps
     Path type:                               SETUP
     Group:                              <UDEF_clk>
     Launching clock:                           clk (rising edge)
     Capturing clock:                           clk (rising edge)

     Requested period:                       2000ps
   + Delay of the capturing clock:           2318ps
   - Clock uncertainty:                       150ps
   = Required time:                          4168ps
   - Propagation time:                       4646ps (48.1% logic, 51.9% route, logic stage 2)
   - Delay of the launching clock:           2312ps
   = Slack:                                 -2790ps

   Instance/Pin or Net Name                                                           Type         ID    Location or Fanout   Delay(ps)  Edge  Arrival Time(ps)    Instance detail                                                                                                                                             
   ------------------------------------------------------------------------------------------------------------------------------------------------------------------------------------------------------------------------------------------------------------------------------------------------------------------------------
   clk                                                                                CLOCK-PORT    -                     -     launch     r               0                                                                                                                                                                   
   clk                                                                                Clock net     2          (fanout=352)       2312                     -                                                                                                                                                                   
   RBB_11/CLK                                                                         RBB_6L       11  [TILE 0 0, RBB 1 12]          -     r            2312                                                                                                                                                                   
   ------------------------------------------------------------------------------------------------------------------------------------------------------------------------------------------------------------------------------------------------------------------------------------------------------------------------------
   RBB_11/DQ                                                                          RBB_6L       11  [TILE 0 0, RBB 1 12]        800     r            3112     {inst62: u_spi_target.o_rx_data_valid_FDCE_Q_CE_LUT6_O_I3_LUT5_I4_O_FDCE_D (FDC,site=dff)}                                                                    
   u_spi_target.o_rx_data_valid_FDCE_Q_CE_LUT6_O_I3_LUT5_I4_O_FDCE_D_Q[0]             Net          36            (fanout=4)       1476                     -                                                                                                                                                                   
   RBB_9/B5                                                                           RBB_6L        9  [TILE 0 0, RBB 1 18]          -     r            4588                                                                                                                                                                   
   RBB_9/B                                                                            RBB_6L        9  [TILE 0 0, RBB 1 18]        729     r            5317     {inst60: u_spi_target.o_rx_data_valid_FDCE_Q_CE_LUT6_O_I3_CARRY4_CO_S_INV_O_I_LUT4_I3 (LUT,site=blut)}                                                        
   u_spi_target.o_rx_data_valid_FDCE_Q_CE_LUT6_O_I3_CARRY4_CO_S_INV_O_I_LUT4_I3_O[2]  Net          39            (fanout=6)        937                     -                                                                                                                                                                   
   RBB_14/B6                                                                          RBB_6L       14  [TILE 0 0, RBB 4 18]          -     r            6254     {inst30: spi_miso_LUT6_I0_I1_FDCE_Q_D_LUT6_O_I1_FDCE_Q_D_LUT6_O (LUT,site=dlut,dluto)} {inst28: spi_miso_LUT6_I0_I1_FDCE_Q_D_LUT6_O_I1_FDCE_Q (FDC,site=dff)} 
   ------------------------------------------------------------------------------------------------------------------------------------------------------------------------------------------------------------------------------------------------------------------------------------------------------------------------------
   RBB_14/CLK                                                                         RBB_6L       14  [TILE 0 0, RBB 4 18]        704     r            6958                                                                                                                                                                   
   clk                                                                                Clock net     2          (fanout=352)      -2318                     -                                                                                                                                                                   
   clk                                                                                CLOCK-PORT    -                     -    capture     r            4640                                                                                                                                                                   
   ------------------------------------------------------------------------------------------------------------------------------------------------------------------------------------------------------------------------------------------------------------------------------------------------------------------------------


Path 7:
   Slack (not met):                         -2783ps
     Path type:                               SETUP
     Group:                              <UDEF_clk>
     Launching clock:                           clk (rising edge)
     Capturing clock:                           clk (rising edge)

     Requested period:                       2000ps
   + Delay of the capturing clock:           2312ps
   - Clock uncertainty:                       150ps
   = Required time:                          4162ps
   - Propagation time:                       4627ps (61.4% logic, 38.6% route, logic stage 2)
   - Delay of the launching clock:           2318ps
   = Slack:                                 -2783ps

   Instance/Pin or Net Name              Type         ID    Location or Fanout   Delay(ps)  Edge  Arrival Time(ps)    Instance detail                                                                                                                                                             
   -------------------------------------------------------------------------------------------------------------------------------------------------------------------------------------------------------------------------------------------------------------------------------------------------
   clk                                   CLOCK-PORT    -                     -     launch     r               0                                                                                                                                                                                   
   clk                                   Clock net     2          (fanout=352)       2318                     -                                                                                                                                                                                   
   RBB_14/CLK                            RBB_6L       14  [TILE 0 0, RBB 4 18]          -     r            2318                                                                                                                                                                                   
   -------------------------------------------------------------------------------------------------------------------------------------------------------------------------------------------------------------------------------------------------------------------------------------------------
   RBB_14/DMUX                           RBB_6L       14  [TILE 0 0, RBB 4 18]       1333     r            3651     {inst70: u_spi_target.w_sck_edge_LUT2_O_I0_FDCE_Q (FDC,site=dffo)}                                                                                                            
   u_spi_target.w_sck_edge_LUT2_O_I0[0]  Net          68            (fanout=2)        879                     -                                                                                                                                                                                   
   RBB_9/D1                              RBB_6L        9  [TILE 0 0, RBB 1 18]          -     r            4530                                                                                                                                                                                   
   RBB_9/DMUX                            RBB_6L        9  [TILE 0 0, RBB 1 18]        608     r            5138     {inst69: u_spi_target.w_sck_edge_LUT2_O (LUT,site=dluto)}                                                                                                                     
   u_spi_target.w_sck_edge               Net          22            (fanout=8)        908                     -                                                                                                                                                                                   
   RBB_11/D1                             RBB_6L       11  [TILE 0 0, RBB 1 12]          -     r            6046     {inst61: u_spi_target.o_rx_data_valid_FDCE_Q_CE_LUT6_O_I3_LUT5_I4 (LUT,site=dlut)} {inst62: u_spi_target.o_rx_data_valid_FDCE_Q_CE_LUT6_O_I3_LUT5_I4_O_FDCE_D (FDC,site=dff)} 
   -------------------------------------------------------------------------------------------------------------------------------------------------------------------------------------------------------------------------------------------------------------------------------------------------
   RBB_11/CLK                            RBB_6L       11  [TILE 0 0, RBB 1 12]        899     r            6945                                                                                                                                                                                   
   clk                                   Clock net     2          (fanout=352)      -2312                     -                                                                                                                                                                                   
   clk                                   CLOCK-PORT    -                     -    capture     r            4633                                                                                                                                                                                   
   -------------------------------------------------------------------------------------------------------------------------------------------------------------------------------------------------------------------------------------------------------------------------------------------------


Path 118:
   Slack (not met):                         -2780ps
     Path type:                               SETUP
     Group:                              <UDEF_clk>
     Launching clock:                           clk (rising edge)
     Capturing clock:                           clk (rising edge)

     Requested period:                       2000ps
   + Delay of the capturing clock:           2318ps
   - Clock uncertainty:                       150ps
   = Required time:                          4168ps
   - Propagation time:                       4636ps (48.1% logic, 51.9% route, logic stage 2)
   - Delay of the launching clock:           2312ps
   = Slack:                                 -2780ps

   Instance/Pin or Net Name                                                           Type         ID    Location or Fanout   Delay(ps)  Edge  Arrival Time(ps)    Instance detail                                                                                                                     
   ------------------------------------------------------------------------------------------------------------------------------------------------------------------------------------------------------------------------------------------------------------------------------------------------------
   clk                                                                                CLOCK-PORT    -                     -     launch     r               0                                                                                                                                           
   clk                                                                                Clock net     2          (fanout=352)       2312                     -                                                                                                                                           
   RBB_11/CLK                                                                         RBB_6L       11  [TILE 0 0, RBB 1 12]          -     r            2312                                                                                                                                           
   ------------------------------------------------------------------------------------------------------------------------------------------------------------------------------------------------------------------------------------------------------------------------------------------------------
   RBB_11/DQ                                                                          RBB_6L       11  [TILE 0 0, RBB 1 12]        800     r            3112     {inst62: u_spi_target.o_rx_data_valid_FDCE_Q_CE_LUT6_O_I3_LUT5_I4_O_FDCE_D (FDC,site=dff)}                                            
   u_spi_target.o_rx_data_valid_FDCE_Q_CE_LUT6_O_I3_LUT5_I4_O_FDCE_D_Q[0]             Net          36            (fanout=4)       1476                     -                                                                                                                                           
   RBB_9/B5                                                                           RBB_6L        9  [TILE 0 0, RBB 1 18]          -     r            4588                                                                                                                                           
   RBB_9/B                                                                            RBB_6L        9  [TILE 0 0, RBB 1 18]        729     r            5317     {inst60: u_spi_target.o_rx_data_valid_FDCE_Q_CE_LUT6_O_I3_CARRY4_CO_S_INV_O_I_LUT4_I3 (LUT,site=blut)}                                
   u_spi_target.o_rx_data_valid_FDCE_Q_CE_LUT6_O_I3_CARRY4_CO_S_INV_O_I_LUT4_I3_O[2]  Net          39            (fanout=6)        928                     -                                                                                                                                           
   RBB_10/B6                                                                          RBB_6L       10  [TILE 0 0, RBB 1 20]          -     r            6245     {inst17: rx_data_strobe_FDCE_CE_2_Q_FDCE_Q_D_LUT6_O (LUT,site=blut,bluto)} {inst16: rx_data_strobe_FDCE_CE_2_Q_FDCE_Q (FDC,site=bff)} 
   ------------------------------------------------------------------------------------------------------------------------------------------------------------------------------------------------------------------------------------------------------------------------------------------------------
   RBB_10/CLK                                                                         RBB_6L       10  [TILE 0 0, RBB 1 20]        703     r            6948                                                                                                                                           
   clk                                                                                Clock net     2          (fanout=352)      -2318                     -                                                                                                                                           
   clk                                                                                CLOCK-PORT    -                     -    capture     r            4630                                                                                                                                           
   ------------------------------------------------------------------------------------------------------------------------------------------------------------------------------------------------------------------------------------------------------------------------------------------------------


Path 119:
   Slack (not met):                         -2750ps
     Path type:                               SETUP
     Group:                              <UDEF_clk>
     Launching clock:                           clk (rising edge)
     Capturing clock:                           clk (rising edge)

     Requested period:                       2000ps
   + Delay of the capturing clock:           2318ps
   - Clock uncertainty:                       150ps
   = Required time:                          4168ps
   - Propagation time:                       4606ps (47.8% logic, 52.2% route, logic stage 2)
   - Delay of the launching clock:           2312ps
   = Slack:                                 -2750ps

   Instance/Pin or Net Name                                                           Type         ID    Location or Fanout   Delay(ps)  Edge  Arrival Time(ps)    Instance detail                                                                                                                     
   ------------------------------------------------------------------------------------------------------------------------------------------------------------------------------------------------------------------------------------------------------------------------------------------------------
   clk                                                                                CLOCK-PORT    -                     -     launch     r               0                                                                                                                                           
   clk                                                                                Clock net     2          (fanout=352)       2312                     -                                                                                                                                           
   RBB_11/CLK                                                                         RBB_6L       11  [TILE 0 0, RBB 1 12]          -     r            2312                                                                                                                                           
   ------------------------------------------------------------------------------------------------------------------------------------------------------------------------------------------------------------------------------------------------------------------------------------------------------
   RBB_11/DQ                                                                          RBB_6L       11  [TILE 0 0, RBB 1 12]        800     r            3112     {inst62: u_spi_target.o_rx_data_valid_FDCE_Q_CE_LUT6_O_I3_LUT5_I4_O_FDCE_D (FDC,site=dff)}                                            
   u_spi_target.o_rx_data_valid_FDCE_Q_CE_LUT6_O_I3_LUT5_I4_O_FDCE_D_Q[0]             Net          36            (fanout=4)       1476                     -                                                                                                                                           
   RBB_9/B5                                                                           RBB_6L        9  [TILE 0 0, RBB 1 18]          -     r            4588                                                                                                                                           
   RBB_9/B                                                                            RBB_6L        9  [TILE 0 0, RBB 1 18]        729     r            5317     {inst60: u_spi_target.o_rx_data_valid_FDCE_Q_CE_LUT6_O_I3_CARRY4_CO_S_INV_O_I_LUT4_I3 (LUT,site=blut)}                                
   u_spi_target.o_rx_data_valid_FDCE_Q_CE_LUT6_O_I3_CARRY4_CO_S_INV_O_I_LUT4_I3_O[2]  Net          39            (fanout=6)        928                     -                                                                                                                                           
   RBB_10/B6                                                                          RBB_6L       10  [TILE 0 0, RBB 1 20]          -     r            6245     {inst14: rx_data_strobe_FDCE_CE_1_Q_FDCE_Q_D_LUT6_O (LUT,site=clut,cluto)} {inst13: rx_data_strobe_FDCE_CE_1_Q_FDCE_Q (FDC,site=cff)} 
   ------------------------------------------------------------------------------------------------------------------------------------------------------------------------------------------------------------------------------------------------------------------------------------------------------
   RBB_10/CLK                                                                         RBB_6L       10  [TILE 0 0, RBB 1 20]        673     r            6918                                                                                                                                           
   clk                                                                                Clock net     2          (fanout=352)      -2318                     -                                                                                                                                           
   clk                                                                                CLOCK-PORT    -                     -    capture     r            4600                                                                                                                                           
   ------------------------------------------------------------------------------------------------------------------------------------------------------------------------------------------------------------------------------------------------------------------------------------------------------


Path 116:
   Slack (not met):                         -2746ps
     Path type:                               SETUP
     Group:                              <UDEF_clk>
     Launching clock:                           clk (rising edge)
     Capturing clock:                           clk (rising edge)

     Requested period:                       2000ps
   + Delay of the capturing clock:           2318ps
   - Clock uncertainty:                       150ps
   = Required time:                          4168ps
   - Propagation time:                       4602ps (47.6% logic, 52.4% route, logic stage 2)
   - Delay of the launching clock:           2312ps
   = Slack:                                 -2746ps

   Instance/Pin or Net Name                                                           Type         ID    Location or Fanout   Delay(ps)  Edge  Arrival Time(ps)    Instance detail                                                                                                                                                                                                                         
   ----------------------------------------------------------------------------------------------------------------------------------------------------------------------------------------------------------------------------------------------------------------------------------------------------------------------------------------------------------------------------------------------------------
   clk                                                                                CLOCK-PORT    -                     -     launch     r               0                                                                                                                                                                                                                                               
   clk                                                                                Clock net     2          (fanout=352)       2312                     -                                                                                                                                                                                                                                               
   RBB_11/CLK                                                                         RBB_6L       11  [TILE 0 0, RBB 1 12]          -     r            2312                                                                                                                                                                                                                                               
   ----------------------------------------------------------------------------------------------------------------------------------------------------------------------------------------------------------------------------------------------------------------------------------------------------------------------------------------------------------------------------------------------------------
   RBB_11/DQ                                                                          RBB_6L       11  [TILE 0 0, RBB 1 12]        800     r            3112     {inst62: u_spi_target.o_rx_data_valid_FDCE_Q_CE_LUT6_O_I3_LUT5_I4_O_FDCE_D (FDC,site=dff)}                                                                                                                                                
   u_spi_target.o_rx_data_valid_FDCE_Q_CE_LUT6_O_I3_LUT5_I4_O_FDCE_D_Q[0]             Net          36            (fanout=4)       1476                     -                                                                                                                                                                                                                                               
   RBB_9/B5                                                                           RBB_6L        9  [TILE 0 0, RBB 1 18]          -     r            4588                                                                                                                                                                                                                                               
   RBB_9/B                                                                            RBB_6L        9  [TILE 0 0, RBB 1 18]        729     r            5317     {inst60: u_spi_target.o_rx_data_valid_FDCE_Q_CE_LUT6_O_I3_CARRY4_CO_S_INV_O_I_LUT4_I3 (LUT,site=blut)}                                                                                                                                    
   u_spi_target.o_rx_data_valid_FDCE_Q_CE_LUT6_O_I3_CARRY4_CO_S_INV_O_I_LUT4_I3_O[2]  Net          39            (fanout=6)        937                     -                                                                                                                                                                                                                                               
   RBB_14/B6                                                                          RBB_6L       14  [TILE 0 0, RBB 4 18]          -     r            6254     {inst35: spi_miso_LUT6_I0_I1_FDCE_Q_D_LUT6_O_I1_FDCE_Q_D_LUT6_O_I1_FDCE_Q_D_LUT6_O_I1_FDCE_Q_D_LUT6_O (LUT,site=blut,bluto)} {inst34: spi_miso_LUT6_I0_I1_FDCE_Q_D_LUT6_O_I1_FDCE_Q_D_LUT6_O_I1_FDCE_Q_D_LUT6_O_I1_FDCE_Q (FDC,site=bff)} 
   ----------------------------------------------------------------------------------------------------------------------------------------------------------------------------------------------------------------------------------------------------------------------------------------------------------------------------------------------------------------------------------------------------------
   RBB_14/CLK                                                                         RBB_6L       14  [TILE 0 0, RBB 4 18]        660     r            6914                                                                                                                                                                                                                                               
   clk                                                                                Clock net     2          (fanout=352)      -2318                     -                                                                                                                                                                                                                                               
   clk                                                                                CLOCK-PORT    -                     -    capture     r            4596                                                                                                                                                                                                                                               
   ----------------------------------------------------------------------------------------------------------------------------------------------------------------------------------------------------------------------------------------------------------------------------------------------------------------------------------------------------------------------------------------------------------


Path 120:
   Slack (not met):                         -2700ps
     Path type:                               SETUP
     Group:                              <UDEF_clk>
     Launching clock:                           clk (rising edge)
     Capturing clock:                           clk (rising edge)

     Requested period:                       2000ps
   + Delay of the capturing clock:           2319ps
   - Clock uncertainty:                       150ps
   = Required time:                          4169ps
   - Propagation time:                       4557ps (53.9% logic, 46.1% route, logic stage 2)
   - Delay of the launching clock:           2312ps
   = Slack:                                 -2700ps

   Instance/Pin or Net Name                                                           Type         ID    Location or Fanout   Delay(ps)  Edge  Arrival Time(ps)    Instance detail                                                                                                                    
   -----------------------------------------------------------------------------------------------------------------------------------------------------------------------------------------------------------------------------------------------------------------------------------------------------
   clk                                                                                CLOCK-PORT    -                     -     launch     r               0                                                                                                                                          
   clk                                                                                Clock net     2          (fanout=352)       2312                     -                                                                                                                                          
   RBB_11/CLK                                                                         RBB_6L       11  [TILE 0 0, RBB 1 12]          -     r            2312                                                                                                                                          
   -----------------------------------------------------------------------------------------------------------------------------------------------------------------------------------------------------------------------------------------------------------------------------------------------------
   RBB_11/DQ                                                                          RBB_6L       11  [TILE 0 0, RBB 1 12]        800     r            3112     {inst62: u_spi_target.o_rx_data_valid_FDCE_Q_CE_LUT6_O_I3_LUT5_I4_O_FDCE_D (FDC,site=dff)}                                           
   u_spi_target.o_rx_data_valid_FDCE_Q_CE_LUT6_O_I3_LUT5_I4_O_FDCE_D_Q[0]             Net          36            (fanout=4)       1476                     -                                                                                                                                          
   RBB_9/B5                                                                           RBB_6L        9  [TILE 0 0, RBB 1 18]          -     r            4588                                                                                                                                          
   RBB_9/B                                                                            RBB_6L        9  [TILE 0 0, RBB 1 18]        729     r            5317     {inst60: u_spi_target.o_rx_data_valid_FDCE_Q_CE_LUT6_O_I3_CARRY4_CO_S_INV_O_I_LUT4_I3 (LUT,site=blut)}                               
   u_spi_target.o_rx_data_valid_FDCE_Q_CE_LUT6_O_I3_CARRY4_CO_S_INV_O_I_LUT4_I3_O[2]  Net          39            (fanout=6)        627                     -                                                                                                                                          
   RBB_9/D2                                                                           RBB_6L        9  [TILE 0 0, RBB 1 18]          -     r            5944     {inst63: u_spi_target.o_rx_data_valid_FDCE_Q_D_LUT3_O (LUT,site=dlut)} {inst50: u_spi_target.o_rx_data_valid_FDCE_Q (FDCE,site=dff)} 
   -----------------------------------------------------------------------------------------------------------------------------------------------------------------------------------------------------------------------------------------------------------------------------------------------------
   RBB_9/CLK                                                                          RBB_6L        9  [TILE 0 0, RBB 1 18]        925     r            6869                                                                                                                                          
   clk                                                                                Clock net     2          (fanout=352)      -2319                     -                                                                                                                                          
   clk                                                                                CLOCK-PORT    -                     -    capture     r            4550                                                                                                                                          
   -----------------------------------------------------------------------------------------------------------------------------------------------------------------------------------------------------------------------------------------------------------------------------------------------------


Path 8:
   Slack (not met):                         -2694ps
     Path type:                               SETUP
     Group:                              <UDEF_clk>
     Launching clock:                           clk (rising edge)
     Capturing clock:                           clk (rising edge)

     Requested period:                       2000ps
   + Delay of the capturing clock:           2318ps
   - Clock uncertainty:                       150ps
   = Required time:                          4168ps
   - Propagation time:                       4544ps (61.7% logic, 38.3% route, logic stage 2)
   - Delay of the launching clock:           2318ps
   = Slack:                                 -2694ps

   Instance/Pin or Net Name              Type         ID    Location or Fanout   Delay(ps)  Edge  Arrival Time(ps)    Instance detail                                                                                                                                                                                         
   -----------------------------------------------------------------------------------------------------------------------------------------------------------------------------------------------------------------------------------------------------------------------------------------------------------------------------
   clk                                   CLOCK-PORT    -                     -     launch     r               0                                                                                                                                                                                                               
   clk                                   Clock net     2          (fanout=352)       2318                     -                                                                                                                                                                                                               
   RBB_14/CLK                            RBB_6L       14  [TILE 0 0, RBB 4 18]          -     r            2318                                                                                                                                                                                                               
   -----------------------------------------------------------------------------------------------------------------------------------------------------------------------------------------------------------------------------------------------------------------------------------------------------------------------------
   RBB_14/DMUX                           RBB_6L       14  [TILE 0 0, RBB 4 18]       1333     r            3651     {inst70: u_spi_target.w_sck_edge_LUT2_O_I0_FDCE_Q (FDC,site=dffo)}                                                                                                                                        
   u_spi_target.w_sck_edge_LUT2_O_I0[0]  Net          68            (fanout=2)        879                     -                                                                                                                                                                                                               
   RBB_9/D1                              RBB_6L        9  [TILE 0 0, RBB 1 18]          -     r            4530                                                                                                                                                                                                               
   RBB_9/DMUX                            RBB_6L        9  [TILE 0 0, RBB 1 18]        608     r            5138     {inst69: u_spi_target.w_sck_edge_LUT2_O (LUT,site=dluto)}                                                                                                                                                 
   u_spi_target.w_sck_edge               Net          22            (fanout=8)        860                     -                                                                                                                                                                                                               
   RBB_10/D2                             RBB_6L       10  [TILE 0 0, RBB 1 20]          -     r            5998     {inst53: u_spi_target.o_rx_data_valid_FDCE_Q_CE_LUT6_O_I3_CARRY4_CO_O_1_LUT4_I3 (LUT,site=dlut)} {inst54: u_spi_target.o_rx_data_valid_FDCE_Q_CE_LUT6_O_I3_CARRY4_CO_O_1_LUT4_I3_O_FDCE_D (FDC,site=dff)} 
   -----------------------------------------------------------------------------------------------------------------------------------------------------------------------------------------------------------------------------------------------------------------------------------------------------------------------------
   RBB_10/CLK                            RBB_6L       10  [TILE 0 0, RBB 1 20]        864     r            6862                                                                                                                                                                                                               
   clk                                   Clock net     2          (fanout=352)      -2318                     -                                                                                                                                                                                                               
   clk                                   CLOCK-PORT    -                     -    capture     r            4544                                                                                                                                                                                                               
   -----------------------------------------------------------------------------------------------------------------------------------------------------------------------------------------------------------------------------------------------------------------------------------------------------------------------------


Path 43:
   Slack (not met):                         -2687ps
     Path type:                               SETUP
     Group:                              <UDEF_clk>
     Launching clock:                           clk (rising edge)
     Capturing clock:                           clk (rising edge)

     Requested period:                       2000ps
   + Delay of the capturing clock:           2324ps
   - Clock uncertainty:                       150ps
   = Required time:                          4174ps
   - Propagation time:                       4543ps (54.9% logic, 45.1% route, logic stage 2)
   - Delay of the launching clock:           2318ps
   = Slack:                                 -2687ps

   Instance/Pin or Net Name              Type         ID    Location or Fanout   Delay(ps)  Edge  Arrival Time(ps)    Instance detail                                                  
   --------------------------------------------------------------------------------------------------------------------------------------------------------------------------------------
   clk                                   CLOCK-PORT    -                     -     launch     r               0                                                                        
   clk                                   Clock net     2          (fanout=352)       2318                     -                                                                        
   RBB_14/CLK                            RBB_6L       14  [TILE 0 0, RBB 4 18]          -     r            2318                                                                        
   --------------------------------------------------------------------------------------------------------------------------------------------------------------------------------------
   RBB_14/DMUX                           RBB_6L       14  [TILE 0 0, RBB 4 18]       1333     r            3651     {inst70: u_spi_target.w_sck_edge_LUT2_O_I0_FDCE_Q (FDC,site=dffo)} 
   u_spi_target.w_sck_edge_LUT2_O_I0[0]  Net          68            (fanout=2)        879                     -                                                                        
   RBB_9/D1                              RBB_6L        9  [TILE 0 0, RBB 1 18]          -     r            4530                                                                        
   RBB_9/DMUX                            RBB_6L        9  [TILE 0 0, RBB 1 18]        608     r            5138     {inst69: u_spi_target.w_sck_edge_LUT2_O (LUT,site=dluto)}          
   u_spi_target.w_sck_edge               Net          22            (fanout=8)       1172                     -                                                                        
   RBB_13/A6                             RBB_6L       13  [TILE 0 0, RBB 1 24]          -     r            6310     {<CE>inst42: u_spi_target.o_rx_data_FDCE_Q_1 (FDCE,site=dffo)}     
   --------------------------------------------------------------------------------------------------------------------------------------------------------------------------------------
   RBB_13/CLK                            RBB_6L       13  [TILE 0 0, RBB 1 24]        551     r            6861                                                                        
   clk                                   Clock net     2          (fanout=352)      -2324                     -                                                                        
   clk                                   CLOCK-PORT    -                     -    capture     r            4537                                                                        
   --------------------------------------------------------------------------------------------------------------------------------------------------------------------------------------


Path 121:
   Slack (not met):                         -2668ps
     Path type:                               SETUP
     Group:                              <UDEF_clk>
     Launching clock:                           clk (rising edge)
     Capturing clock:                           clk (rising edge)

     Requested period:                       2000ps
   + Delay of the capturing clock:           2159ps
   - Clock uncertainty:                       150ps
   = Required time:                          4009ps
   - Propagation time:                       4365ps (51.1% logic, 48.9% route, logic stage 2)
   - Delay of the launching clock:           2312ps
   = Slack:                                 -2668ps

   Instance/Pin or Net Name                                                           Type         ID    Location or Fanout   Delay(ps)  Edge  Arrival Time(ps)    Instance detail                                                                                                       
   ----------------------------------------------------------------------------------------------------------------------------------------------------------------------------------------------------------------------------------------------------------------------------------------
   clk                                                                                CLOCK-PORT    -                     -     launch     r               0                                                                                                                             
   clk                                                                                Clock net     2          (fanout=352)       2312                     -                                                                                                                             
   RBB_11/CLK                                                                         RBB_6L       11  [TILE 0 0, RBB 1 12]          -     r            2312                                                                                                                             
   ----------------------------------------------------------------------------------------------------------------------------------------------------------------------------------------------------------------------------------------------------------------------------------------
   RBB_11/DQ                                                                          RBB_6L       11  [TILE 0 0, RBB 1 12]        800     r            3112     {inst62: u_spi_target.o_rx_data_valid_FDCE_Q_CE_LUT6_O_I3_LUT5_I4_O_FDCE_D (FDC,site=dff)}                              
   u_spi_target.o_rx_data_valid_FDCE_Q_CE_LUT6_O_I3_LUT5_I4_O_FDCE_D_Q[0]             Net          36            (fanout=4)       1476                     -                                                                                                                             
   RBB_9/B5                                                                           RBB_6L        9  [TILE 0 0, RBB 1 18]          -     r            4588                                                                                                                             
   RBB_9/B                                                                            RBB_6L        9  [TILE 0 0, RBB 1 18]        729     r            5317     {inst60: u_spi_target.o_rx_data_valid_FDCE_Q_CE_LUT6_O_I3_CARRY4_CO_S_INV_O_I_LUT4_I3 (LUT,site=blut)}                  
   u_spi_target.o_rx_data_valid_FDCE_Q_CE_LUT6_O_I3_CARRY4_CO_S_INV_O_I_LUT4_I3_O[2]  Net          39            (fanout=6)        657                     -                                                                                                                             
   RBB_12/B6                                                                          RBB_6L       12  [TILE 0 0, RBB 1 16]          -     r            5974     {inst27: spi_miso_LUT6_I0_I1_FDCE_Q_D_LUT6_O (LUT,site=blut,bluto)} {inst25: spi_miso_LUT6_I0_I1_FDCE_Q (FDC,site=bff)} 
   ----------------------------------------------------------------------------------------------------------------------------------------------------------------------------------------------------------------------------------------------------------------------------------------
   RBB_12/CLK                                                                         RBB_6L       12  [TILE 0 0, RBB 1 16]        703     r            6677                                                                                                                             
   clk                                                                                Clock net     2          (fanout=352)      -2159                     -                                                                                                                             
   clk                                                                                CLOCK-PORT    -                     -    capture     r            4518                                                                                                                             
   ----------------------------------------------------------------------------------------------------------------------------------------------------------------------------------------------------------------------------------------------------------------------------------------


Path 6:
   Slack (not met):                         -2651ps
     Path type:                               SETUP
     Group:                              <UDEF_clk>
     Launching clock:                           clk (rising edge)
     Capturing clock:                           clk (rising edge)

     Requested period:                       2000ps
   + Delay of the capturing clock:           2159ps
   - Clock uncertainty:                       150ps
   = Required time:                          4009ps
   - Propagation time:                       4342ps (65.4% logic, 34.6% route, logic stage 2)
   - Delay of the launching clock:           2318ps
   = Slack:                                 -2651ps

   Instance/Pin or Net Name              Type         ID    Location or Fanout   Delay(ps)  Edge  Arrival Time(ps)    Instance detail                                                                                                                                                                                         
   -----------------------------------------------------------------------------------------------------------------------------------------------------------------------------------------------------------------------------------------------------------------------------------------------------------------------------
   clk                                   CLOCK-PORT    -                     -     launch     r               0                                                                                                                                                                                                               
   clk                                   Clock net     2          (fanout=352)       2318                     -                                                                                                                                                                                                               
   RBB_14/CLK                            RBB_6L       14  [TILE 0 0, RBB 4 18]          -     r            2318                                                                                                                                                                                                               
   -----------------------------------------------------------------------------------------------------------------------------------------------------------------------------------------------------------------------------------------------------------------------------------------------------------------------------
   RBB_14/DMUX                           RBB_6L       14  [TILE 0 0, RBB 4 18]       1333     r            3651     {inst70: u_spi_target.w_sck_edge_LUT2_O_I0_FDCE_Q (FDC,site=dffo)}                                                                                                                                        
   u_spi_target.w_sck_edge_LUT2_O_I0[0]  Net          68            (fanout=2)        879                     -                                                                                                                                                                                                               
   RBB_9/D1                              RBB_6L        9  [TILE 0 0, RBB 1 18]          -     r            4530                                                                                                                                                                                                               
   RBB_9/DMUX                            RBB_6L        9  [TILE 0 0, RBB 1 18]        608     r            5138     {inst69: u_spi_target.w_sck_edge_LUT2_O (LUT,site=dluto)}                                                                                                                                                 
   u_spi_target.w_sck_edge               Net          22            (fanout=8)        623                     -                                                                                                                                                                                                               
   RBB_12/D2                             RBB_6L       12  [TILE 0 0, RBB 1 16]          -     r            5761     {inst55: u_spi_target.o_rx_data_valid_FDCE_Q_CE_LUT6_O_I3_CARRY4_CO_O_2_LUT4_I3 (LUT,site=dlut)} {inst56: u_spi_target.o_rx_data_valid_FDCE_Q_CE_LUT6_O_I3_CARRY4_CO_O_2_LUT4_I3_O_FDCE_D (FDC,site=dff)} 
   -----------------------------------------------------------------------------------------------------------------------------------------------------------------------------------------------------------------------------------------------------------------------------------------------------------------------------
   RBB_12/CLK                            RBB_6L       12  [TILE 0 0, RBB 1 16]        899     r            6660                                                                                                                                                                                                               
   clk                                   Clock net     2          (fanout=352)      -2159                     -                                                                                                                                                                                                               
   clk                                   CLOCK-PORT    -                     -    capture     r            4501                                                                                                                                                                                                               
   -----------------------------------------------------------------------------------------------------------------------------------------------------------------------------------------------------------------------------------------------------------------------------------------------------------------------------


Path 122:
   Slack (not met):                         -2638ps
     Path type:                               SETUP
     Group:                              <UDEF_clk>
     Launching clock:                           clk (rising edge)
     Capturing clock:                           clk (rising edge)

     Requested period:                       2000ps
   + Delay of the capturing clock:           2159ps
   - Clock uncertainty:                       150ps
   = Required time:                          4009ps
   - Propagation time:                       4335ps (50.8% logic, 49.2% route, logic stage 2)
   - Delay of the launching clock:           2312ps
   = Slack:                                 -2638ps

   Instance/Pin or Net Name                                                           Type         ID    Location or Fanout   Delay(ps)  Edge  Arrival Time(ps)    Instance detail                                                                                      
   -----------------------------------------------------------------------------------------------------------------------------------------------------------------------------------------------------------------------------------------------------------------------
   clk                                                                                CLOCK-PORT    -                     -     launch     r               0                                                                                                            
   clk                                                                                Clock net     2          (fanout=352)       2312                     -                                                                                                            
   RBB_11/CLK                                                                         RBB_6L       11  [TILE 0 0, RBB 1 12]          -     r            2312                                                                                                            
   -----------------------------------------------------------------------------------------------------------------------------------------------------------------------------------------------------------------------------------------------------------------------
   RBB_11/DQ                                                                          RBB_6L       11  [TILE 0 0, RBB 1 12]        800     r            3112     {inst62: u_spi_target.o_rx_data_valid_FDCE_Q_CE_LUT6_O_I3_LUT5_I4_O_FDCE_D (FDC,site=dff)}             
   u_spi_target.o_rx_data_valid_FDCE_Q_CE_LUT6_O_I3_LUT5_I4_O_FDCE_D_Q[0]             Net          36            (fanout=4)       1476                     -                                                                                                            
   RBB_9/B5                                                                           RBB_6L        9  [TILE 0 0, RBB 1 18]          -     r            4588                                                                                                            
   RBB_9/B                                                                            RBB_6L        9  [TILE 0 0, RBB 1 18]        729     r            5317     {inst60: u_spi_target.o_rx_data_valid_FDCE_Q_CE_LUT6_O_I3_CARRY4_CO_S_INV_O_I_LUT4_I3 (LUT,site=blut)} 
   u_spi_target.o_rx_data_valid_FDCE_Q_CE_LUT6_O_I3_CARRY4_CO_S_INV_O_I_LUT4_I3_O[2]  Net          39            (fanout=6)        657                     -                                                                                                            
   RBB_12/B6                                                                          RBB_6L       12  [TILE 0 0, RBB 1 16]          -     r            5974     {inst24: spi_miso_LUT6_I0 (LUT,site=clut,cluto)} {inst23: spi_miso_FDCE_Q (FDC,site=cff)}              
   -----------------------------------------------------------------------------------------------------------------------------------------------------------------------------------------------------------------------------------------------------------------------
   RBB_12/CLK                                                                         RBB_6L       12  [TILE 0 0, RBB 1 16]        673     r            6647                                                                                                            
   clk                                                                                Clock net     2          (fanout=352)      -2159                     -                                                                                                            
   clk                                                                                CLOCK-PORT    -                     -    capture     r            4488                                                                                                            
   -----------------------------------------------------------------------------------------------------------------------------------------------------------------------------------------------------------------------------------------------------------------------


Path 48:
   Slack (not met):                         -2542ps
     Path type:                               SETUP
     Group:                              <UDEF_clk>
     Launching clock:                           clk (rising edge)
     Capturing clock:                           clk (rising edge)

     Requested period:                       2000ps
   + Delay of the capturing clock:           2318ps
   - Clock uncertainty:                       150ps
   = Required time:                          4168ps
   - Propagation time:                       4551ps (65.0% logic, 35.0% route, logic stage 2)
   - Delay of the launching clock:           2159ps
   = Slack:                                 -2542ps

   Instance/Pin or Net Name          Type         ID    Location or Fanout   Delay(ps)  Edge  Arrival Time(ps)    Instance detail                                                                                                                                                                                   
   -------------------------------------------------------------------------------------------------------------------------------------------------------------------------------------------------------------------------------------------------------------------------------------------------------------------
   clk                               CLOCK-PORT    -                     -     launch     r               0                                                                                                                                                                                                         
   clk                               Clock net     2          (fanout=352)       2159                     -                                                                                                                                                                                                         
   RBB_12/CLK                        RBB_6L       12  [TILE 0 0, RBB 1 16]          -     r            2159                                                                                                                                                                                                         
   -------------------------------------------------------------------------------------------------------------------------------------------------------------------------------------------------------------------------------------------------------------------------------------------------------------------
   RBB_12/CMUX                       RBB_6L       12  [TILE 0 0, RBB 1 16]       1380     r            3539     {inst64: u_spi_target.r_sck_sync_FDCE_Q (FDC,site=cffo)}                                                                                                                                            
   u_spi_target.r_sck_sync[1]        Net          21            (fanout=3)        964                     -                                                                                                                                                                                                         
   RBB_14/A2                         RBB_6L       14  [TILE 0 0, RBB 4 18]          -     r            4503                                                                                                                                                                                                         
   RBB_14/A                          RBB_6L       14  [TILE 0 0, RBB 4 18]        653     r            5156     {inst71: u_spi_target.w_sck_edge_LUT2_O_I0_LUT2_I0 (LUT,site=alut)}                                                                                                                                 
   spi_miso_en_INV_O_I_LUT2_I0_O[0]  Net          45            (fanout=8)        630                     -                                                                                                                                                                                                         
   RBB_14/C5                         RBB_6L       14  [TILE 0 0, RBB 4 18]          -     r            5786     {inst33: spi_miso_LUT6_I0_I1_FDCE_Q_D_LUT6_O_I1_FDCE_Q_D_LUT6_O_I1_FDCE_Q_D_LUT6_O (LUT,site=clut,cluto)} {inst31: spi_miso_LUT6_I0_I1_FDCE_Q_D_LUT6_O_I1_FDCE_Q_D_LUT6_O_I1_FDCE_Q (FDC,site=cff)} 
   -------------------------------------------------------------------------------------------------------------------------------------------------------------------------------------------------------------------------------------------------------------------------------------------------------------------
   RBB_14/CLK                        RBB_6L       14  [TILE 0 0, RBB 4 18]        924     r            6710                                                                                                                                                                                                         
   clk                               Clock net     2          (fanout=352)      -2318                     -                                                                                                                                                                                                         
   clk                               CLOCK-PORT    -                     -    capture     r            4392                                                                                                                                                                                                         
   -------------------------------------------------------------------------------------------------------------------------------------------------------------------------------------------------------------------------------------------------------------------------------------------------------------------


Path 50:
   Slack (not met):                         -2475ps
     Path type:                               SETUP
     Group:                              <UDEF_clk>
     Launching clock:                           clk (rising edge)
     Capturing clock:                           clk (rising edge)

     Requested period:                       2000ps
   + Delay of the capturing clock:           2318ps
   - Clock uncertainty:                       150ps
   = Required time:                          4168ps
   - Propagation time:                       4484ps (64.5% logic, 35.5% route, logic stage 2)
   - Delay of the launching clock:           2159ps
   = Slack:                                 -2475ps

   Instance/Pin or Net Name          Type         ID    Location or Fanout   Delay(ps)  Edge  Arrival Time(ps)    Instance detail                                                                                                                                                                                                                         
   ---------------------------------------------------------------------------------------------------------------------------------------------------------------------------------------------------------------------------------------------------------------------------------------------------------------------------------------------------------
   clk                               CLOCK-PORT    -                     -     launch     r               0                                                                                                                                                                                                                                               
   clk                               Clock net     2          (fanout=352)       2159                     -                                                                                                                                                                                                                                               
   RBB_12/CLK                        RBB_6L       12  [TILE 0 0, RBB 1 16]          -     r            2159                                                                                                                                                                                                                                               
   ---------------------------------------------------------------------------------------------------------------------------------------------------------------------------------------------------------------------------------------------------------------------------------------------------------------------------------------------------------
   RBB_12/CMUX                       RBB_6L       12  [TILE 0 0, RBB 1 16]       1380     r            3539     {inst64: u_spi_target.r_sck_sync_FDCE_Q (FDC,site=cffo)}                                                                                                                                                                                  
   u_spi_target.r_sck_sync[1]        Net          21            (fanout=3)        964                     -                                                                                                                                                                                                                                               
   RBB_14/A2                         RBB_6L       14  [TILE 0 0, RBB 4 18]          -     r            4503                                                                                                                                                                                                                                               
   RBB_14/A                          RBB_6L       14  [TILE 0 0, RBB 4 18]        653     r            5156     {inst71: u_spi_target.w_sck_edge_LUT2_O_I0_LUT2_I0 (LUT,site=alut)}                                                                                                                                                                       
   spi_miso_en_INV_O_I_LUT2_I0_O[0]  Net          45            (fanout=8)        630                     -                                                                                                                                                                                                                                               
   RBB_14/B5                         RBB_6L       14  [TILE 0 0, RBB 4 18]          -     r            5786     {inst35: spi_miso_LUT6_I0_I1_FDCE_Q_D_LUT6_O_I1_FDCE_Q_D_LUT6_O_I1_FDCE_Q_D_LUT6_O_I1_FDCE_Q_D_LUT6_O (LUT,site=blut,bluto)} {inst34: spi_miso_LUT6_I0_I1_FDCE_Q_D_LUT6_O_I1_FDCE_Q_D_LUT6_O_I1_FDCE_Q_D_LUT6_O_I1_FDCE_Q (FDC,site=bff)} 
   ---------------------------------------------------------------------------------------------------------------------------------------------------------------------------------------------------------------------------------------------------------------------------------------------------------------------------------------------------------
   RBB_14/CLK                        RBB_6L       14  [TILE 0 0, RBB 4 18]        857     r            6643                                                                                                                                                                                                                                               
   clk                               Clock net     2          (fanout=352)      -2318                     -                                                                                                                                                                                                                                               
   clk                               CLOCK-PORT    -                     -    capture     r            4325                                                                                                                                                                                                                                               
   ---------------------------------------------------------------------------------------------------------------------------------------------------------------------------------------------------------------------------------------------------------------------------------------------------------------------------------------------------------


Path 47:
   Slack (not met):                         -2467ps
     Path type:                               SETUP
     Group:                              <UDEF_clk>
     Launching clock:                           clk (rising edge)
     Capturing clock:                           clk (rising edge)

     Requested period:                       2000ps
   + Delay of the capturing clock:           2318ps
   - Clock uncertainty:                       150ps
   = Required time:                          4168ps
   - Propagation time:                       4476ps (64.4% logic, 35.6% route, logic stage 2)
   - Delay of the launching clock:           2159ps
   = Slack:                                 -2467ps

   Instance/Pin or Net Name          Type         ID    Location or Fanout   Delay(ps)  Edge  Arrival Time(ps)    Instance detail                                                                                                                                             
   -----------------------------------------------------------------------------------------------------------------------------------------------------------------------------------------------------------------------------------------------------------------------------
   clk                               CLOCK-PORT    -                     -     launch     r               0                                                                                                                                                                   
   clk                               Clock net     2          (fanout=352)       2159                     -                                                                                                                                                                   
   RBB_12/CLK                        RBB_6L       12  [TILE 0 0, RBB 1 16]          -     r            2159                                                                                                                                                                   
   -----------------------------------------------------------------------------------------------------------------------------------------------------------------------------------------------------------------------------------------------------------------------------
   RBB_12/CMUX                       RBB_6L       12  [TILE 0 0, RBB 1 16]       1380     r            3539     {inst64: u_spi_target.r_sck_sync_FDCE_Q (FDC,site=cffo)}                                                                                                      
   u_spi_target.r_sck_sync[1]        Net          21            (fanout=3)        964                     -                                                                                                                                                                   
   RBB_14/A2                         RBB_6L       14  [TILE 0 0, RBB 4 18]          -     r            4503                                                                                                                                                                   
   RBB_14/A                          RBB_6L       14  [TILE 0 0, RBB 4 18]        653     r            5156     {inst71: u_spi_target.w_sck_edge_LUT2_O_I0_LUT2_I0 (LUT,site=alut)}                                                                                           
   spi_miso_en_INV_O_I_LUT2_I0_O[0]  Net          45            (fanout=8)        630                     -                                                                                                                                                                   
   RBB_14/D5                         RBB_6L       14  [TILE 0 0, RBB 4 18]          -     r            5786     {inst30: spi_miso_LUT6_I0_I1_FDCE_Q_D_LUT6_O_I1_FDCE_Q_D_LUT6_O (LUT,site=dlut,dluto)} {inst28: spi_miso_LUT6_I0_I1_FDCE_Q_D_LUT6_O_I1_FDCE_Q (FDC,site=dff)} 
   -----------------------------------------------------------------------------------------------------------------------------------------------------------------------------------------------------------------------------------------------------------------------------
   RBB_14/CLK                        RBB_6L       14  [TILE 0 0, RBB 4 18]        849     r            6635                                                                                                                                                                   
   clk                               Clock net     2          (fanout=352)      -2318                     -                                                                                                                                                                   
   clk                               CLOCK-PORT    -                     -    capture     r            4317                                                                                                                                                                   
   -----------------------------------------------------------------------------------------------------------------------------------------------------------------------------------------------------------------------------------------------------------------------------


Path 44:
   Slack (not met):                         -2423ps
     Path type:                               SETUP
     Group:                              <UDEF_clk>
     Launching clock:                           clk (rising edge)
     Capturing clock:                           clk (rising edge)

     Requested period:                       2000ps
   + Delay of the capturing clock:           2319ps
   - Clock uncertainty:                       150ps
   = Required time:                          4169ps
   - Propagation time:                       4274ps (66.4% logic, 33.6% route, logic stage 2)
   - Delay of the launching clock:           2318ps
   = Slack:                                 -2423ps

   Instance/Pin or Net Name              Type         ID    Location or Fanout   Delay(ps)  Edge  Arrival Time(ps)    Instance detail                                                                                                                    
   --------------------------------------------------------------------------------------------------------------------------------------------------------------------------------------------------------------------------------------------------------
   clk                                   CLOCK-PORT    -                     -     launch     r               0                                                                                                                                          
   clk                                   Clock net     2          (fanout=352)       2318                     -                                                                                                                                          
   RBB_14/CLK                            RBB_6L       14  [TILE 0 0, RBB 4 18]          -     r            2318                                                                                                                                          
   --------------------------------------------------------------------------------------------------------------------------------------------------------------------------------------------------------------------------------------------------------
   RBB_14/DMUX                           RBB_6L       14  [TILE 0 0, RBB 4 18]       1333     r            3651     {inst70: u_spi_target.w_sck_edge_LUT2_O_I0_FDCE_Q (FDC,site=dffo)}                                                                   
   u_spi_target.w_sck_edge_LUT2_O_I0[0]  Net          68            (fanout=2)        879                     -                                                                                                                                          
   RBB_9/D1                              RBB_6L        9  [TILE 0 0, RBB 1 18]          -     r            4530                                                                                                                                          
   RBB_9/DMUX                            RBB_6L        9  [TILE 0 0, RBB 1 18]        608     r            5138     {inst69: u_spi_target.w_sck_edge_LUT2_O (LUT,site=dluto)}                                                                            
   u_spi_target.w_sck_edge               Net          22            (fanout=8)        555                     -                                                                                                                                          
   RBB_9/D3                              RBB_6L        9  [TILE 0 0, RBB 1 18]          -     r            5693     {inst63: u_spi_target.o_rx_data_valid_FDCE_Q_D_LUT3_O (LUT,site=dlut)} {inst50: u_spi_target.o_rx_data_valid_FDCE_Q (FDCE,site=dff)} 
   --------------------------------------------------------------------------------------------------------------------------------------------------------------------------------------------------------------------------------------------------------
   RBB_9/CLK                             RBB_6L        9  [TILE 0 0, RBB 1 18]        899     r            6592                                                                                                                                          
   clk                                   Clock net     2          (fanout=352)      -2319                     -                                                                                                                                          
   clk                                   CLOCK-PORT    -                     -    capture     r            4273                                                                                                                                          
   --------------------------------------------------------------------------------------------------------------------------------------------------------------------------------------------------------------------------------------------------------


Path 63:
   Slack (not met):                         -2423ps
     Path type:                               SETUP
     Group:                              <UDEF_clk>
     Launching clock:                           clk (rising edge)
     Capturing clock:                           clk (rising edge)

     Requested period:                       2000ps
   + Delay of the capturing clock:           2311ps
   - Clock uncertainty:                       150ps
   = Required time:                          4161ps
   - Propagation time:                       4260ps (58.6% logic, 41.4% route, logic stage 1)
   - Delay of the launching clock:           2324ps
   = Slack:                                 -2423ps

   Instance/Pin or Net Name   Type         ID    Location or Fanout   Delay(ps)  Edge  Arrival Time(ps)    Instance detail                                                                                         
   ------------------------------------------------------------------------------------------------------------------------------------------------------------------------------------------------------------------
   clk                        CLOCK-PORT    -                     -     launch     r               0                                                                                                               
   clk                        Clock net     2          (fanout=352)       2324                     -                                                                                                               
   RBB_13/CLK                 RBB_6L       13  [TILE 0 0, RBB 1 24]          -     r            2324                                                                                                               
   ------------------------------------------------------------------------------------------------------------------------------------------------------------------------------------------------------------------
   RBB_13/CQ                  RBB_6L       13  [TILE 0 0, RBB 1 24]        800     r            3124     {inst41: u_spi_target.o_rx_data_FDCE_Q (FDCE,site=cff)}                                                   
   u_spi_target.o_rx_data[6]  Net          15            (fanout=2)       1765                     -                                                                                                               
   RBB_7/C1                   RBB_6L        7  [TILE 0 0, RBB 4 22]          -     r            4889     {inst39: u_spi_target.o_rx_data_CARRY4_S (CARRY4)} {inst26: spi_miso_LUT6_I0_I1_FDCE_Q_1 (FDCE,site=dff)} 
   ------------------------------------------------------------------------------------------------------------------------------------------------------------------------------------------------------------------
   RBB_7/CLK                  RBB_6L        7  [TILE 0 0, RBB 4 22]       1695     r            6584                                                                                                               
   clk                        Clock net     2          (fanout=352)      -2311                     -                                                                                                               
   clk                        CLOCK-PORT    -                     -    capture     r            4273                                                                                                               
   ------------------------------------------------------------------------------------------------------------------------------------------------------------------------------------------------------------------


Path 54:
   Slack (not met):                         -2306ps
     Path type:                               SETUP
     Group:                              <UDEF_clk>
     Launching clock:                           clk (rising edge)
     Capturing clock:                           clk (rising edge)

     Requested period:                       2000ps
   + Delay of the capturing clock:           2311ps
   - Clock uncertainty:                       150ps
   = Required time:                          4161ps
   - Propagation time:                       4143ps (70.5% logic, 29.5% route, logic stage 1)
   - Delay of the launching clock:           2324ps
   = Slack:                                 -2306ps

   Instance/Pin or Net Name   Type         ID    Location or Fanout   Delay(ps)  Edge  Arrival Time(ps)    Instance detail                                                                                                            
   -------------------------------------------------------------------------------------------------------------------------------------------------------------------------------------------------------------------------------------
   clk                        CLOCK-PORT    -                     -     launch     r               0                                                                                                                                  
   clk                        Clock net     2          (fanout=352)       2324                     -                                                                                                                                  
   RBB_13/CLK                 RBB_6L       13  [TILE 0 0, RBB 1 24]          -     r            2324                                                                                                                                  
   -------------------------------------------------------------------------------------------------------------------------------------------------------------------------------------------------------------------------------------
   RBB_13/CMUX                RBB_6L       13  [TILE 0 0, RBB 1 24]       1381     r            3705     {inst43: u_spi_target.o_rx_data_FDCE_Q_2 (FDCE,site=cffo)}                                                                   
   u_spi_target.o_rx_data[4]  Net          13            (fanout=2)       1221                     -                                                                                                                                  
   RBB_7/A1                   RBB_6L        7  [TILE 0 0, RBB 4 22]          -     r            4926     {inst39: u_spi_target.o_rx_data_CARRY4_S (CARRY4)} {inst29: spi_miso_LUT6_I0_I1_FDCE_Q_D_LUT6_O_I1_FDCE_Q_1 (FDCE,site=cff)} 
   -------------------------------------------------------------------------------------------------------------------------------------------------------------------------------------------------------------------------------------
   RBB_7/CLK                  RBB_6L        7  [TILE 0 0, RBB 4 22]       1541     r            6467                                                                                                                                  
   clk                        Clock net     2          (fanout=352)      -2311                     -                                                                                                                                  
   clk                        CLOCK-PORT    -                     -    capture     r            4156                                                                                                                                  
   -------------------------------------------------------------------------------------------------------------------------------------------------------------------------------------------------------------------------------------


Path 52:
   Slack (not met):                         -2289ps
     Path type:                               SETUP
     Group:                              <UDEF_clk>
     Launching clock:                           clk (rising edge)
     Capturing clock:                           clk (rising edge)

     Requested period:                       2000ps
   + Delay of the capturing clock:           2311ps
   - Clock uncertainty:                       150ps
   = Required time:                          4161ps
   - Propagation time:                       4126ps (70.4% logic, 29.6% route, logic stage 1)
   - Delay of the launching clock:           2324ps
   = Slack:                                 -2289ps

   Instance/Pin or Net Name   Type         ID    Location or Fanout   Delay(ps)  Edge  Arrival Time(ps)    Instance detail                                                                                         
   ------------------------------------------------------------------------------------------------------------------------------------------------------------------------------------------------------------------
   clk                        CLOCK-PORT    -                     -     launch     r               0                                                                                                               
   clk                        Clock net     2          (fanout=352)       2324                     -                                                                                                               
   RBB_13/CLK                 RBB_6L       13  [TILE 0 0, RBB 1 24]          -     r            2324                                                                                                               
   ------------------------------------------------------------------------------------------------------------------------------------------------------------------------------------------------------------------
   RBB_13/CMUX                RBB_6L       13  [TILE 0 0, RBB 1 24]       1381     r            3705     {inst43: u_spi_target.o_rx_data_FDCE_Q_2 (FDCE,site=cffo)}                                                
   u_spi_target.o_rx_data[4]  Net          13            (fanout=2)       1221                     -                                                                                                               
   RBB_7/A1                   RBB_6L        7  [TILE 0 0, RBB 4 22]          -     r            4926     {inst39: u_spi_target.o_rx_data_CARRY4_S (CARRY4)} {inst26: spi_miso_LUT6_I0_I1_FDCE_Q_1 (FDCE,site=dff)} 
   ------------------------------------------------------------------------------------------------------------------------------------------------------------------------------------------------------------------
   RBB_7/CLK                  RBB_6L        7  [TILE 0 0, RBB 4 22]       1524     r            6450                                                                                                               
   clk                        Clock net     2          (fanout=352)      -2311                     -                                                                                                               
   clk                        CLOCK-PORT    -                     -    capture     r            4139                                                                                                               
   ------------------------------------------------------------------------------------------------------------------------------------------------------------------------------------------------------------------


Path 56:
   Slack (not met):                         -2241ps
     Path type:                               SETUP
     Group:                              <UDEF_clk>
     Launching clock:                           clk (rising edge)
     Capturing clock:                           clk (rising edge)

     Requested period:                       2000ps
   + Delay of the capturing clock:           2311ps
   - Clock uncertainty:                       150ps
   = Required time:                          4161ps
   - Propagation time:                       4078ps (70.1% logic, 29.9% route, logic stage 1)
   - Delay of the launching clock:           2324ps
   = Slack:                                 -2241ps

   Instance/Pin or Net Name   Type         ID    Location or Fanout   Delay(ps)  Edge  Arrival Time(ps)    Instance detail                                                                                                                               
   --------------------------------------------------------------------------------------------------------------------------------------------------------------------------------------------------------------------------------------------------------
   clk                        CLOCK-PORT    -                     -     launch     r               0                                                                                                                                                     
   clk                        Clock net     2          (fanout=352)       2324                     -                                                                                                                                                     
   RBB_13/CLK                 RBB_6L       13  [TILE 0 0, RBB 1 24]          -     r            2324                                                                                                                                                     
   --------------------------------------------------------------------------------------------------------------------------------------------------------------------------------------------------------------------------------------------------------
   RBB_13/CMUX                RBB_6L       13  [TILE 0 0, RBB 1 24]       1381     r            3705     {inst43: u_spi_target.o_rx_data_FDCE_Q_2 (FDCE,site=cffo)}                                                                                      
   u_spi_target.o_rx_data[4]  Net          13            (fanout=2)       1221                     -                                                                                                                                                     
   RBB_7/A1                   RBB_6L        7  [TILE 0 0, RBB 4 22]          -     r            4926     {inst39: u_spi_target.o_rx_data_CARRY4_S (CARRY4)} {inst32: spi_miso_LUT6_I0_I1_FDCE_Q_D_LUT6_O_I1_FDCE_Q_D_LUT6_O_I1_FDCE_Q_1 (FDCE,site=bff)} 
   --------------------------------------------------------------------------------------------------------------------------------------------------------------------------------------------------------------------------------------------------------
   RBB_7/CLK                  RBB_6L        7  [TILE 0 0, RBB 4 22]       1476     r            6402                                                                                                                                                     
   clk                        Clock net     2          (fanout=352)      -2311                     -                                                                                                                                                     
   clk                        CLOCK-PORT    -                     -    capture     r            4091                                                                                                                                                     
   --------------------------------------------------------------------------------------------------------------------------------------------------------------------------------------------------------------------------------------------------------


Path 59:
   Slack (not met):                         -2196ps
     Path type:                               SETUP
     Group:                              <UDEF_clk>
     Launching clock:                           clk (rising edge)
     Capturing clock:                           clk (rising edge)

     Requested period:                       2000ps
   + Delay of the capturing clock:           2311ps
   - Clock uncertainty:                       150ps
   = Required time:                          4161ps
   - Propagation time:                       4033ps (68.6% logic, 31.4% route, logic stage 1)
   - Delay of the launching clock:           2324ps
   = Slack:                                 -2196ps

   Instance/Pin or Net Name   Type         ID    Location or Fanout   Delay(ps)  Edge  Arrival Time(ps)    Instance detail                                                                                                            
   -------------------------------------------------------------------------------------------------------------------------------------------------------------------------------------------------------------------------------------
   clk                        CLOCK-PORT    -                     -     launch     r               0                                                                                                                                  
   clk                        Clock net     2          (fanout=352)       2324                     -                                                                                                                                  
   RBB_13/CLK                 RBB_6L       13  [TILE 0 0, RBB 1 24]          -     r            2324                                                                                                                                  
   -------------------------------------------------------------------------------------------------------------------------------------------------------------------------------------------------------------------------------------
   RBB_13/DMUX                RBB_6L       13  [TILE 0 0, RBB 1 24]       1410     r            3734     {inst42: u_spi_target.o_rx_data_FDCE_Q_1 (FDCE,site=dffo)}                                                                   
   u_spi_target.o_rx_data[5]  Net          14            (fanout=2)       1265                     -                                                                                                                                  
   RBB_7/B1                   RBB_6L        7  [TILE 0 0, RBB 4 22]          -     r            4999     {inst39: u_spi_target.o_rx_data_CARRY4_S (CARRY4)} {inst29: spi_miso_LUT6_I0_I1_FDCE_Q_D_LUT6_O_I1_FDCE_Q_1 (FDCE,site=cff)} 
   -------------------------------------------------------------------------------------------------------------------------------------------------------------------------------------------------------------------------------------
   RBB_7/CLK                  RBB_6L        7  [TILE 0 0, RBB 4 22]       1358     r            6357                                                                                                                                  
   clk                        Clock net     2          (fanout=352)      -2311                     -                                                                                                                                  
   clk                        CLOCK-PORT    -                     -    capture     r            4046                                                                                                                                  
   -------------------------------------------------------------------------------------------------------------------------------------------------------------------------------------------------------------------------------------


Path 60:
   Slack (not met):                         -2189ps
     Path type:                               SETUP
     Group:                              <UDEF_clk>
     Launching clock:                           clk (rising edge)
     Capturing clock:                           clk (rising edge)

     Requested period:                       2000ps
   + Delay of the capturing clock:           2311ps
   - Clock uncertainty:                       150ps
   = Required time:                          4161ps
   - Propagation time:                       4026ps (69.7% logic, 30.3% route, logic stage 1)
   - Delay of the launching clock:           2324ps
   = Slack:                                 -2189ps

   Instance/Pin or Net Name   Type         ID    Location or Fanout   Delay(ps)  Edge  Arrival Time(ps)    Instance detail                                                                                   
   ------------------------------------------------------------------------------------------------------------------------------------------------------------------------------------------------------------
   clk                        CLOCK-PORT    -                     -     launch     r               0                                                                                                         
   clk                        Clock net     2          (fanout=352)       2324                     -                                                                                                         
   RBB_13/CLK                 RBB_6L       13  [TILE 0 0, RBB 1 24]          -     r            2324                                                                                                         
   ------------------------------------------------------------------------------------------------------------------------------------------------------------------------------------------------------------
   RBB_13/CMUX                RBB_6L       13  [TILE 0 0, RBB 1 24]       1381     r            3705     {inst43: u_spi_target.o_rx_data_FDCE_Q_2 (FDCE,site=cffo)}                                          
   u_spi_target.o_rx_data[4]  Net          13            (fanout=2)       1221                     -                                                                                                         
   RBB_7/A1                   RBB_6L        7  [TILE 0 0, RBB 4 22]          -     r            4926     {inst39: u_spi_target.o_rx_data_CARRY4_S (CARRY4)} {inst11: rx_data_strobe_FDCE_CE (FDCE,site=aff)} 
   ------------------------------------------------------------------------------------------------------------------------------------------------------------------------------------------------------------
   RBB_7/CLK                  RBB_6L        7  [TILE 0 0, RBB 4 22]       1424     r            6350                                                                                                         
   clk                        Clock net     2          (fanout=352)      -2311                     -                                                                                                         
   clk                        CLOCK-PORT    -                     -    capture     r            4039                                                                                                         
   ------------------------------------------------------------------------------------------------------------------------------------------------------------------------------------------------------------


Path 64:
   Slack (not met):                         -2175ps
     Path type:                               SETUP
     Group:                              <UDEF_clk>
     Launching clock:                           clk (rising edge)
     Capturing clock:                           clk (rising edge)

     Requested period:                       2000ps
   + Delay of the capturing clock:           2325ps
   - Clock uncertainty:                       150ps
   = Required time:                          4175ps
   - Propagation time:                       4026ps (62.9% logic, 37.1% route, logic stage 1)
   - Delay of the launching clock:           2324ps
   = Slack:                                 -2175ps

   Instance/Pin or Net Name   Type         ID    Location or Fanout   Delay(ps)  Edge  Arrival Time(ps)    Instance detail                                                                                       
   ----------------------------------------------------------------------------------------------------------------------------------------------------------------------------------------------------------------
   clk                        CLOCK-PORT    -                     -     launch     r               0                                                                                                             
   clk                        Clock net     2          (fanout=352)       2324                     -                                                                                                             
   RBB_13/CLK                 RBB_6L       13  [TILE 0 0, RBB 1 24]          -     r            2324                                                                                                             
   ----------------------------------------------------------------------------------------------------------------------------------------------------------------------------------------------------------------
   RBB_13/BQ                  RBB_6L       13  [TILE 0 0, RBB 1 24]        800     r            3124     {inst45: u_spi_target.o_rx_data_FDCE_Q_4 (FDCE,site=bff)}                                               
   u_spi_target.o_rx_data[2]  Net          11            (fanout=2)       1495                     -                                                                                                             
   RBB_6/C1                   RBB_6L        6  [TILE 0 0, RBB 1 22]          -     r            4619     {inst40: u_spi_target.o_rx_data_CARRY4_S_1 (CARRY4)} {inst12: rx_data_strobe_FDCE_CE_1 (FDCE,site=dff)} 
   ----------------------------------------------------------------------------------------------------------------------------------------------------------------------------------------------------------------
   RBB_6/CLK                  RBB_6L        6  [TILE 0 0, RBB 1 22]       1731     r            6350                                                                                                             
   clk                        Clock net     2          (fanout=352)      -2325                     -                                                                                                             
   clk                        CLOCK-PORT    -                     -    capture     r            4025                                                                                                             
   ----------------------------------------------------------------------------------------------------------------------------------------------------------------------------------------------------------------


Path 70:
   Slack (not met):                         -2172ps
     Path type:                               SETUP
     Group:                              <UDEF_clk>
     Launching clock:                           clk (rising edge)
     Capturing clock:                           clk (rising edge)

     Requested period:                       2000ps
   + Delay of the capturing clock:           2311ps
   - Clock uncertainty:                       150ps
   = Required time:                          4161ps
   - Propagation time:                       4009ps (56.0% logic, 44.0% route, logic stage 1)
   - Delay of the launching clock:           2324ps
   = Slack:                                 -2172ps

   Instance/Pin or Net Name   Type         ID    Location or Fanout   Delay(ps)  Edge  Arrival Time(ps)    Instance detail                                                                                                            
   -------------------------------------------------------------------------------------------------------------------------------------------------------------------------------------------------------------------------------------
   clk                        CLOCK-PORT    -                     -     launch     r               0                                                                                                                                  
   clk                        Clock net     2          (fanout=352)       2324                     -                                                                                                                                  
   RBB_13/CLK                 RBB_6L       13  [TILE 0 0, RBB 1 24]          -     r            2324                                                                                                                                  
   -------------------------------------------------------------------------------------------------------------------------------------------------------------------------------------------------------------------------------------
   RBB_13/CQ                  RBB_6L       13  [TILE 0 0, RBB 1 24]        800     r            3124     {inst41: u_spi_target.o_rx_data_FDCE_Q (FDCE,site=cff)}                                                                      
   u_spi_target.o_rx_data[6]  Net          15            (fanout=2)       1765                     -                                                                                                                                  
   RBB_7/C1                   RBB_6L        7  [TILE 0 0, RBB 4 22]          -     r            4889     {inst39: u_spi_target.o_rx_data_CARRY4_S (CARRY4)} {inst29: spi_miso_LUT6_I0_I1_FDCE_Q_D_LUT6_O_I1_FDCE_Q_1 (FDCE,site=cff)} 
   -------------------------------------------------------------------------------------------------------------------------------------------------------------------------------------------------------------------------------------
   RBB_7/CLK                  RBB_6L        7  [TILE 0 0, RBB 4 22]       1444     r            6333                                                                                                                                  
   clk                        Clock net     2          (fanout=352)      -2311                     -                                                                                                                                  
   clk                        CLOCK-PORT    -                     -    capture     r            4022                                                                                                                                  
   -------------------------------------------------------------------------------------------------------------------------------------------------------------------------------------------------------------------------------------


Path 57:
   Slack (not met):                         -2152ps
     Path type:                               SETUP
     Group:                              <UDEF_clk>
     Launching clock:                           clk (rising edge)
     Capturing clock:                           clk (rising edge)

     Requested period:                       2000ps
   + Delay of the capturing clock:           2311ps
   - Clock uncertainty:                       150ps
   = Required time:                          4161ps
   - Propagation time:                       3989ps (68.3% logic, 31.7% route, logic stage 1)
   - Delay of the launching clock:           2324ps
   = Slack:                                 -2152ps

   Instance/Pin or Net Name   Type         ID    Location or Fanout   Delay(ps)  Edge  Arrival Time(ps)    Instance detail                                                                                         
   ------------------------------------------------------------------------------------------------------------------------------------------------------------------------------------------------------------------
   clk                        CLOCK-PORT    -                     -     launch     r               0                                                                                                               
   clk                        Clock net     2          (fanout=352)       2324                     -                                                                                                               
   RBB_13/CLK                 RBB_6L       13  [TILE 0 0, RBB 1 24]          -     r            2324                                                                                                               
   ------------------------------------------------------------------------------------------------------------------------------------------------------------------------------------------------------------------
   RBB_13/DMUX                RBB_6L       13  [TILE 0 0, RBB 1 24]       1410     r            3734     {inst42: u_spi_target.o_rx_data_FDCE_Q_1 (FDCE,site=dffo)}                                                
   u_spi_target.o_rx_data[5]  Net          14            (fanout=2)       1265                     -                                                                                                               
   RBB_7/B1                   RBB_6L        7  [TILE 0 0, RBB 4 22]          -     r            4999     {inst39: u_spi_target.o_rx_data_CARRY4_S (CARRY4)} {inst26: spi_miso_LUT6_I0_I1_FDCE_Q_1 (FDCE,site=dff)} 
   ------------------------------------------------------------------------------------------------------------------------------------------------------------------------------------------------------------------
   RBB_7/CLK                  RBB_6L        7  [TILE 0 0, RBB 4 22]       1314     r            6313                                                                                                               
   clk                        Clock net     2          (fanout=352)      -2311                     -                                                                                                               
   clk                        CLOCK-PORT    -                     -    capture     r            4002                                                                                                               
   ------------------------------------------------------------------------------------------------------------------------------------------------------------------------------------------------------------------


Path 61:
   Slack (not met):                         -2087ps
     Path type:                               SETUP
     Group:                              <UDEF_clk>
     Launching clock:                           clk (rising edge)
     Capturing clock:                           clk (rising edge)

     Requested period:                       2000ps
   + Delay of the capturing clock:           2311ps
   - Clock uncertainty:                       150ps
   = Required time:                          4161ps
   - Propagation time:                       3924ps (67.8% logic, 32.2% route, logic stage 1)
   - Delay of the launching clock:           2324ps
   = Slack:                                 -2087ps

   Instance/Pin or Net Name   Type         ID    Location or Fanout   Delay(ps)  Edge  Arrival Time(ps)    Instance detail                                                                                                                               
   --------------------------------------------------------------------------------------------------------------------------------------------------------------------------------------------------------------------------------------------------------
   clk                        CLOCK-PORT    -                     -     launch     r               0                                                                                                                                                     
   clk                        Clock net     2          (fanout=352)       2324                     -                                                                                                                                                     
   RBB_13/CLK                 RBB_6L       13  [TILE 0 0, RBB 1 24]          -     r            2324                                                                                                                                                     
   --------------------------------------------------------------------------------------------------------------------------------------------------------------------------------------------------------------------------------------------------------
   RBB_13/DMUX                RBB_6L       13  [TILE 0 0, RBB 1 24]       1410     r            3734     {inst42: u_spi_target.o_rx_data_FDCE_Q_1 (FDCE,site=dffo)}                                                                                      
   u_spi_target.o_rx_data[5]  Net          14            (fanout=2)       1265                     -                                                                                                                                                     
   RBB_7/B1                   RBB_6L        7  [TILE 0 0, RBB 4 22]          -     r            4999     {inst39: u_spi_target.o_rx_data_CARRY4_S (CARRY4)} {inst32: spi_miso_LUT6_I0_I1_FDCE_Q_D_LUT6_O_I1_FDCE_Q_D_LUT6_O_I1_FDCE_Q_1 (FDCE,site=bff)} 
   --------------------------------------------------------------------------------------------------------------------------------------------------------------------------------------------------------------------------------------------------------
   RBB_7/CLK                  RBB_6L        7  [TILE 0 0, RBB 4 22]       1249     r            6248                                                                                                                                                     
   clk                        Clock net     2          (fanout=352)      -2311                     -                                                                                                                                                     
   clk                        CLOCK-PORT    -                     -    capture     r            3937                                                                                                                                                     
   --------------------------------------------------------------------------------------------------------------------------------------------------------------------------------------------------------------------------------------------------------


Path 65:
   Slack (not met):                         -2061ps
     Path type:                               SETUP
     Group:                              <UDEF_clk>
     Launching clock:                           clk (rising edge)
     Capturing clock:                           clk (rising edge)

     Requested period:                       2000ps
   + Delay of the capturing clock:           2325ps
   - Clock uncertainty:                       150ps
   = Required time:                          4175ps
   - Propagation time:                       3912ps (60.7% logic, 39.3% route, logic stage 1)
   - Delay of the launching clock:           2324ps
   = Slack:                                 -2061ps

   Instance/Pin or Net Name   Type         ID    Location or Fanout   Delay(ps)  Edge  Arrival Time(ps)    Instance detail                                                                                       
   ----------------------------------------------------------------------------------------------------------------------------------------------------------------------------------------------------------------
   clk                        CLOCK-PORT    -                     -     launch     r               0                                                                                                             
   clk                        Clock net     2          (fanout=352)       2324                     -                                                                                                             
   RBB_13/CLK                 RBB_6L       13  [TILE 0 0, RBB 1 24]          -     r            2324                                                                                                             
   ----------------------------------------------------------------------------------------------------------------------------------------------------------------------------------------------------------------
   RBB_13/AQ                  RBB_6L       13  [TILE 0 0, RBB 1 24]        800     r            3124     {inst46: u_spi_target.o_rx_data_FDCE_Q_5 (FDCE,site=aff)}                                               
   u_spi_target.o_rx_data[1]  Net          10            (fanout=2)       1539                     -                                                                                                             
   RBB_6/B1                   RBB_6L        6  [TILE 0 0, RBB 1 22]          -     r            4663     {inst40: u_spi_target.o_rx_data_CARRY4_S_1 (CARRY4)} {inst12: rx_data_strobe_FDCE_CE_1 (FDCE,site=dff)} 
   ----------------------------------------------------------------------------------------------------------------------------------------------------------------------------------------------------------------
   RBB_6/CLK                  RBB_6L        6  [TILE 0 0, RBB 1 22]       1573     r            6236                                                                                                             
   clk                        Clock net     2          (fanout=352)      -2325                     -                                                                                                             
   clk                        CLOCK-PORT    -                     -    capture     r            3911                                                                                                             
   ----------------------------------------------------------------------------------------------------------------------------------------------------------------------------------------------------------------


Path 68:
   Slack (not met):                         -2011ps
     Path type:                               SETUP
     Group:                              <UDEF_clk>
     Launching clock:                           clk (rising edge)
     Capturing clock:                           clk (rising edge)

     Requested period:                       2000ps
   + Delay of the capturing clock:           2311ps
   - Clock uncertainty:                       150ps
   = Required time:                          4161ps
   - Propagation time:                       3861ps (60.6% logic, 39.4% route, logic stage 1)
   - Delay of the launching clock:           2311ps
   = Slack:                                 -2011ps

   Instance/Pin or Net Name           Type         ID    Location or Fanout   Delay(ps)  Edge  Arrival Time(ps)    Instance detail                                                                                         
   --------------------------------------------------------------------------------------------------------------------------------------------------------------------------------------------------------------------------
   clk                                CLOCK-PORT    -                     -     launch     r               0                                                                                                               
   clk                                Clock net     2          (fanout=352)       2311                     -                                                                                                               
   RBB_15/CLK                         RBB_6L       15  [TILE 0 0, RBB 4 24]          -     r            2311                                                                                                               
   --------------------------------------------------------------------------------------------------------------------------------------------------------------------------------------------------------------------------
   RBB_15/DQ                          RBB_6L       15  [TILE 0 0, RBB 4 24]        800     r            3111     {inst68: u_spi_target.w_sck_edge_FDCE_CE (FDCE,site=dff)}                                                 
   u_spi_target.w_sck_edge_FDCE_CE_Q  Net          27            (fanout=1)       1521                     -                                                                                                               
   RBB_7/D1                           RBB_6L        7  [TILE 0 0, RBB 4 22]          -     r            4632     {inst39: u_spi_target.o_rx_data_CARRY4_S (CARRY4)} {inst26: spi_miso_LUT6_I0_I1_FDCE_Q_1 (FDCE,site=dff)} 
   --------------------------------------------------------------------------------------------------------------------------------------------------------------------------------------------------------------------------
   RBB_7/CLK                          RBB_6L        7  [TILE 0 0, RBB 4 22]       1540     r            6172                                                                                                               
   clk                                Clock net     2          (fanout=352)      -2311                     -                                                                                                               
   clk                                CLOCK-PORT    -                     -    capture     r            3861                                                                                                               
   --------------------------------------------------------------------------------------------------------------------------------------------------------------------------------------------------------------------------


Path 69:
   Slack (not met):                         -1983ps
     Path type:                               SETUP
     Group:                              <UDEF_clk>
     Launching clock:                           clk (rising edge)
     Capturing clock:                           clk (rising edge)

     Requested period:                       2000ps
   + Delay of the capturing clock:           2325ps
   - Clock uncertainty:                       150ps
   = Required time:                          4175ps
   - Propagation time:                       3834ps (61.0% logic, 39.0% route, logic stage 1)
   - Delay of the launching clock:           2324ps
   = Slack:                                 -1983ps

   Instance/Pin or Net Name   Type         ID    Location or Fanout   Delay(ps)  Edge  Arrival Time(ps)    Instance detail                                                                                       
   ----------------------------------------------------------------------------------------------------------------------------------------------------------------------------------------------------------------
   clk                        CLOCK-PORT    -                     -     launch     r               0                                                                                                             
   clk                        Clock net     2          (fanout=352)       2324                     -                                                                                                             
   RBB_13/CLK                 RBB_6L       13  [TILE 0 0, RBB 1 24]          -     r            2324                                                                                                             
   ----------------------------------------------------------------------------------------------------------------------------------------------------------------------------------------------------------------
   RBB_13/BQ                  RBB_6L       13  [TILE 0 0, RBB 1 24]        800     r            3124     {inst45: u_spi_target.o_rx_data_FDCE_Q_4 (FDCE,site=bff)}                                               
   u_spi_target.o_rx_data[2]  Net          11            (fanout=2)       1495                     -                                                                                                             
   RBB_6/C1                   RBB_6L        6  [TILE 0 0, RBB 1 22]          -     r            4619     {inst40: u_spi_target.o_rx_data_CARRY4_S_1 (CARRY4)} {inst15: rx_data_strobe_FDCE_CE_2 (FDCE,site=cff)} 
   ----------------------------------------------------------------------------------------------------------------------------------------------------------------------------------------------------------------
   RBB_6/CLK                  RBB_6L        6  [TILE 0 0, RBB 1 22]       1539     r            6158                                                                                                             
   clk                        Clock net     2          (fanout=352)      -2325                     -                                                                                                             
   clk                        CLOCK-PORT    -                     -    capture     r            3833                                                                                                             
   ----------------------------------------------------------------------------------------------------------------------------------------------------------------------------------------------------------------


Path 66:
   Slack (not met):                         -1959ps
     Path type:                               SETUP
     Group:                              <UDEF_clk>
     Launching clock:                           clk (rising edge)
     Capturing clock:                           clk (rising edge)

     Requested period:                       2000ps
   + Delay of the capturing clock:           2325ps
   - Clock uncertainty:                       150ps
   = Required time:                          4175ps
   - Propagation time:                       3810ps (59.6% logic, 40.4% route, logic stage 1)
   - Delay of the launching clock:           2324ps
   = Slack:                                 -1959ps

   Instance/Pin or Net Name   Type         ID    Location or Fanout   Delay(ps)  Edge  Arrival Time(ps)    Instance detail                                                                                       
   ----------------------------------------------------------------------------------------------------------------------------------------------------------------------------------------------------------------
   clk                        CLOCK-PORT    -                     -     launch     r               0                                                                                                             
   clk                        Clock net     2          (fanout=352)       2324                     -                                                                                                             
   RBB_13/CLK                 RBB_6L       13  [TILE 0 0, RBB 1 24]          -     r            2324                                                                                                             
   ----------------------------------------------------------------------------------------------------------------------------------------------------------------------------------------------------------------
   RBB_13/AQ                  RBB_6L       13  [TILE 0 0, RBB 1 24]        800     r            3124     {inst46: u_spi_target.o_rx_data_FDCE_Q_5 (FDCE,site=aff)}                                               
   u_spi_target.o_rx_data[1]  Net          10            (fanout=2)       1539                     -                                                                                                             
   RBB_6/B1                   RBB_6L        6  [TILE 0 0, RBB 1 22]          -     r            4663     {inst40: u_spi_target.o_rx_data_CARRY4_S_1 (CARRY4)} {inst15: rx_data_strobe_FDCE_CE_2 (FDCE,site=cff)} 
   ----------------------------------------------------------------------------------------------------------------------------------------------------------------------------------------------------------------
   RBB_6/CLK                  RBB_6L        6  [TILE 0 0, RBB 1 22]       1471     r            6134                                                                                                             
   clk                        Clock net     2          (fanout=352)      -2325                     -                                                                                                             
   clk                        CLOCK-PORT    -                     -    capture     r            3809                                                                                                             
   ----------------------------------------------------------------------------------------------------------------------------------------------------------------------------------------------------------------


Path 71:
   Slack (not met):                         -1889ps
     Path type:                               SETUP
     Group:                              <UDEF_clk>
     Launching clock:                           clk (rising edge)
     Capturing clock:                           clk (rising edge)

     Requested period:                       2000ps
   + Delay of the capturing clock:           2325ps
   - Clock uncertainty:                       150ps
   = Required time:                          4175ps
   - Propagation time:                       3740ps (58.9% logic, 41.1% route, logic stage 1)
   - Delay of the launching clock:           2324ps
   = Slack:                                 -1889ps

   Instance/Pin or Net Name   Type         ID    Location or Fanout   Delay(ps)  Edge  Arrival Time(ps)    Instance detail                                                                                       
   ----------------------------------------------------------------------------------------------------------------------------------------------------------------------------------------------------------------
   clk                        CLOCK-PORT    -                     -     launch     r               0                                                                                                             
   clk                        Clock net     2          (fanout=352)       2324                     -                                                                                                             
   RBB_13/CLK                 RBB_6L       13  [TILE 0 0, RBB 1 24]          -     r            2324                                                                                                             
   ----------------------------------------------------------------------------------------------------------------------------------------------------------------------------------------------------------------
   RBB_13/AQ                  RBB_6L       13  [TILE 0 0, RBB 1 24]        800     r            3124     {inst46: u_spi_target.o_rx_data_FDCE_Q_5 (FDCE,site=aff)}                                               
   u_spi_target.o_rx_data[1]  Net          10            (fanout=2)       1539                     -                                                                                                             
   RBB_6/B1                   RBB_6L        6  [TILE 0 0, RBB 1 22]          -     r            4663     {inst40: u_spi_target.o_rx_data_CARRY4_S_1 (CARRY4)} {inst18: rx_data_strobe_FDCE_CE_3 (FDCE,site=bff)} 
   ----------------------------------------------------------------------------------------------------------------------------------------------------------------------------------------------------------------
   RBB_6/CLK                  RBB_6L        6  [TILE 0 0, RBB 1 22]       1401     r            6064                                                                                                             
   clk                        Clock net     2          (fanout=352)      -2325                     -                                                                                                             
   clk                        CLOCK-PORT    -                     -    capture     r            3739                                                                                                             
   ----------------------------------------------------------------------------------------------------------------------------------------------------------------------------------------------------------------


Path 67:
   Slack (not met):                         -1842ps
     Path type:                               SETUP
     Group:                              <UDEF_clk>
     Launching clock:                           clk (rising edge)
     Capturing clock:                           clk (rising edge)

     Requested period:                       2000ps
   + Delay of the capturing clock:           2325ps
   - Clock uncertainty:                       150ps
   = Required time:                          4175ps
   - Propagation time:                       3693ps (60.2% logic, 39.8% route, logic stage 1)
   - Delay of the launching clock:           2324ps
   = Slack:                                 -1842ps

   Instance/Pin or Net Name   Type         ID    Location or Fanout   Delay(ps)  Edge  Arrival Time(ps)    Instance detail                                                                                       
   ----------------------------------------------------------------------------------------------------------------------------------------------------------------------------------------------------------------
   clk                        CLOCK-PORT    -                     -     launch     r               0                                                                                                             
   clk                        Clock net     2          (fanout=352)       2324                     -                                                                                                             
   RBB_13/CLK                 RBB_6L       13  [TILE 0 0, RBB 1 24]          -     r            2324                                                                                                             
   ----------------------------------------------------------------------------------------------------------------------------------------------------------------------------------------------------------------
   RBB_13/DQ                  RBB_6L       13  [TILE 0 0, RBB 1 24]        800     r            3124     {inst44: u_spi_target.o_rx_data_FDCE_Q_3 (FDCE,site=dff)}                                               
   u_spi_target.o_rx_data[3]  Net          12            (fanout=2)       1470                     -                                                                                                             
   RBB_6/D1                   RBB_6L        6  [TILE 0 0, RBB 1 22]          -     r            4594     {inst40: u_spi_target.o_rx_data_CARRY4_S_1 (CARRY4)} {inst12: rx_data_strobe_FDCE_CE_1 (FDCE,site=dff)} 
   ----------------------------------------------------------------------------------------------------------------------------------------------------------------------------------------------------------------
   RBB_6/CLK                  RBB_6L        6  [TILE 0 0, RBB 1 22]       1423     r            6017                                                                                                             
   clk                        Clock net     2          (fanout=352)      -2325                     -                                                                                                             
   clk                        CLOCK-PORT    -                     -    capture     r            3692                                                                                                             
   ----------------------------------------------------------------------------------------------------------------------------------------------------------------------------------------------------------------


Path 81:
   Slack (not met):                         -1746ps
     Path type:                               SETUP
     Group:                              <UDEF_clk>
     Launching clock:                           clk (rising edge)
     Capturing clock:                           clk (rising edge)

     Requested period:                       2000ps
   + Delay of the capturing clock:           2159ps
   - Clock uncertainty:                       150ps
   = Required time:                          4009ps
   - Propagation time:                       3444ps (48.8% logic, 51.2% route, logic stage 1)
   - Delay of the launching clock:           2311ps
   = Slack:                                 -1746ps

   Instance/Pin or Net Name   Type         ID    Location or Fanout   Delay(ps)  Edge  Arrival Time(ps)    Instance detail                                                                         
   --------------------------------------------------------------------------------------------------------------------------------------------------------------------------------------------------
   clk                        CLOCK-PORT    -                     -     launch     r               0                                                                                               
   clk                        Clock net     2          (fanout=352)       2311                     -                                                                                               
   RBB_7/CLK                  RBB_6L        7  [TILE 0 0, RBB 4 22]          -     r            2311                                                                                               
   --------------------------------------------------------------------------------------------------------------------------------------------------------------------------------------------------
   RBB_7/DQ                   RBB_6L        7  [TILE 0 0, RBB 4 22]        800     r            3111     {inst26: spi_miso_LUT6_I0_I1_FDCE_Q_1 (FDCE,site=dff)}                                    
   spi_miso_LUT6_I0_I1[0]     Net          62            (fanout=1)       1763                     -                                                                                               
   RBB_12/C2                  RBB_6L       12  [TILE 0 0, RBB 1 16]          -     r            4874     {inst24: spi_miso_LUT6_I0 (LUT,site=clut,cluto)} {inst23: spi_miso_FDCE_Q (FDC,site=cff)} 
   --------------------------------------------------------------------------------------------------------------------------------------------------------------------------------------------------
   RBB_12/CLK                 RBB_6L       12  [TILE 0 0, RBB 1 16]        881     r            5755                                                                                               
   clk                        Clock net     2          (fanout=352)      -2159                     -                                                                                               
   clk                        CLOCK-PORT    -                     -    capture     r            3596                                                                                               
   --------------------------------------------------------------------------------------------------------------------------------------------------------------------------------------------------


Path 87:
   Slack (not met):                         -1606ps
     Path type:                               SETUP
     Group:                              <UDEF_clk>
     Launching clock:                           clk (rising edge)
     Capturing clock:                           clk (rising edge)

     Requested period:                       2000ps
   + Delay of the capturing clock:           2159ps
   - Clock uncertainty:                       150ps
   = Required time:                          4009ps
   - Propagation time:                       3304ps (48.3% logic, 51.7% route, logic stage 1)
   - Delay of the launching clock:           2311ps
   = Slack:                                 -1606ps

   Instance/Pin or Net Name                   Type         ID    Location or Fanout   Delay(ps)  Edge  Arrival Time(ps)    Instance detail                                                                                                       
   ------------------------------------------------------------------------------------------------------------------------------------------------------------------------------------------------------------------------------------------------
   clk                                        CLOCK-PORT    -                     -     launch     r               0                                                                                                                             
   clk                                        Clock net     2          (fanout=352)       2311                     -                                                                                                                             
   RBB_7/CLK                                  RBB_6L        7  [TILE 0 0, RBB 4 22]          -     r            2311                                                                                                                             
   ------------------------------------------------------------------------------------------------------------------------------------------------------------------------------------------------------------------------------------------------
   RBB_7/CQ                                   RBB_6L        7  [TILE 0 0, RBB 4 22]        800     r            3111     {inst29: spi_miso_LUT6_I0_I1_FDCE_Q_D_LUT6_O_I1_FDCE_Q_1 (FDCE,site=cff)}                                               
   spi_miso_LUT6_I0_I1_FDCE_Q_D_LUT6_O_I1[1]  Net          67            (fanout=1)       1709                     -                                                                                                                             
   RBB_12/B2                                  RBB_6L       12  [TILE 0 0, RBB 1 16]          -     r            4820     {inst27: spi_miso_LUT6_I0_I1_FDCE_Q_D_LUT6_O (LUT,site=blut,bluto)} {inst25: spi_miso_LUT6_I0_I1_FDCE_Q (FDC,site=bff)} 
   ------------------------------------------------------------------------------------------------------------------------------------------------------------------------------------------------------------------------------------------------
   RBB_12/CLK                                 RBB_6L       12  [TILE 0 0, RBB 1 16]        795     r            5615                                                                                                                             
   clk                                        Clock net     2          (fanout=352)      -2159                     -                                                                                                                             
   clk                                        CLOCK-PORT    -                     -    capture     r            3456                                                                                                                             
   ------------------------------------------------------------------------------------------------------------------------------------------------------------------------------------------------------------------------------------------------


Path 76:
   Slack (not met):                         -1589ps
     Path type:                               SETUP
     Group:                              <UDEF_clk>
     Launching clock:                           clk (rising edge)
     Capturing clock:                           clk (rising edge)

     Requested period:                       2000ps
   + Delay of the capturing clock:           2312ps
   - Clock uncertainty:                       150ps
   = Required time:                          4162ps
   - Propagation time:                       3433ps (50.2% logic, 49.8% route, logic stage 1)
   - Delay of the launching clock:           2318ps
   = Slack:                                 -1589ps

   Instance/Pin or Net Name                                                Type         ID    Location or Fanout   Delay(ps)  Edge  Arrival Time(ps)    Instance detail                                                                                                                                                             
   -----------------------------------------------------------------------------------------------------------------------------------------------------------------------------------------------------------------------------------------------------------------------------------------------------------------------------------
   clk                                                                     CLOCK-PORT    -                     -     launch     r               0                                                                                                                                                                                   
   clk                                                                     Clock net     2          (fanout=352)       2318                     -                                                                                                                                                                                   
   RBB_10/CLK                                                              RBB_6L       10  [TILE 0 0, RBB 1 20]          -     r            2318                                                                                                                                                                                   
   -----------------------------------------------------------------------------------------------------------------------------------------------------------------------------------------------------------------------------------------------------------------------------------------------------------------------------------
   RBB_10/DQ                                                               RBB_6L       10  [TILE 0 0, RBB 1 20]        800     r            3118     {inst54: u_spi_target.o_rx_data_valid_FDCE_Q_CE_LUT6_O_I3_CARRY4_CO_O_1_LUT4_I3_O_FDCE_D (FDC,site=dff)}                                                                      
   u_spi_target.o_rx_data_valid_FDCE_Q_CE_LUT6_O_I3_LUT5_I4_O_FDCE_D_Q[1]  Net          37            (fanout=5)       1708                     -                                                                                                                                                                                   
   RBB_11/D4                                                               RBB_6L       11  [TILE 0 0, RBB 1 12]          -     r            4826     {inst61: u_spi_target.o_rx_data_valid_FDCE_Q_CE_LUT6_O_I3_LUT5_I4 (LUT,site=dlut)} {inst62: u_spi_target.o_rx_data_valid_FDCE_Q_CE_LUT6_O_I3_LUT5_I4_O_FDCE_D (FDC,site=dff)} 
   -----------------------------------------------------------------------------------------------------------------------------------------------------------------------------------------------------------------------------------------------------------------------------------------------------------------------------------
   RBB_11/CLK                                                              RBB_6L       11  [TILE 0 0, RBB 1 12]        925     r            5751                                                                                                                                                                                   
   clk                                                                     Clock net     2          (fanout=352)      -2312                     -                                                                                                                                                                                   
   clk                                                                     CLOCK-PORT    -                     -    capture     r            3439                                                                                                                                                                                   
   -----------------------------------------------------------------------------------------------------------------------------------------------------------------------------------------------------------------------------------------------------------------------------------------------------------------------------------


Path 93:
   Slack (not met):                         -1581ps
     Path type:                               SETUP
     Group:                              <UDEF_clk>
     Launching clock:                           clk (rising edge)
     Capturing clock:                           clk (rising edge)

     Requested period:                       2000ps
   + Delay of the capturing clock:           2324ps
   - Clock uncertainty:                       150ps
   = Required time:                          4174ps
   - Propagation time:                       3431ps (67.8% logic, 32.2% route, logic stage 1)
   - Delay of the launching clock:           2324ps
   = Slack:                                 -1581ps

   Instance/Pin or Net Name   Type         ID    Location or Fanout   Delay(ps)  Edge  Arrival Time(ps)    Instance detail                                                                                                             
   --------------------------------------------------------------------------------------------------------------------------------------------------------------------------------------------------------------------------------------
   clk                        CLOCK-PORT    -                     -     launch     r               0                                                                                                                                   
   clk                        Clock net     2          (fanout=352)       2324                     -                                                                                                                                   
   RBB_13/CLK                 RBB_6L       13  [TILE 0 0, RBB 1 24]          -     r            2324                                                                                                                                   
   --------------------------------------------------------------------------------------------------------------------------------------------------------------------------------------------------------------------------------------
   RBB_13/DQ                  RBB_6L       13  [TILE 0 0, RBB 1 24]        800     r            3124     {inst44: u_spi_target.o_rx_data_FDCE_Q_3 (FDCE,site=dff)}                                                                     
   u_spi_target.o_rx_data[3]  Net          12            (fanout=2)       1106                     -                                                                                                                                   
   RBB_13/C1                  RBB_6L       13  [TILE 0 0, RBB 1 24]          -     r            4230     {inst93: u_spi_target.o_rx_data_FDCE_Q_2_buf93_i (LUT,site=cluto)} {inst43: u_spi_target.o_rx_data_FDCE_Q_2 (FDCE,site=cffo)} 
   --------------------------------------------------------------------------------------------------------------------------------------------------------------------------------------------------------------------------------------
   RBB_13/CLK                 RBB_6L       13  [TILE 0 0, RBB 1 24]       1525     r            5755                                                                                                                                   
   clk                        Clock net     2          (fanout=352)      -2324                     -                                                                                                                                   
   clk                        CLOCK-PORT    -                     -    capture     r            3431                                                                                                                                   
   --------------------------------------------------------------------------------------------------------------------------------------------------------------------------------------------------------------------------------------


Path 90:
   Slack (not met):                         -1469ps
     Path type:                               SETUP
     Group:                              <UDEF_clk>
     Launching clock:                           clk (rising edge)
     Capturing clock:                           clk (rising edge)

     Requested period:                       2000ps
   + Delay of the capturing clock:           2324ps
   - Clock uncertainty:                       150ps
   = Required time:                          4174ps
   - Propagation time:                       3319ps (83.7% logic, 16.3% route, logic stage 1)
   - Delay of the launching clock:           2324ps
   = Slack:                                 -1469ps

   Instance/Pin or Net Name   Type         ID    Location or Fanout   Delay(ps)  Edge  Arrival Time(ps)    Instance detail                                                                                                             
   --------------------------------------------------------------------------------------------------------------------------------------------------------------------------------------------------------------------------------------
   clk                        CLOCK-PORT    -                     -     launch     r               0                                                                                                                                   
   clk                        Clock net     2          (fanout=352)       2324                     -                                                                                                                                   
   RBB_13/CLK                 RBB_6L       13  [TILE 0 0, RBB 1 24]          -     r            2324                                                                                                                                   
   --------------------------------------------------------------------------------------------------------------------------------------------------------------------------------------------------------------------------------------
   RBB_13/CMUX                RBB_6L       13  [TILE 0 0, RBB 1 24]       1381     r            3705     {inst43: u_spi_target.o_rx_data_FDCE_Q_2 (FDCE,site=cffo)}                                                                    
   u_spi_target.o_rx_data[4]  Net          13            (fanout=2)        541                     -                                                                                                                                   
   RBB_13/D1                  RBB_6L       13  [TILE 0 0, RBB 1 24]          -     r            4246     {inst92: u_spi_target.o_rx_data_FDCE_Q_1_buf92_i (LUT,site=dluto)} {inst42: u_spi_target.o_rx_data_FDCE_Q_1 (FDCE,site=dffo)} 
   --------------------------------------------------------------------------------------------------------------------------------------------------------------------------------------------------------------------------------------
   RBB_13/CLK                 RBB_6L       13  [TILE 0 0, RBB 1 24]       1397     r            5643                                                                                                                                   
   clk                        Clock net     2          (fanout=352)      -2324                     -                                                                                                                                   
   clk                        CLOCK-PORT    -                     -    capture     r            3319                                                                                                                                   
   --------------------------------------------------------------------------------------------------------------------------------------------------------------------------------------------------------------------------------------


Path 85:
   Slack (not met):                         -1461ps
     Path type:                               SETUP
     Group:                              <UDEF_clk>
     Launching clock:                           clk (rising edge)
     Capturing clock:                           clk (rising edge)

     Requested period:                       2000ps
   + Delay of the capturing clock:           2318ps
   - Clock uncertainty:                       150ps
   = Required time:                          4168ps
   - Propagation time:                       3304ps (47.0% logic, 53.0% route, logic stage 1)
   - Delay of the launching clock:           2325ps
   = Slack:                                 -1461ps

   Instance/Pin or Net Name       Type         ID    Location or Fanout   Delay(ps)  Edge  Arrival Time(ps)    Instance detail                                                                                                                                                                                                                         
   ------------------------------------------------------------------------------------------------------------------------------------------------------------------------------------------------------------------------------------------------------------------------------------------------------------------------------------------------------
   clk                            CLOCK-PORT    -                     -     launch     r               0                                                                                                                                                                                                                                               
   clk                            Clock net     2          (fanout=352)       2325                     -                                                                                                                                                                                                                                               
   RBB_6/CLK                      RBB_6L        6  [TILE 0 0, RBB 1 22]          -     r            2325                                                                                                                                                                                                                                               
   ------------------------------------------------------------------------------------------------------------------------------------------------------------------------------------------------------------------------------------------------------------------------------------------------------------------------------------------------------
   RBB_6/DQ                       RBB_6L        6  [TILE 0 0, RBB 1 22]        800     r            3125     {inst12: rx_data_strobe_FDCE_CE_1 (FDCE,site=dff)}                                                                                                                                                                                        
   rx_data_strobe_FDCE_CE_1_Q[1]  Net          32            (fanout=1)       1752                     -                                                                                                                                                                                                                                               
   RBB_14/B2                      RBB_6L       14  [TILE 0 0, RBB 4 18]          -     r            4877     {inst35: spi_miso_LUT6_I0_I1_FDCE_Q_D_LUT6_O_I1_FDCE_Q_D_LUT6_O_I1_FDCE_Q_D_LUT6_O_I1_FDCE_Q_D_LUT6_O (LUT,site=blut,bluto)} {inst34: spi_miso_LUT6_I0_I1_FDCE_Q_D_LUT6_O_I1_FDCE_Q_D_LUT6_O_I1_FDCE_Q_D_LUT6_O_I1_FDCE_Q (FDC,site=bff)} 
   ------------------------------------------------------------------------------------------------------------------------------------------------------------------------------------------------------------------------------------------------------------------------------------------------------------------------------------------------------
   RBB_14/CLK                     RBB_6L       14  [TILE 0 0, RBB 4 18]        752     r            5629                                                                                                                                                                                                                                               
   clk                            Clock net     2          (fanout=352)      -2318                     -                                                                                                                                                                                                                                               
   clk                            CLOCK-PORT    -                     -    capture     r            3311                                                                                                                                                                                                                                               
   ------------------------------------------------------------------------------------------------------------------------------------------------------------------------------------------------------------------------------------------------------------------------------------------------------------------------------------------------------


Path 83:
   Slack (not met):                         -1435ps
     Path type:                               SETUP
     Group:                              <UDEF_clk>
     Launching clock:                           clk (rising edge)
     Capturing clock:                           clk (rising edge)

     Requested period:                       2000ps
   + Delay of the capturing clock:           2318ps
   - Clock uncertainty:                       150ps
   = Required time:                          4168ps
   - Propagation time:                       3285ps (47.2% logic, 52.8% route, logic stage 1)
   - Delay of the launching clock:           2318ps
   = Slack:                                 -1435ps

   Instance/Pin or Net Name       Type         ID    Location or Fanout   Delay(ps)  Edge  Arrival Time(ps)    Instance detail                                                                                                                                                                                                                         
   ------------------------------------------------------------------------------------------------------------------------------------------------------------------------------------------------------------------------------------------------------------------------------------------------------------------------------------------------------
   clk                            CLOCK-PORT    -                     -     launch     r               0                                                                                                                                                                                                                                               
   clk                            Clock net     2          (fanout=352)       2318                     -                                                                                                                                                                                                                                               
   RBB_10/CLK                     RBB_6L       10  [TILE 0 0, RBB 1 20]          -     r            2318                                                                                                                                                                                                                                               
   ------------------------------------------------------------------------------------------------------------------------------------------------------------------------------------------------------------------------------------------------------------------------------------------------------------------------------------------------------
   RBB_10/CQ                      RBB_6L       10  [TILE 0 0, RBB 1 20]        800     r            3118     {inst13: rx_data_strobe_FDCE_CE_1_Q_FDCE_Q (FDC,site=cff)}                                                                                                                                                                                
   rx_data_strobe_FDCE_CE_1_Q[0]  Net          31            (fanout=2)       1733                     -                                                                                                                                                                                                                                               
   RBB_14/B1                      RBB_6L       14  [TILE 0 0, RBB 4 18]          -     r            4851     {inst35: spi_miso_LUT6_I0_I1_FDCE_Q_D_LUT6_O_I1_FDCE_Q_D_LUT6_O_I1_FDCE_Q_D_LUT6_O_I1_FDCE_Q_D_LUT6_O (LUT,site=blut,bluto)} {inst34: spi_miso_LUT6_I0_I1_FDCE_Q_D_LUT6_O_I1_FDCE_Q_D_LUT6_O_I1_FDCE_Q_D_LUT6_O_I1_FDCE_Q (FDC,site=bff)} 
   ------------------------------------------------------------------------------------------------------------------------------------------------------------------------------------------------------------------------------------------------------------------------------------------------------------------------------------------------------
   RBB_14/CLK                     RBB_6L       14  [TILE 0 0, RBB 4 18]        752     r            5603                                                                                                                                                                                                                                               
   clk                            Clock net     2          (fanout=352)      -2318                     -                                                                                                                                                                                                                                               
   clk                            CLOCK-PORT    -                     -    capture     r            3285                                                                                                                                                                                                                                               
   ------------------------------------------------------------------------------------------------------------------------------------------------------------------------------------------------------------------------------------------------------------------------------------------------------------------------------------------------------


Path 89:
   Slack (not met):                         -1366ps
     Path type:                               SETUP
     Group:                              <UDEF_clk>
     Launching clock:                           clk (rising edge)
     Capturing clock:                           clk (rising edge)

     Requested period:                       2000ps
   + Delay of the capturing clock:           2159ps
   - Clock uncertainty:                       150ps
   = Required time:                          4009ps
   - Propagation time:                       3216ps (82.8% logic, 17.2% route, logic stage 1)
   - Delay of the launching clock:           2159ps
   = Slack:                                 -1366ps

   Instance/Pin or Net Name                                              Type         ID    Location or Fanout   Delay(ps)  Edge  Arrival Time(ps)    Instance detail                                                                                                                                                                                                     
   -------------------------------------------------------------------------------------------------------------------------------------------------------------------------------------------------------------------------------------------------------------------------------------------------------------------------------------------------------------------------
   clk                                                                   CLOCK-PORT    -                     -     launch     r               0                                                                                                                                                                                                                           
   clk                                                                   Clock net     2          (fanout=352)       2159                     -                                                                                                                                                                                                                           
   RBB_12/CLK                                                            RBB_6L       12  [TILE 0 0, RBB 1 16]          -     r            2159                                                                                                                                                                                                                           
   -------------------------------------------------------------------------------------------------------------------------------------------------------------------------------------------------------------------------------------------------------------------------------------------------------------------------------------------------------------------------
   RBB_12/DMUX                                                           RBB_6L       12  [TILE 0 0, RBB 1 16]       1466     r            3625     {inst58: u_spi_target.o_rx_data_valid_FDCE_Q_CE_LUT6_O_I3_CARRY4_CO_S_INV_O_I_FDCE_Q (FDC,site=dffo)}                                                                                                                 
   u_spi_target.o_rx_data_valid_FDCE_Q_CE_LUT6_O_I3_CARRY4_CO_S_INV_O_I  Net          51            (fanout=3)        552                     -                                                                                                                                                                                                                           
   RBB_12/D4                                                             RBB_6L       12  [TILE 0 0, RBB 1 16]          -     r            4177     {inst59: u_spi_target.o_rx_data_valid_FDCE_Q_CE_LUT6_O_I3_CARRY4_CO_S_INV_O_I_FDCE_Q_D_LUT3_O (LUT,site=dluto)} {inst58: u_spi_target.o_rx_data_valid_FDCE_Q_CE_LUT6_O_I3_CARRY4_CO_S_INV_O_I_FDCE_Q (FDC,site=dffo)} 
   -------------------------------------------------------------------------------------------------------------------------------------------------------------------------------------------------------------------------------------------------------------------------------------------------------------------------------------------------------------------------
   RBB_12/CLK                                                            RBB_6L       12  [TILE 0 0, RBB 1 16]       1198     r            5375                                                                                                                                                                                                                           
   clk                                                                   Clock net     2          (fanout=352)      -2159                     -                                                                                                                                                                                                                           
   clk                                                                   CLOCK-PORT    -                     -    capture     r            3216                                                                                                                                                                                                                           
   -------------------------------------------------------------------------------------------------------------------------------------------------------------------------------------------------------------------------------------------------------------------------------------------------------------------------------------------------------------------------


Path 84:
   Slack (not met):                         -1359ps
     Path type:                               SETUP
     Group:                              <UDEF_clk>
     Launching clock:                           clk (rising edge)
     Capturing clock:                           clk (rising edge)

     Requested period:                       2000ps
   + Delay of the capturing clock:           2159ps
   - Clock uncertainty:                       150ps
   = Required time:                          4009ps
   - Propagation time:                       3050ps (52.4% logic, 47.6% route, logic stage 1)
   - Delay of the launching clock:           2318ps
   = Slack:                                 -1359ps

   Instance/Pin or Net Name                   Type         ID    Location or Fanout   Delay(ps)  Edge  Arrival Time(ps)    Instance detail                                                                                                       
   ------------------------------------------------------------------------------------------------------------------------------------------------------------------------------------------------------------------------------------------------
   clk                                        CLOCK-PORT    -                     -     launch     r               0                                                                                                                             
   clk                                        Clock net     2          (fanout=352)       2318                     -                                                                                                                             
   RBB_14/CLK                                 RBB_6L       14  [TILE 0 0, RBB 4 18]          -     r            2318                                                                                                                             
   ------------------------------------------------------------------------------------------------------------------------------------------------------------------------------------------------------------------------------------------------
   RBB_14/DQ                                  RBB_6L       14  [TILE 0 0, RBB 4 18]        800     r            3118     {inst28: spi_miso_LUT6_I0_I1_FDCE_Q_D_LUT6_O_I1_FDCE_Q (FDC,site=dff)}                                                  
   spi_miso_LUT6_I0_I1_FDCE_Q_D_LUT6_O_I1[0]  Net          66            (fanout=2)       1452                     -                                                                                                                             
   RBB_12/B1                                  RBB_6L       12  [TILE 0 0, RBB 1 16]          -     r            4570     {inst27: spi_miso_LUT6_I0_I1_FDCE_Q_D_LUT6_O (LUT,site=blut,bluto)} {inst25: spi_miso_LUT6_I0_I1_FDCE_Q (FDC,site=bff)} 
   ------------------------------------------------------------------------------------------------------------------------------------------------------------------------------------------------------------------------------------------------
   RBB_12/CLK                                 RBB_6L       12  [TILE 0 0, RBB 1 16]        798     r            5368                                                                                                                             
   clk                                        Clock net     2          (fanout=352)      -2159                     -                                                                                                                             
   clk                                        CLOCK-PORT    -                     -    capture     r            3209                                                                                                                             
   ------------------------------------------------------------------------------------------------------------------------------------------------------------------------------------------------------------------------------------------------


Path 62:
   Slack (not met):                         -1327ps
     Path type:                               SETUP
     Group:                              <UDEF_clk>
     Launching clock:                           clk (rising edge)
     Capturing clock:                           clk (rising edge)

     Requested period:                       2000ps
   + Delay of the capturing clock:           2318ps
   - Clock uncertainty:                       150ps
   = Required time:                          4168ps
   - Propagation time:                       3336ps (72.1% logic, 27.9% route, logic stage 1)
   - Delay of the launching clock:           2159ps
   = Slack:                                 -1327ps

   Instance/Pin or Net Name    Type         ID    Location or Fanout   Delay(ps)  Edge  Arrival Time(ps)    Instance detail                                                  
   ----------------------------------------------------------------------------------------------------------------------------------------------------------------------------
   clk                         CLOCK-PORT    -                     -     launch     r               0                                                                        
   clk                         Clock net     2          (fanout=352)       2159                     -                                                                        
   RBB_12/CLK                  RBB_6L       12  [TILE 0 0, RBB 1 16]          -     r            2159                                                                        
   ----------------------------------------------------------------------------------------------------------------------------------------------------------------------------
   RBB_12/CMUX                 RBB_6L       12  [TILE 0 0, RBB 1 16]       1380     r            3539     {inst64: u_spi_target.r_sck_sync_FDCE_Q (FDC,site=cffo)}           
   u_spi_target.r_sck_sync[1]  Net          21            (fanout=3)        931                     -                                                                        
   RBB_14/D6                   RBB_6L       14  [TILE 0 0, RBB 4 18]          -     r            4470     {inst70: u_spi_target.w_sck_edge_LUT2_O_I0_FDCE_Q (FDC,site=dffo)} 
   ----------------------------------------------------------------------------------------------------------------------------------------------------------------------------
   RBB_14/CLK                  RBB_6L       14  [TILE 0 0, RBB 4 18]       1025     r            5495                                                                        
   clk                         Clock net     2          (fanout=352)      -2318                     -                                                                        
   clk                         CLOCK-PORT    -                     -    capture     r            3177                                                                        
   ----------------------------------------------------------------------------------------------------------------------------------------------------------------------------


Path 91:
   Slack (not met):                         -1236ps
     Path type:                               SETUP
     Group:                              <UDEF_clk>
     Launching clock:                           clk (rising edge)
     Capturing clock:                           clk (rising edge)

     Requested period:                       2000ps
   + Delay of the capturing clock:           2159ps
   - Clock uncertainty:                       150ps
   = Required time:                          4009ps
   - Propagation time:                       3086ps (64.6% logic, 35.4% route, logic stage 1)
   - Delay of the launching clock:           2159ps
   = Slack:                                 -1236ps

   Instance/Pin or Net Name     Type         ID    Location or Fanout   Delay(ps)  Edge  Arrival Time(ps)    Instance detail                                                                                                                                                                                                     
   --------------------------------------------------------------------------------------------------------------------------------------------------------------------------------------------------------------------------------------------------------------------------------------------------------------------------------
   clk                          CLOCK-PORT    -                     -     launch     r               0                                                                                                                                                                                                                           
   clk                          Clock net     2          (fanout=352)       2159                     -                                                                                                                                                                                                                           
   RBB_12/CLK                   RBB_6L       12  [TILE 0 0, RBB 1 16]          -     r            2159                                                                                                                                                                                                                           
   --------------------------------------------------------------------------------------------------------------------------------------------------------------------------------------------------------------------------------------------------------------------------------------------------------------------------------
   RBB_12/AQ                    RBB_6L       12  [TILE 0 0, RBB 1 16]        800     r            2959     {inst66: u_spi_target.r_ss_n_sync_FDPE_Q (FDP,site=aff)}                                                                                                                                                              
   u_spi_target.r_ss_n_sync[1]  Net          19            (fanout=7)       1092                     -                                                                                                                                                                                                                           
   RBB_12/D5                    RBB_6L       12  [TILE 0 0, RBB 1 16]          -     r            4051     {inst59: u_spi_target.o_rx_data_valid_FDCE_Q_CE_LUT6_O_I3_CARRY4_CO_S_INV_O_I_FDCE_Q_D_LUT3_O (LUT,site=dluto)} {inst58: u_spi_target.o_rx_data_valid_FDCE_Q_CE_LUT6_O_I3_CARRY4_CO_S_INV_O_I_FDCE_Q (FDC,site=dffo)} 
   --------------------------------------------------------------------------------------------------------------------------------------------------------------------------------------------------------------------------------------------------------------------------------------------------------------------------------
   RBB_12/CLK                   RBB_6L       12  [TILE 0 0, RBB 1 16]       1194     r            5245                                                                                                                                                                                                                           
   clk                          Clock net     2          (fanout=352)      -2159                     -                                                                                                                                                                                                                           
   clk                          CLOCK-PORT    -                     -    capture     r            3086                                                                                                                                                                                                                           
   --------------------------------------------------------------------------------------------------------------------------------------------------------------------------------------------------------------------------------------------------------------------------------------------------------------------------------


Path 82:
   Slack (not met):                         -1232ps
     Path type:                               SETUP
     Group:                              <UDEF_clk>
     Launching clock:                           clk (rising edge)
     Capturing clock:                           clk (rising edge)

     Requested period:                       2000ps
   + Delay of the capturing clock:           2318ps
   - Clock uncertainty:                       150ps
   = Required time:                          4168ps
   - Propagation time:                       3081ps (52.1% logic, 47.9% route, logic stage 1)
   - Delay of the launching clock:           2319ps
   = Slack:                                 -1232ps

   Instance/Pin or Net Name      Type         ID    Location or Fanout   Delay(ps)  Edge  Arrival Time(ps)    Instance detail                                             
   -------------------------------------------------------------------------------------------------------------------------------------------------------------------------
   clk                           CLOCK-PORT    -                     -     launch     r               0                                                                   
   clk                           Clock net     2          (fanout=352)       2319                     -                                                                   
   RBB_9/CLK                     RBB_6L        9  [TILE 0 0, RBB 1 18]          -     r            2319                                                                   
   -------------------------------------------------------------------------------------------------------------------------------------------------------------------------
   RBB_9/DQ                      RBB_6L        9  [TILE 0 0, RBB 1 18]        800     r            3119     {inst50: u_spi_target.o_rx_data_valid_FDCE_Q (FDCE,site=dff)} 
   u_spi_target.o_rx_data_valid  Net          16            (fanout=2)       1477                     -                                                                   
   RBB_10/C6                     RBB_6L       10  [TILE 0 0, RBB 1 20]          -     r            4596     {inst49: u_spi_target.o_rx_data_valid_FDCE_D (FDC,site=cffo)} 
   -------------------------------------------------------------------------------------------------------------------------------------------------------------------------
   RBB_10/CLK                    RBB_6L       10  [TILE 0 0, RBB 1 20]        804     r            5400                                                                   
   clk                           Clock net     2          (fanout=352)      -2318                     -                                                                   
   clk                           CLOCK-PORT    -                     -    capture     r            3082                                                                   
   -------------------------------------------------------------------------------------------------------------------------------------------------------------------------


Path 79:
   Slack (not met):                         -1197ps
     Path type:                               SETUP
     Group:                              <UDEF_clk>
     Launching clock:                           clk (rising edge)
     Capturing clock:                           clk (rising edge)

     Requested period:                       2000ps
   + Delay of the capturing clock:           2318ps
   - Clock uncertainty:                       150ps
   = Required time:                          4168ps
   - Propagation time:                       3054ps (55.2% logic, 44.8% route, logic stage 1)
   - Delay of the launching clock:           2311ps
   = Slack:                                 -1197ps

   Instance/Pin or Net Name                                                         Type         ID    Location or Fanout   Delay(ps)  Edge  Arrival Time(ps)    Instance detail                                                                                                                                                                                   
   ------------------------------------------------------------------------------------------------------------------------------------------------------------------------------------------------------------------------------------------------------------------------------------------------------------------------------------------------------------------
   clk                                                                              CLOCK-PORT    -                     -     launch     r               0                                                                                                                                                                                                         
   clk                                                                              Clock net     2          (fanout=352)       2311                     -                                                                                                                                                                                                         
   RBB_7/CLK                                                                        RBB_6L        7  [TILE 0 0, RBB 4 22]          -     r            2311                                                                                                                                                                                                         
   ------------------------------------------------------------------------------------------------------------------------------------------------------------------------------------------------------------------------------------------------------------------------------------------------------------------------------------------------------------------
   RBB_7/AQ                                                                         RBB_6L        7  [TILE 0 0, RBB 4 22]        800     r            3111     {inst11: rx_data_strobe_FDCE_CE (FDCE,site=aff)}                                                                                                                                                    
   spi_miso_LUT6_I0_I1_FDCE_Q_D_LUT6_O_I1_FDCE_Q_D_LUT6_O_I1_FDCE_Q_D_LUT6_O_I1[1]  Net          25            (fanout=1)       1369                     -                                                                                                                                                                                                         
   RBB_14/C1                                                                        RBB_6L       14  [TILE 0 0, RBB 4 18]          -     r            4480     {inst33: spi_miso_LUT6_I0_I1_FDCE_Q_D_LUT6_O_I1_FDCE_Q_D_LUT6_O_I1_FDCE_Q_D_LUT6_O (LUT,site=clut,cluto)} {inst31: spi_miso_LUT6_I0_I1_FDCE_Q_D_LUT6_O_I1_FDCE_Q_D_LUT6_O_I1_FDCE_Q (FDC,site=cff)} 
   ------------------------------------------------------------------------------------------------------------------------------------------------------------------------------------------------------------------------------------------------------------------------------------------------------------------------------------------------------------------
   RBB_14/CLK                                                                       RBB_6L       14  [TILE 0 0, RBB 4 18]        885     r            5365                                                                                                                                                                                                         
   clk                                                                              Clock net     2          (fanout=352)      -2318                     -                                                                                                                                                                                                         
   clk                                                                              CLOCK-PORT    -                     -    capture     r            3047                                                                                                                                                                                                         
   ------------------------------------------------------------------------------------------------------------------------------------------------------------------------------------------------------------------------------------------------------------------------------------------------------------------------------------------------------------------


Path 112:
   Slack (not met):                         -1162ps
     Path type:                               SETUP
     Group:                              <UDEF_clk>
     Launching clock:                           clk (rising edge)
     Capturing clock:                           clk (rising edge)

     Requested period:                       2000ps
   + Delay of the capturing clock:           2324ps
   - Clock uncertainty:                       150ps
   = Required time:                          4174ps
   - Propagation time:                       3012ps (61.5% logic, 38.5% route, logic stage 1)
   - Delay of the launching clock:           2324ps
   = Slack:                                 -1162ps

   Instance/Pin or Net Name   Type         ID    Location or Fanout   Delay(ps)  Edge  Arrival Time(ps)    Instance detail                                                                                                            
   -------------------------------------------------------------------------------------------------------------------------------------------------------------------------------------------------------------------------------------
   clk                        CLOCK-PORT    -                     -     launch     r               0                                                                                                                                  
   clk                        Clock net     2          (fanout=352)       2324                     -                                                                                                                                  
   RBB_13/CLK                 RBB_6L       13  [TILE 0 0, RBB 1 24]          -     r            2324                                                                                                                                  
   -------------------------------------------------------------------------------------------------------------------------------------------------------------------------------------------------------------------------------------
   RBB_13/AQ                  RBB_6L       13  [TILE 0 0, RBB 1 24]        800     r            3124     {inst46: u_spi_target.o_rx_data_FDCE_Q_5 (FDCE,site=aff)}                                                                    
   u_spi_target.o_rx_data[1]  Net          10            (fanout=2)       1161                     -                                                                                                                                  
   RBB_13/B1                  RBB_6L       13  [TILE 0 0, RBB 1 24]          -     r            4285     {inst94: u_spi_target.o_rx_data_FDCE_Q_4_buf94_i (LUT,site=bluto)} {inst45: u_spi_target.o_rx_data_FDCE_Q_4 (FDCE,site=bff)} 
   -------------------------------------------------------------------------------------------------------------------------------------------------------------------------------------------------------------------------------------
   RBB_13/CLK                 RBB_6L       13  [TILE 0 0, RBB 1 24]       1051     r            5336                                                                                                                                  
   clk                        Clock net     2          (fanout=352)      -2324                     -                                                                                                                                  
   clk                        CLOCK-PORT    -                     -    capture     r            3012                                                                                                                                  
   -------------------------------------------------------------------------------------------------------------------------------------------------------------------------------------------------------------------------------------


Path 75:
   Slack (not met):                         -1136ps
     Path type:                               SETUP
     Group:                              <UDEF_clk>
     Launching clock:                           clk (rising edge)
     Capturing clock:                           clk (rising edge)

     Requested period:                       2000ps
   + Delay of the capturing clock:           2312ps
   - Clock uncertainty:                       150ps
   = Required time:                          4162ps
   - Propagation time:                       3139ps (55.0% logic, 45.0% route, logic stage 1)
   - Delay of the launching clock:           2159ps
   = Slack:                                 -1136ps

   Instance/Pin or Net Name     Type         ID    Location or Fanout   Delay(ps)  Edge  Arrival Time(ps)    Instance detail                                                                                                                                                             
   ----------------------------------------------------------------------------------------------------------------------------------------------------------------------------------------------------------------------------------------------------------------------------------------
   clk                          CLOCK-PORT    -                     -     launch     r               0                                                                                                                                                                                   
   clk                          Clock net     2          (fanout=352)       2159                     -                                                                                                                                                                                   
   RBB_12/CLK                   RBB_6L       12  [TILE 0 0, RBB 1 16]          -     r            2159                                                                                                                                                                                   
   ----------------------------------------------------------------------------------------------------------------------------------------------------------------------------------------------------------------------------------------------------------------------------------------
   RBB_12/AQ                    RBB_6L       12  [TILE 0 0, RBB 1 16]        800     r            2959     {inst66: u_spi_target.r_ss_n_sync_FDPE_Q (FDP,site=aff)}                                                                                                                      
   u_spi_target.r_ss_n_sync[1]  Net          19            (fanout=7)       1414                     -                                                                                                                                                                                   
   RBB_11/D2                    RBB_6L       11  [TILE 0 0, RBB 1 12]          -     r            4373     {inst61: u_spi_target.o_rx_data_valid_FDCE_Q_CE_LUT6_O_I3_LUT5_I4 (LUT,site=dlut)} {inst62: u_spi_target.o_rx_data_valid_FDCE_Q_CE_LUT6_O_I3_LUT5_I4_O_FDCE_D (FDC,site=dff)} 
   ----------------------------------------------------------------------------------------------------------------------------------------------------------------------------------------------------------------------------------------------------------------------------------------
   RBB_11/CLK                   RBB_6L       11  [TILE 0 0, RBB 1 12]        925     r            5298                                                                                                                                                                                   
   clk                          Clock net     2          (fanout=352)      -2312                     -                                                                                                                                                                                   
   clk                          CLOCK-PORT    -                     -    capture     r            2986                                                                                                                                                                                   
   ----------------------------------------------------------------------------------------------------------------------------------------------------------------------------------------------------------------------------------------------------------------------------------------


Path 77:
   Slack (not met):                         -1132ps
     Path type:                               SETUP
     Group:                              <UDEF_clk>
     Launching clock:                           clk (rising edge)
     Capturing clock:                           clk (rising edge)

     Requested period:                       2000ps
   + Delay of the capturing clock:           2318ps
   - Clock uncertainty:                       150ps
   = Required time:                          4168ps
   - Propagation time:                       2989ps (55.6% logic, 44.4% route, logic stage 1)
   - Delay of the launching clock:           2311ps
   = Slack:                                 -1132ps

   Instance/Pin or Net Name                                      Type         ID    Location or Fanout   Delay(ps)  Edge  Arrival Time(ps)    Instance detail                                                                                                                                             
   ---------------------------------------------------------------------------------------------------------------------------------------------------------------------------------------------------------------------------------------------------------------------------------------------------------
   clk                                                           CLOCK-PORT    -                     -     launch     r               0                                                                                                                                                                   
   clk                                                           Clock net     2          (fanout=352)       2311                     -                                                                                                                                                                   
   RBB_7/CLK                                                     RBB_6L        7  [TILE 0 0, RBB 4 22]          -     r            2311                                                                                                                                                                   
   ---------------------------------------------------------------------------------------------------------------------------------------------------------------------------------------------------------------------------------------------------------------------------------------------------------
   RBB_7/BQ                                                      RBB_6L        7  [TILE 0 0, RBB 4 22]        800     r            3111     {inst32: spi_miso_LUT6_I0_I1_FDCE_Q_D_LUT6_O_I1_FDCE_Q_D_LUT6_O_I1_FDCE_Q_1 (FDCE,site=bff)}                                                                  
   spi_miso_LUT6_I0_I1_FDCE_Q_D_LUT6_O_I1_FDCE_Q_D_LUT6_O_I1[1]  Net          34            (fanout=1)       1328                     -                                                                                                                                                                   
   RBB_14/D3                                                     RBB_6L       14  [TILE 0 0, RBB 4 18]          -     r            4439     {inst30: spi_miso_LUT6_I0_I1_FDCE_Q_D_LUT6_O_I1_FDCE_Q_D_LUT6_O (LUT,site=dlut,dluto)} {inst28: spi_miso_LUT6_I0_I1_FDCE_Q_D_LUT6_O_I1_FDCE_Q (FDC,site=dff)} 
   ---------------------------------------------------------------------------------------------------------------------------------------------------------------------------------------------------------------------------------------------------------------------------------------------------------
   RBB_14/CLK                                                    RBB_6L       14  [TILE 0 0, RBB 4 18]        861     r            5300                                                                                                                                                                   
   clk                                                           Clock net     2          (fanout=352)      -2318                     -                                                                                                                                                                   
   clk                                                           CLOCK-PORT    -                     -    capture     r            2982                                                                                                                                                                   
   ---------------------------------------------------------------------------------------------------------------------------------------------------------------------------------------------------------------------------------------------------------------------------------------------------------


Path 74:
   Slack (not met):                         -1114ps
     Path type:                               SETUP
     Group:                              <UDEF_clk>
     Launching clock:                           clk (rising edge)
     Capturing clock:                           clk (rising edge)

     Requested period:                       2000ps
   + Delay of the capturing clock:           2318ps
   - Clock uncertainty:                       150ps
   = Required time:                          4168ps
   - Propagation time:                       3123ps (55.2% logic, 44.8% route, logic stage 1)
   - Delay of the launching clock:           2159ps
   = Slack:                                 -1114ps

   Instance/Pin or Net Name     Type         ID    Location or Fanout   Delay(ps)  Edge  Arrival Time(ps)    Instance detail                                                                                                                                                                                         
   --------------------------------------------------------------------------------------------------------------------------------------------------------------------------------------------------------------------------------------------------------------------------------------------------------------------
   clk                          CLOCK-PORT    -                     -     launch     r               0                                                                                                                                                                                                               
   clk                          Clock net     2          (fanout=352)       2159                     -                                                                                                                                                                                                               
   RBB_12/CLK                   RBB_6L       12  [TILE 0 0, RBB 1 16]          -     r            2159                                                                                                                                                                                                               
   --------------------------------------------------------------------------------------------------------------------------------------------------------------------------------------------------------------------------------------------------------------------------------------------------------------------
   RBB_12/AQ                    RBB_6L       12  [TILE 0 0, RBB 1 16]        800     r            2959     {inst66: u_spi_target.r_ss_n_sync_FDPE_Q (FDP,site=aff)}                                                                                                                                                  
   u_spi_target.r_ss_n_sync[1]  Net          19            (fanout=7)       1398                     -                                                                                                                                                                                                               
   RBB_10/D3                    RBB_6L       10  [TILE 0 0, RBB 1 20]          -     r            4357     {inst53: u_spi_target.o_rx_data_valid_FDCE_Q_CE_LUT6_O_I3_CARRY4_CO_O_1_LUT4_I3 (LUT,site=dlut)} {inst54: u_spi_target.o_rx_data_valid_FDCE_Q_CE_LUT6_O_I3_CARRY4_CO_O_1_LUT4_I3_O_FDCE_D (FDC,site=dff)} 
   --------------------------------------------------------------------------------------------------------------------------------------------------------------------------------------------------------------------------------------------------------------------------------------------------------------------
   RBB_10/CLK                   RBB_6L       10  [TILE 0 0, RBB 1 20]        925     r            5282                                                                                                                                                                                                               
   clk                          Clock net     2          (fanout=352)      -2318                     -                                                                                                                                                                                                               
   clk                          CLOCK-PORT    -                     -    capture     r            2964                                                                                                                                                                                                               
   --------------------------------------------------------------------------------------------------------------------------------------------------------------------------------------------------------------------------------------------------------------------------------------------------------------------


Path 78:
   Slack (not met):                         -1062ps
     Path type:                               SETUP
     Group:                              <UDEF_clk>
     Launching clock:                           clk (rising edge)
     Capturing clock:                           clk (rising edge)

     Requested period:                       2000ps
   + Delay of the capturing clock:           2318ps
   - Clock uncertainty:                       150ps
   = Required time:                          4168ps
   - Propagation time:                       3071ps (55.8% logic, 44.2% route, logic stage 1)
   - Delay of the launching clock:           2159ps
   = Slack:                                 -1062ps

   Instance/Pin or Net Name     Type         ID    Location or Fanout   Delay(ps)  Edge  Arrival Time(ps)    Instance detail                                        
   -------------------------------------------------------------------------------------------------------------------------------------------------------------------
   clk                          CLOCK-PORT    -                     -     launch     r               0                                                              
   clk                          Clock net     2          (fanout=352)       2159                     -                                                              
   RBB_12/CLK                   RBB_6L       12  [TILE 0 0, RBB 1 16]          -     r            2159                                                              
   -------------------------------------------------------------------------------------------------------------------------------------------------------------------
   RBB_12/AQ                    RBB_6L       12  [TILE 0 0, RBB 1 16]        800     r            2959     {inst66: u_spi_target.r_ss_n_sync_FDPE_Q (FDP,site=aff)} 
   u_spi_target.r_ss_n_sync[1]  Net          19            (fanout=7)       1356                     -                                                              
   RBB_10/D6                    RBB_6L       10  [TILE 0 0, RBB 1 20]          -     r            4315     {inst37: spi_miso_en_INV_O_I_FDPE_Q (FDP,site=dffo)}     
   -------------------------------------------------------------------------------------------------------------------------------------------------------------------
   RBB_10/CLK                   RBB_6L       10  [TILE 0 0, RBB 1 20]        915     r            5230                                                              
   clk                          Clock net     2          (fanout=352)      -2318                     -                                                              
   clk                          CLOCK-PORT    -                     -    capture     r            2912                                                              
   -------------------------------------------------------------------------------------------------------------------------------------------------------------------


Path 72:
   Slack (not met):                         -1027ps
     Path type:                               SETUP
     Group:                              <UDEF_clk>
     Launching clock:                           clk (rising edge)
     Capturing clock:                           clk (rising edge)

     Requested period:                       2000ps
   + Delay of the capturing clock:           2318ps
   - Clock uncertainty:                       150ps
   = Required time:                          4168ps
   - Propagation time:                       2870ps (56.6% logic, 43.4% route, logic stage 1)
   - Delay of the launching clock:           2325ps
   = Slack:                                 -1027ps

   Instance/Pin or Net Name       Type         ID    Location or Fanout   Delay(ps)  Edge  Arrival Time(ps)    Instance detail                                                                                                       
   ------------------------------------------------------------------------------------------------------------------------------------------------------------------------------------------------------------------------------------
   clk                            CLOCK-PORT    -                     -     launch     r               0                                                                                                                             
   clk                            Clock net     2          (fanout=352)       2325                     -                                                                                                                             
   RBB_6/CLK                      RBB_6L        6  [TILE 0 0, RBB 1 22]          -     r            2325                                                                                                                             
   ------------------------------------------------------------------------------------------------------------------------------------------------------------------------------------------------------------------------------------
   RBB_6/AQ                       RBB_6L        6  [TILE 0 0, RBB 1 22]        800     r            3125     {inst20: rx_data_strobe_FDCE_CE_4 (FDCE,site=aff)}                                                                      
   rx_data_strobe_FDCE_CE_4_Q[0]  Net          70            (fanout=1)       1246                     -                                                                                                                             
   RBB_10/A1                      RBB_6L       10  [TILE 0 0, RBB 1 20]          -     r            4371     {inst21: rx_data_strobe_FDCE_CE_4_Q_LUT5_I1 (LUT,site=alut)} {inst19: rx_data_strobe_FDCE_CE_3_Q_FDCE_Q (FDC,site=aff)} 
   ------------------------------------------------------------------------------------------------------------------------------------------------------------------------------------------------------------------------------------
   RBB_10/CLK                     RBB_6L       10  [TILE 0 0, RBB 1 20]        824     r            5195                                                                                                                             
   clk                            Clock net     2          (fanout=352)      -2318                     -                                                                                                                             
   clk                            CLOCK-PORT    -                     -    capture     r            2877                                                                                                                             
   ------------------------------------------------------------------------------------------------------------------------------------------------------------------------------------------------------------------------------------


Path 100:
   Slack (not met):                          -984ps
     Path type:                               SETUP
     Group:                              <UDEF_clk>
     Launching clock:                           clk (rising edge)
     Capturing clock:                           clk (rising edge)

     Requested period:                       2000ps
   + Delay of the capturing clock:           2312ps
   - Clock uncertainty:                       150ps
   = Required time:                          4162ps
   - Propagation time:                       2834ps (60.9% logic, 39.1% route, logic stage 1)
   - Delay of the launching clock:           2312ps
   = Slack:                                  -984ps

   Instance/Pin or Net Name                                                Type         ID    Location or Fanout   Delay(ps)  Edge  Arrival Time(ps)    Instance detail                                                                                                                                                             
   -----------------------------------------------------------------------------------------------------------------------------------------------------------------------------------------------------------------------------------------------------------------------------------------------------------------------------------
   clk                                                                     CLOCK-PORT    -                     -     launch     r               0                                                                                                                                                                                   
   clk                                                                     Clock net     2          (fanout=352)       2312                     -                                                                                                                                                                                   
   RBB_11/CLK                                                              RBB_6L       11  [TILE 0 0, RBB 1 12]          -     r            2312                                                                                                                                                                                   
   -----------------------------------------------------------------------------------------------------------------------------------------------------------------------------------------------------------------------------------------------------------------------------------------------------------------------------------
   RBB_11/DQ                                                               RBB_6L       11  [TILE 0 0, RBB 1 12]        800     r            3112     {inst62: u_spi_target.o_rx_data_valid_FDCE_Q_CE_LUT6_O_I3_LUT5_I4_O_FDCE_D (FDC,site=dff)}                                                                                    
   u_spi_target.o_rx_data_valid_FDCE_Q_CE_LUT6_O_I3_LUT5_I4_O_FDCE_D_Q[0]  Net          36            (fanout=4)       1109                     -                                                                                                                                                                                   
   RBB_11/D3                                                               RBB_6L       11  [TILE 0 0, RBB 1 12]          -     r            4221     {inst61: u_spi_target.o_rx_data_valid_FDCE_Q_CE_LUT6_O_I3_LUT5_I4 (LUT,site=dlut)} {inst62: u_spi_target.o_rx_data_valid_FDCE_Q_CE_LUT6_O_I3_LUT5_I4_O_FDCE_D (FDC,site=dff)} 
   -----------------------------------------------------------------------------------------------------------------------------------------------------------------------------------------------------------------------------------------------------------------------------------------------------------------------------------
   RBB_11/CLK                                                              RBB_6L       11  [TILE 0 0, RBB 1 12]        925     r            5146                                                                                                                                                                                   
   clk                                                                     Clock net     2          (fanout=352)      -2312                     -                                                                                                                                                                                   
   clk                                                                     CLOCK-PORT    -                     -    capture     r            2834                                                                                                                                                                                   
   -----------------------------------------------------------------------------------------------------------------------------------------------------------------------------------------------------------------------------------------------------------------------------------------------------------------------------------


Path 98:
   Slack (not met):                          -983ps
     Path type:                               SETUP
     Group:                              <UDEF_clk>
     Launching clock:                           clk (rising edge)
     Capturing clock:                           clk (rising edge)

     Requested period:                       2000ps
   + Delay of the capturing clock:           2159ps
   - Clock uncertainty:                       150ps
   = Required time:                          4009ps
   - Propagation time:                       2833ps (60.9% logic, 39.1% route, logic stage 1)
   - Delay of the launching clock:           2159ps
   = Slack:                                  -983ps

   Instance/Pin or Net Name                                                Type         ID    Location or Fanout   Delay(ps)  Edge  Arrival Time(ps)    Instance detail                                                                                                                                                                                         
   ---------------------------------------------------------------------------------------------------------------------------------------------------------------------------------------------------------------------------------------------------------------------------------------------------------------------------------------------------------------
   clk                                                                     CLOCK-PORT    -                     -     launch     r               0                                                                                                                                                                                                               
   clk                                                                     Clock net     2          (fanout=352)       2159                     -                                                                                                                                                                                                               
   RBB_12/CLK                                                              RBB_6L       12  [TILE 0 0, RBB 1 16]          -     r            2159                                                                                                                                                                                                               
   ---------------------------------------------------------------------------------------------------------------------------------------------------------------------------------------------------------------------------------------------------------------------------------------------------------------------------------------------------------------
   RBB_12/DQ                                                               RBB_6L       12  [TILE 0 0, RBB 1 16]        800     r            2959     {inst56: u_spi_target.o_rx_data_valid_FDCE_Q_CE_LUT6_O_I3_CARRY4_CO_O_2_LUT4_I3_O_FDCE_D (FDC,site=dff)}                                                                                                  
   u_spi_target.o_rx_data_valid_FDCE_Q_CE_LUT6_O_I3_LUT5_I4_O_FDCE_D_Q[2]  Net          38            (fanout=3)       1108                     -                                                                                                                                                                                                               
   RBB_12/D1                                                               RBB_6L       12  [TILE 0 0, RBB 1 16]          -     r            4067     {inst55: u_spi_target.o_rx_data_valid_FDCE_Q_CE_LUT6_O_I3_CARRY4_CO_O_2_LUT4_I3 (LUT,site=dlut)} {inst56: u_spi_target.o_rx_data_valid_FDCE_Q_CE_LUT6_O_I3_CARRY4_CO_O_2_LUT4_I3_O_FDCE_D (FDC,site=dff)} 
   ---------------------------------------------------------------------------------------------------------------------------------------------------------------------------------------------------------------------------------------------------------------------------------------------------------------------------------------------------------------
   RBB_12/CLK                                                              RBB_6L       12  [TILE 0 0, RBB 1 16]        925     r            4992                                                                                                                                                                                                               
   clk                                                                     Clock net     2          (fanout=352)      -2159                     -                                                                                                                                                                                                               
   clk                                                                     CLOCK-PORT    -                     -    capture     r            2833                                                                                                                                                                                                               
   ---------------------------------------------------------------------------------------------------------------------------------------------------------------------------------------------------------------------------------------------------------------------------------------------------------------------------------------------------------------


Path 96:
   Slack (not met):                          -983ps
     Path type:                               SETUP
     Group:                              <UDEF_clk>
     Launching clock:                           clk (rising edge)
     Capturing clock:                           clk (rising edge)

     Requested period:                       2000ps
   + Delay of the capturing clock:           2318ps
   - Clock uncertainty:                       150ps
   = Required time:                          4168ps
   - Propagation time:                       2833ps (60.9% logic, 39.1% route, logic stage 1)
   - Delay of the launching clock:           2318ps
   = Slack:                                  -983ps

   Instance/Pin or Net Name                                                Type         ID    Location or Fanout   Delay(ps)  Edge  Arrival Time(ps)    Instance detail                                                                                                                                                                                         
   ---------------------------------------------------------------------------------------------------------------------------------------------------------------------------------------------------------------------------------------------------------------------------------------------------------------------------------------------------------------
   clk                                                                     CLOCK-PORT    -                     -     launch     r               0                                                                                                                                                                                                               
   clk                                                                     Clock net     2          (fanout=352)       2318                     -                                                                                                                                                                                                               
   RBB_10/CLK                                                              RBB_6L       10  [TILE 0 0, RBB 1 20]          -     r            2318                                                                                                                                                                                                               
   ---------------------------------------------------------------------------------------------------------------------------------------------------------------------------------------------------------------------------------------------------------------------------------------------------------------------------------------------------------------
   RBB_10/DQ                                                               RBB_6L       10  [TILE 0 0, RBB 1 20]        800     r            3118     {inst54: u_spi_target.o_rx_data_valid_FDCE_Q_CE_LUT6_O_I3_CARRY4_CO_O_1_LUT4_I3_O_FDCE_D (FDC,site=dff)}                                                                                                  
   u_spi_target.o_rx_data_valid_FDCE_Q_CE_LUT6_O_I3_LUT5_I4_O_FDCE_D_Q[1]  Net          37            (fanout=5)       1108                     -                                                                                                                                                                                                               
   RBB_10/D1                                                               RBB_6L       10  [TILE 0 0, RBB 1 20]          -     r            4226     {inst53: u_spi_target.o_rx_data_valid_FDCE_Q_CE_LUT6_O_I3_CARRY4_CO_O_1_LUT4_I3 (LUT,site=dlut)} {inst54: u_spi_target.o_rx_data_valid_FDCE_Q_CE_LUT6_O_I3_CARRY4_CO_O_1_LUT4_I3_O_FDCE_D (FDC,site=dff)} 
   ---------------------------------------------------------------------------------------------------------------------------------------------------------------------------------------------------------------------------------------------------------------------------------------------------------------------------------------------------------------
   RBB_10/CLK                                                              RBB_6L       10  [TILE 0 0, RBB 1 20]        925     r            5151                                                                                                                                                                                                               
   clk                                                                     Clock net     2          (fanout=352)      -2318                     -                                                                                                                                                                                                               
   clk                                                                     CLOCK-PORT    -                     -    capture     r            2833                                                                                                                                                                                                               
   ---------------------------------------------------------------------------------------------------------------------------------------------------------------------------------------------------------------------------------------------------------------------------------------------------------------------------------------------------------------


Path 97:
   Slack (not met):                          -965ps
     Path type:                               SETUP
     Group:                              <UDEF_clk>
     Launching clock:                           clk (rising edge)
     Capturing clock:                           clk (rising edge)

     Requested period:                       2000ps
   + Delay of the capturing clock:           2318ps
   - Clock uncertainty:                       150ps
   = Required time:                          4168ps
   - Propagation time:                       2815ps (59.0% logic, 41.0% route, logic stage 1)
   - Delay of the launching clock:           2318ps
   = Slack:                                  -965ps

   Instance/Pin or Net Name                   Type         ID    Location or Fanout   Delay(ps)  Edge  Arrival Time(ps)    Instance detail                                                                                                                                             
   --------------------------------------------------------------------------------------------------------------------------------------------------------------------------------------------------------------------------------------------------------------------------------------
   clk                                        CLOCK-PORT    -                     -     launch     r               0                                                                                                                                                                   
   clk                                        Clock net     2          (fanout=352)       2318                     -                                                                                                                                                                   
   RBB_14/CLK                                 RBB_6L       14  [TILE 0 0, RBB 4 18]          -     r            2318                                                                                                                                                                   
   --------------------------------------------------------------------------------------------------------------------------------------------------------------------------------------------------------------------------------------------------------------------------------------
   RBB_14/DQ                                  RBB_6L       14  [TILE 0 0, RBB 4 18]        800     r            3118     {inst28: spi_miso_LUT6_I0_I1_FDCE_Q_D_LUT6_O_I1_FDCE_Q (FDC,site=dff)}                                                                                        
   spi_miso_LUT6_I0_I1_FDCE_Q_D_LUT6_O_I1[0]  Net          66            (fanout=2)       1154                     -                                                                                                                                                                   
   RBB_14/D1                                  RBB_6L       14  [TILE 0 0, RBB 4 18]          -     r            4272     {inst30: spi_miso_LUT6_I0_I1_FDCE_Q_D_LUT6_O_I1_FDCE_Q_D_LUT6_O (LUT,site=dlut,dluto)} {inst28: spi_miso_LUT6_I0_I1_FDCE_Q_D_LUT6_O_I1_FDCE_Q (FDC,site=dff)} 
   --------------------------------------------------------------------------------------------------------------------------------------------------------------------------------------------------------------------------------------------------------------------------------------
   RBB_14/CLK                                 RBB_6L       14  [TILE 0 0, RBB 4 18]        861     r            5133                                                                                                                                                                   
   clk                                        Clock net     2          (fanout=352)      -2318                     -                                                                                                                                                                   
   clk                                        CLOCK-PORT    -                     -    capture     r            2815                                                                                                                                                                   
   --------------------------------------------------------------------------------------------------------------------------------------------------------------------------------------------------------------------------------------------------------------------------------------


Path 88:
   Slack (not met):                          -962ps
     Path type:                               SETUP
     Group:                              <UDEF_clk>
     Launching clock:                           clk (rising edge)
     Capturing clock:                           clk (rising edge)

     Requested period:                       2000ps
   + Delay of the capturing clock:           2311ps
   - Clock uncertainty:                       150ps
   = Required time:                          4161ps
   - Propagation time:                       2799ps (49.4% logic, 50.6% route, logic stage 1)
   - Delay of the launching clock:           2324ps
   = Slack:                                  -962ps

   Instance/Pin or Net Name   Type         ID    Location or Fanout   Delay(ps)  Edge  Arrival Time(ps)    Instance detail                                         
   ------------------------------------------------------------------------------------------------------------------------------------------------------------------
   clk                        CLOCK-PORT    -                     -     launch     r               0                                                               
   clk                        Clock net     2          (fanout=352)       2324                     -                                                               
   RBB_13/CLK                 RBB_6L       13  [TILE 0 0, RBB 1 24]          -     r            2324                                                               
   ------------------------------------------------------------------------------------------------------------------------------------------------------------------
   RBB_13/CQ                  RBB_6L       13  [TILE 0 0, RBB 1 24]        800     r            3124     {inst41: u_spi_target.o_rx_data_FDCE_Q (FDCE,site=cff)}   
   u_spi_target.o_rx_data[6]  Net          15            (fanout=2)       1415                     -                                                               
   RBB_15/D6                  RBB_6L       15  [TILE 0 0, RBB 4 24]          -     r            4539     {inst68: u_spi_target.w_sck_edge_FDCE_CE (FDCE,site=dff)} 
   ------------------------------------------------------------------------------------------------------------------------------------------------------------------
   RBB_15/CLK                 RBB_6L       15  [TILE 0 0, RBB 4 24]        584     r            5123                                                               
   clk                        Clock net     2          (fanout=352)      -2311                     -                                                               
   clk                        CLOCK-PORT    -                     -    capture     r            2812                                                               
   ------------------------------------------------------------------------------------------------------------------------------------------------------------------


Path 80:
   Slack (not met):                          -957ps
     Path type:                               SETUP
     Group:                              <UDEF_clk>
     Launching clock:                           clk (rising edge)
     Capturing clock:                           clk (rising edge)

     Requested period:                       2000ps
   + Delay of the capturing clock:           2318ps
   - Clock uncertainty:                       150ps
   = Required time:                          4168ps
   - Propagation time:                       2800ps (60.0% logic, 40.0% route, logic stage 1)
   - Delay of the launching clock:           2325ps
   = Slack:                                  -957ps

   Instance/Pin or Net Name       Type         ID    Location or Fanout   Delay(ps)  Edge  Arrival Time(ps)    Instance detail                                                                                                                     
   --------------------------------------------------------------------------------------------------------------------------------------------------------------------------------------------------------------------------------------------------
   clk                            CLOCK-PORT    -                     -     launch     r               0                                                                                                                                           
   clk                            Clock net     2          (fanout=352)       2325                     -                                                                                                                                           
   RBB_6/CLK                      RBB_6L        6  [TILE 0 0, RBB 1 22]          -     r            2325                                                                                                                                           
   --------------------------------------------------------------------------------------------------------------------------------------------------------------------------------------------------------------------------------------------------
   RBB_6/CQ                       RBB_6L        6  [TILE 0 0, RBB 1 22]        800     r            3125     {inst15: rx_data_strobe_FDCE_CE_2 (FDCE,site=cff)}                                                                                    
   rx_data_strobe_FDCE_CE_2_Q[1]  Net          76            (fanout=1)       1119                     -                                                                                                                                           
   RBB_10/C3                      RBB_6L       10  [TILE 0 0, RBB 1 20]          -     r            4244     {inst14: rx_data_strobe_FDCE_CE_1_Q_FDCE_Q_D_LUT6_O (LUT,site=clut,cluto)} {inst13: rx_data_strobe_FDCE_CE_1_Q_FDCE_Q (FDC,site=cff)} 
   --------------------------------------------------------------------------------------------------------------------------------------------------------------------------------------------------------------------------------------------------
   RBB_10/CLK                     RBB_6L       10  [TILE 0 0, RBB 1 20]        881     r            5125                                                                                                                                           
   clk                            Clock net     2          (fanout=352)      -2318                     -                                                                                                                                           
   clk                            CLOCK-PORT    -                     -    capture     r            2807                                                                                                                                           
   --------------------------------------------------------------------------------------------------------------------------------------------------------------------------------------------------------------------------------------------------


Path 94:
   Slack (not met):                          -951ps
     Path type:                               SETUP
     Group:                              <UDEF_clk>
     Launching clock:                           clk (rising edge)
     Capturing clock:                           clk (rising edge)

     Requested period:                       2000ps
   + Delay of the capturing clock:           2318ps
   - Clock uncertainty:                       150ps
   = Required time:                          4168ps
   - Propagation time:                       2801ps (58.0% logic, 42.0% route, logic stage 1)
   - Delay of the launching clock:           2318ps
   = Slack:                                  -951ps

   Instance/Pin or Net Name       Type         ID    Location or Fanout   Delay(ps)  Edge  Arrival Time(ps)    Instance detail                                                                                                       
   ------------------------------------------------------------------------------------------------------------------------------------------------------------------------------------------------------------------------------------
   clk                            CLOCK-PORT    -                     -     launch     r               0                                                                                                                             
   clk                            Clock net     2          (fanout=352)       2318                     -                                                                                                                             
   RBB_10/CLK                     RBB_6L       10  [TILE 0 0, RBB 1 20]          -     r            2318                                                                                                                             
   ------------------------------------------------------------------------------------------------------------------------------------------------------------------------------------------------------------------------------------
   RBB_10/AQ                      RBB_6L       10  [TILE 0 0, RBB 1 20]        800     r            3118     {inst19: rx_data_strobe_FDCE_CE_3_Q_FDCE_Q (FDC,site=aff)}                                                              
   rx_data_strobe_FDCE_CE_3_Q[1]  Net          72            (fanout=2)       1177                     -                                                                                                                             
   RBB_10/A3                      RBB_6L       10  [TILE 0 0, RBB 1 20]          -     r            4295     {inst21: rx_data_strobe_FDCE_CE_4_Q_LUT5_I1 (LUT,site=alut)} {inst19: rx_data_strobe_FDCE_CE_3_Q_FDCE_Q (FDC,site=aff)} 
   ------------------------------------------------------------------------------------------------------------------------------------------------------------------------------------------------------------------------------------
   RBB_10/CLK                     RBB_6L       10  [TILE 0 0, RBB 1 20]        824     r            5119                                                                                                                             
   clk                            Clock net     2          (fanout=352)      -2318                     -                                                                                                                             
   clk                            CLOCK-PORT    -                     -    capture     r            2801                                                                                                                             
   ------------------------------------------------------------------------------------------------------------------------------------------------------------------------------------------------------------------------------------


Path 86:
   Slack (not met):                          -950ps
     Path type:                               SETUP
     Group:                              <UDEF_clk>
     Launching clock:                           clk (rising edge)
     Capturing clock:                           clk (rising edge)

     Requested period:                       2000ps
   + Delay of the capturing clock:           2318ps
   - Clock uncertainty:                       150ps
   = Required time:                          4168ps
   - Propagation time:                       2793ps (57.4% logic, 42.6% route, logic stage 1)
   - Delay of the launching clock:           2325ps
   = Slack:                                  -950ps

   Instance/Pin or Net Name       Type         ID    Location or Fanout   Delay(ps)  Edge  Arrival Time(ps)    Instance detail                                                                                                                     
   --------------------------------------------------------------------------------------------------------------------------------------------------------------------------------------------------------------------------------------------------
   clk                            CLOCK-PORT    -                     -     launch     r               0                                                                                                                                           
   clk                            Clock net     2          (fanout=352)       2325                     -                                                                                                                                           
   RBB_6/CLK                      RBB_6L        6  [TILE 0 0, RBB 1 22]          -     r            2325                                                                                                                                           
   --------------------------------------------------------------------------------------------------------------------------------------------------------------------------------------------------------------------------------------------------
   RBB_6/BQ                       RBB_6L        6  [TILE 0 0, RBB 1 22]        800     r            3125     {inst18: rx_data_strobe_FDCE_CE_3 (FDCE,site=bff)}                                                                                    
   rx_data_strobe_FDCE_CE_3_Q[0]  Net          71            (fanout=1)       1191                     -                                                                                                                                           
   RBB_10/B1                      RBB_6L       10  [TILE 0 0, RBB 1 20]          -     r            4316     {inst17: rx_data_strobe_FDCE_CE_2_Q_FDCE_Q_D_LUT6_O (LUT,site=blut,bluto)} {inst16: rx_data_strobe_FDCE_CE_2_Q_FDCE_Q (FDC,site=bff)} 
   --------------------------------------------------------------------------------------------------------------------------------------------------------------------------------------------------------------------------------------------------
   RBB_10/CLK                     RBB_6L       10  [TILE 0 0, RBB 1 20]        802     r            5118                                                                                                                                           
   clk                            Clock net     2          (fanout=352)      -2318                     -                                                                                                                                           
   clk                            CLOCK-PORT    -                     -    capture     r            2800                                                                                                                                           
   --------------------------------------------------------------------------------------------------------------------------------------------------------------------------------------------------------------------------------------------------


Path 95:
   Slack (not met):                          -943ps
     Path type:                               SETUP
     Group:                              <UDEF_clk>
     Launching clock:                           clk (rising edge)
     Capturing clock:                           clk (rising edge)

     Requested period:                       2000ps
   + Delay of the capturing clock:           2159ps
   - Clock uncertainty:                       150ps
   = Required time:                          4009ps
   - Propagation time:                       2793ps (60.9% logic, 39.1% route, logic stage 1)
   - Delay of the launching clock:           2159ps
   = Slack:                                  -943ps

   Instance/Pin or Net Name     Type         ID    Location or Fanout   Delay(ps)  Edge  Arrival Time(ps)    Instance detail                                                                                                                                                                                         
   --------------------------------------------------------------------------------------------------------------------------------------------------------------------------------------------------------------------------------------------------------------------------------------------------------------------
   clk                          CLOCK-PORT    -                     -     launch     r               0                                                                                                                                                                                                               
   clk                          Clock net     2          (fanout=352)       2159                     -                                                                                                                                                                                                               
   RBB_12/CLK                   RBB_6L       12  [TILE 0 0, RBB 1 16]          -     r            2159                                                                                                                                                                                                               
   --------------------------------------------------------------------------------------------------------------------------------------------------------------------------------------------------------------------------------------------------------------------------------------------------------------------
   RBB_12/AQ                    RBB_6L       12  [TILE 0 0, RBB 1 16]        800     r            2959     {inst66: u_spi_target.r_ss_n_sync_FDPE_Q (FDP,site=aff)}                                                                                                                                                  
   u_spi_target.r_ss_n_sync[1]  Net          19            (fanout=7)       1092                     -                                                                                                                                                                                                               
   RBB_12/D5                    RBB_6L       12  [TILE 0 0, RBB 1 16]          -     r            4051     {inst55: u_spi_target.o_rx_data_valid_FDCE_Q_CE_LUT6_O_I3_CARRY4_CO_O_2_LUT4_I3 (LUT,site=dlut)} {inst56: u_spi_target.o_rx_data_valid_FDCE_Q_CE_LUT6_O_I3_CARRY4_CO_O_2_LUT4_I3_O_FDCE_D (FDC,site=dff)} 
   --------------------------------------------------------------------------------------------------------------------------------------------------------------------------------------------------------------------------------------------------------------------------------------------------------------------
   RBB_12/CLK                   RBB_6L       12  [TILE 0 0, RBB 1 16]        901     r            4952                                                                                                                                                                                                               
   clk                          Clock net     2          (fanout=352)      -2159                     -                                                                                                                                                                                                               
   clk                          CLOCK-PORT    -                     -    capture     r            2793                                                                                                                                                                                                               
   --------------------------------------------------------------------------------------------------------------------------------------------------------------------------------------------------------------------------------------------------------------------------------------------------------------------


Path 99:
   Slack (not met):                          -935ps
     Path type:                               SETUP
     Group:                              <UDEF_clk>
     Launching clock:                           clk (rising edge)
     Capturing clock:                           clk (rising edge)

     Requested period:                       2000ps
   + Delay of the capturing clock:           2318ps
   - Clock uncertainty:                       150ps
   = Required time:                          4168ps
   - Propagation time:                       2785ps (59.6% logic, 40.4% route, logic stage 1)
   - Delay of the launching clock:           2318ps
   = Slack:                                  -935ps

   Instance/Pin or Net Name                                      Type         ID    Location or Fanout   Delay(ps)  Edge  Arrival Time(ps)    Instance detail                                                                                                                                             
   ---------------------------------------------------------------------------------------------------------------------------------------------------------------------------------------------------------------------------------------------------------------------------------------------------------
   clk                                                           CLOCK-PORT    -                     -     launch     r               0                                                                                                                                                                   
   clk                                                           Clock net     2          (fanout=352)       2318                     -                                                                                                                                                                   
   RBB_14/CLK                                                    RBB_6L       14  [TILE 0 0, RBB 4 18]          -     r            2318                                                                                                                                                                   
   ---------------------------------------------------------------------------------------------------------------------------------------------------------------------------------------------------------------------------------------------------------------------------------------------------------
   RBB_14/CQ                                                     RBB_6L       14  [TILE 0 0, RBB 4 18]        800     r            3118     {inst31: spi_miso_LUT6_I0_I1_FDCE_Q_D_LUT6_O_I1_FDCE_Q_D_LUT6_O_I1_FDCE_Q (FDC,site=cff)}                                                                     
   spi_miso_LUT6_I0_I1_FDCE_Q_D_LUT6_O_I1_FDCE_Q_D_LUT6_O_I1[0]  Net          33            (fanout=2)       1124                     -                                                                                                                                                                   
   RBB_14/D2                                                     RBB_6L       14  [TILE 0 0, RBB 4 18]          -     r            4242     {inst30: spi_miso_LUT6_I0_I1_FDCE_Q_D_LUT6_O_I1_FDCE_Q_D_LUT6_O (LUT,site=dlut,dluto)} {inst28: spi_miso_LUT6_I0_I1_FDCE_Q_D_LUT6_O_I1_FDCE_Q (FDC,site=dff)} 
   ---------------------------------------------------------------------------------------------------------------------------------------------------------------------------------------------------------------------------------------------------------------------------------------------------------
   RBB_14/CLK                                                    RBB_6L       14  [TILE 0 0, RBB 4 18]        861     r            5103                                                                                                                                                                   
   clk                                                           Clock net     2          (fanout=352)      -2318                     -                                                                                                                                                                   
   clk                                                           CLOCK-PORT    -                     -    capture     r            2785                                                                                                                                                                   
   ---------------------------------------------------------------------------------------------------------------------------------------------------------------------------------------------------------------------------------------------------------------------------------------------------------


Path 110:
   Slack (not met):                          -915ps
     Path type:                               SETUP
     Group:                              <UDEF_clk>
     Launching clock:                           clk (rising edge)
     Capturing clock:                           clk (rising edge)

     Requested period:                       2000ps
   + Delay of the capturing clock:           2318ps
   - Clock uncertainty:                       150ps
   = Required time:                          4168ps
   - Propagation time:                       2765ps (57.8% logic, 42.2% route, logic stage 1)
   - Delay of the launching clock:           2318ps
   = Slack:                                  -915ps

   Instance/Pin or Net Name       Type         ID    Location or Fanout   Delay(ps)  Edge  Arrival Time(ps)    Instance detail                                                                                                                     
   --------------------------------------------------------------------------------------------------------------------------------------------------------------------------------------------------------------------------------------------------
   clk                            CLOCK-PORT    -                     -     launch     r               0                                                                                                                                           
   clk                            Clock net     2          (fanout=352)       2318                     -                                                                                                                                           
   RBB_10/CLK                     RBB_6L       10  [TILE 0 0, RBB 1 20]          -     r            2318                                                                                                                                           
   --------------------------------------------------------------------------------------------------------------------------------------------------------------------------------------------------------------------------------------------------
   RBB_10/AQ                      RBB_6L       10  [TILE 0 0, RBB 1 20]        800     r            3118     {inst19: rx_data_strobe_FDCE_CE_3_Q_FDCE_Q (FDC,site=aff)}                                                                            
   rx_data_strobe_FDCE_CE_3_Q[1]  Net          72            (fanout=2)       1167                     -                                                                                                                                           
   RBB_10/B3                      RBB_6L       10  [TILE 0 0, RBB 1 20]          -     r            4285     {inst17: rx_data_strobe_FDCE_CE_2_Q_FDCE_Q_D_LUT6_O (LUT,site=blut,bluto)} {inst16: rx_data_strobe_FDCE_CE_2_Q_FDCE_Q (FDC,site=bff)} 
   --------------------------------------------------------------------------------------------------------------------------------------------------------------------------------------------------------------------------------------------------
   RBB_10/CLK                     RBB_6L       10  [TILE 0 0, RBB 1 20]        798     r            5083                                                                                                                                           
   clk                            Clock net     2          (fanout=352)      -2318                     -                                                                                                                                           
   clk                            CLOCK-PORT    -                     -    capture     r            2765                                                                                                                                           
   --------------------------------------------------------------------------------------------------------------------------------------------------------------------------------------------------------------------------------------------------


Path 109:
   Slack (not met):                          -910ps
     Path type:                               SETUP
     Group:                              <UDEF_clk>
     Launching clock:                           clk (rising edge)
     Capturing clock:                           clk (rising edge)

     Requested period:                       2000ps
   + Delay of the capturing clock:           2318ps
   - Clock uncertainty:                       150ps
   = Required time:                          4168ps
   - Propagation time:                       2760ps (59.1% logic, 40.9% route, logic stage 1)
   - Delay of the launching clock:           2318ps
   = Slack:                                  -910ps

   Instance/Pin or Net Name       Type         ID    Location or Fanout   Delay(ps)  Edge  Arrival Time(ps)    Instance detail                                                                                                                     
   --------------------------------------------------------------------------------------------------------------------------------------------------------------------------------------------------------------------------------------------------
   clk                            CLOCK-PORT    -                     -     launch     r               0                                                                                                                                           
   clk                            Clock net     2          (fanout=352)       2318                     -                                                                                                                                           
   RBB_10/CLK                     RBB_6L       10  [TILE 0 0, RBB 1 20]          -     r            2318                                                                                                                                           
   --------------------------------------------------------------------------------------------------------------------------------------------------------------------------------------------------------------------------------------------------
   RBB_10/BQ                      RBB_6L       10  [TILE 0 0, RBB 1 20]        800     r            3118     {inst16: rx_data_strobe_FDCE_CE_2_Q_FDCE_Q (FDC,site=bff)}                                                                            
   rx_data_strobe_FDCE_CE_2_Q[0]  Net          75            (fanout=2)       1128                     -                                                                                                                                           
   RBB_10/B2                      RBB_6L       10  [TILE 0 0, RBB 1 20]          -     r            4246     {inst17: rx_data_strobe_FDCE_CE_2_Q_FDCE_Q_D_LUT6_O (LUT,site=blut,bluto)} {inst16: rx_data_strobe_FDCE_CE_2_Q_FDCE_Q (FDC,site=bff)} 
   --------------------------------------------------------------------------------------------------------------------------------------------------------------------------------------------------------------------------------------------------
   RBB_10/CLK                     RBB_6L       10  [TILE 0 0, RBB 1 20]        832     r            5078                                                                                                                                           
   clk                            Clock net     2          (fanout=352)      -2318                     -                                                                                                                                           
   clk                            CLOCK-PORT    -                     -    capture     r            2760                                                                                                                                           
   --------------------------------------------------------------------------------------------------------------------------------------------------------------------------------------------------------------------------------------------------


Path 105:
   Slack (not met):                          -906ps
     Path type:                               SETUP
     Group:                              <UDEF_clk>
     Launching clock:                           clk (rising edge)
     Capturing clock:                           clk (rising edge)

     Requested period:                       2000ps
   + Delay of the capturing clock:           2318ps
   - Clock uncertainty:                       150ps
   = Required time:                          4168ps
   - Propagation time:                       2756ps (58.1% logic, 41.9% route, logic stage 1)
   - Delay of the launching clock:           2318ps
   = Slack:                                  -906ps

   Instance/Pin or Net Name                                      Type         ID    Location or Fanout   Delay(ps)  Edge  Arrival Time(ps)    Instance detail                                                                                                                                                                                   
   -----------------------------------------------------------------------------------------------------------------------------------------------------------------------------------------------------------------------------------------------------------------------------------------------------------------------------------------------
   clk                                                           CLOCK-PORT    -                     -     launch     r               0                                                                                                                                                                                                         
   clk                                                           Clock net     2          (fanout=352)       2318                     -                                                                                                                                                                                                         
   RBB_14/CLK                                                    RBB_6L       14  [TILE 0 0, RBB 4 18]          -     r            2318                                                                                                                                                                                                         
   -----------------------------------------------------------------------------------------------------------------------------------------------------------------------------------------------------------------------------------------------------------------------------------------------------------------------------------------------
   RBB_14/CQ                                                     RBB_6L       14  [TILE 0 0, RBB 4 18]        800     r            3118     {inst31: spi_miso_LUT6_I0_I1_FDCE_Q_D_LUT6_O_I1_FDCE_Q_D_LUT6_O_I1_FDCE_Q (FDC,site=cff)}                                                                                                           
   spi_miso_LUT6_I0_I1_FDCE_Q_D_LUT6_O_I1_FDCE_Q_D_LUT6_O_I1[0]  Net          33            (fanout=2)       1155                     -                                                                                                                                                                                                         
   RBB_14/C2                                                     RBB_6L       14  [TILE 0 0, RBB 4 18]          -     r            4273     {inst33: spi_miso_LUT6_I0_I1_FDCE_Q_D_LUT6_O_I1_FDCE_Q_D_LUT6_O_I1_FDCE_Q_D_LUT6_O (LUT,site=clut,cluto)} {inst31: spi_miso_LUT6_I0_I1_FDCE_Q_D_LUT6_O_I1_FDCE_Q_D_LUT6_O_I1_FDCE_Q (FDC,site=cff)} 
   -----------------------------------------------------------------------------------------------------------------------------------------------------------------------------------------------------------------------------------------------------------------------------------------------------------------------------------------------
   RBB_14/CLK                                                    RBB_6L       14  [TILE 0 0, RBB 4 18]        801     r            5074                                                                                                                                                                                                         
   clk                                                           Clock net     2          (fanout=352)      -2318                     -                                                                                                                                                                                                         
   clk                                                           CLOCK-PORT    -                     -    capture     r            2756                                                                                                                                                                                                         
   -----------------------------------------------------------------------------------------------------------------------------------------------------------------------------------------------------------------------------------------------------------------------------------------------------------------------------------------------


Path 101:
   Slack (not met):                          -904ps
     Path type:                               SETUP
     Group:                              <UDEF_clk>
     Launching clock:                           clk (rising edge)
     Capturing clock:                           clk (rising edge)

     Requested period:                       2000ps
   + Delay of the capturing clock:           2159ps
   - Clock uncertainty:                       150ps
   = Required time:                          4009ps
   - Propagation time:                       2754ps (61.8% logic, 38.2% route, logic stage 1)
   - Delay of the launching clock:           2159ps
   = Slack:                                  -904ps

   Instance/Pin or Net Name   Type         ID    Location or Fanout   Delay(ps)  Edge  Arrival Time(ps)    Instance detail                                                                         
   --------------------------------------------------------------------------------------------------------------------------------------------------------------------------------------------------
   clk                        CLOCK-PORT    -                     -     launch     r               0                                                                                               
   clk                        Clock net     2          (fanout=352)       2159                     -                                                                                               
   RBB_12/CLK                 RBB_6L       12  [TILE 0 0, RBB 1 16]          -     r            2159                                                                                               
   --------------------------------------------------------------------------------------------------------------------------------------------------------------------------------------------------
   RBB_12/BQ                  RBB_6L       12  [TILE 0 0, RBB 1 16]        800     r            2959     {inst25: spi_miso_LUT6_I0_I1_FDCE_Q (FDC,site=bff)}                                       
   spi_miso_LUT6_I0_I1[1]     Net          63            (fanout=2)       1053                     -                                                                                               
   RBB_12/C5                  RBB_6L       12  [TILE 0 0, RBB 1 16]          -     r            4012     {inst24: spi_miso_LUT6_I0 (LUT,site=clut,cluto)} {inst23: spi_miso_FDCE_Q (FDC,site=cff)} 
   --------------------------------------------------------------------------------------------------------------------------------------------------------------------------------------------------
   RBB_12/CLK                 RBB_6L       12  [TILE 0 0, RBB 1 16]        901     r            4913                                                                                               
   clk                        Clock net     2          (fanout=352)      -2159                     -                                                                                               
   clk                        CLOCK-PORT    -                     -    capture     r            2754                                                                                               
   --------------------------------------------------------------------------------------------------------------------------------------------------------------------------------------------------


Path 104:
   Slack (not met):                          -899ps
     Path type:                               SETUP
     Group:                              <UDEF_clk>
     Launching clock:                           clk (rising edge)
     Capturing clock:                           clk (rising edge)

     Requested period:                       2000ps
   + Delay of the capturing clock:           2318ps
   - Clock uncertainty:                       150ps
   = Required time:                          4168ps
   - Propagation time:                       2749ps (59.4% logic, 40.6% route, logic stage 1)
   - Delay of the launching clock:           2318ps
   = Slack:                                  -899ps

   Instance/Pin or Net Name       Type         ID    Location or Fanout   Delay(ps)  Edge  Arrival Time(ps)    Instance detail                                                                                                                     
   --------------------------------------------------------------------------------------------------------------------------------------------------------------------------------------------------------------------------------------------------
   clk                            CLOCK-PORT    -                     -     launch     r               0                                                                                                                                           
   clk                            Clock net     2          (fanout=352)       2318                     -                                                                                                                                           
   RBB_10/CLK                     RBB_6L       10  [TILE 0 0, RBB 1 20]          -     r            2318                                                                                                                                           
   --------------------------------------------------------------------------------------------------------------------------------------------------------------------------------------------------------------------------------------------------
   RBB_10/BQ                      RBB_6L       10  [TILE 0 0, RBB 1 20]        800     r            3118     {inst16: rx_data_strobe_FDCE_CE_2_Q_FDCE_Q (FDC,site=bff)}                                                                            
   rx_data_strobe_FDCE_CE_2_Q[0]  Net          75            (fanout=2)       1117                     -                                                                                                                                           
   RBB_10/C2                      RBB_6L       10  [TILE 0 0, RBB 1 20]          -     r            4235     {inst14: rx_data_strobe_FDCE_CE_1_Q_FDCE_Q_D_LUT6_O (LUT,site=clut,cluto)} {inst13: rx_data_strobe_FDCE_CE_1_Q_FDCE_Q (FDC,site=cff)} 
   --------------------------------------------------------------------------------------------------------------------------------------------------------------------------------------------------------------------------------------------------
   RBB_10/CLK                     RBB_6L       10  [TILE 0 0, RBB 1 20]        832     r            5067                                                                                                                                           
   clk                            Clock net     2          (fanout=352)      -2318                     -                                                                                                                                           
   clk                            CLOCK-PORT    -                     -    capture     r            2749                                                                                                                                           
   --------------------------------------------------------------------------------------------------------------------------------------------------------------------------------------------------------------------------------------------------


Path 103:
   Slack (not met):                          -898ps
     Path type:                               SETUP
     Group:                              <UDEF_clk>
     Launching clock:                           clk (rising edge)
     Capturing clock:                           clk (rising edge)

     Requested period:                       2000ps
   + Delay of the capturing clock:           2159ps
   - Clock uncertainty:                       150ps
   = Required time:                          4009ps
   - Propagation time:                       2748ps (61.2% logic, 38.8% route, logic stage 1)
   - Delay of the launching clock:           2159ps
   = Slack:                                  -898ps

   Instance/Pin or Net Name   Type         ID    Location or Fanout   Delay(ps)  Edge  Arrival Time(ps)    Instance detail                                                                         
   --------------------------------------------------------------------------------------------------------------------------------------------------------------------------------------------------
   clk                        CLOCK-PORT    -                     -     launch     r               0                                                                                               
   clk                        Clock net     2          (fanout=352)       2159                     -                                                                                               
   RBB_12/CLK                 RBB_6L       12  [TILE 0 0, RBB 1 16]          -     r            2159                                                                                               
   --------------------------------------------------------------------------------------------------------------------------------------------------------------------------------------------------
   RBB_12/CQ                  RBB_6L       12  [TILE 0 0, RBB 1 16]        800     r            2959     {inst23: spi_miso_FDCE_Q (FDC,site=cff)}                                                  
   spi_miso                   Net           7            (fanout=1)       1067                     -                                                                                               
   RBB_12/C1                  RBB_6L       12  [TILE 0 0, RBB 1 16]          -     r            4026     {inst24: spi_miso_LUT6_I0 (LUT,site=clut,cluto)} {inst23: spi_miso_FDCE_Q (FDC,site=cff)} 
   --------------------------------------------------------------------------------------------------------------------------------------------------------------------------------------------------
   RBB_12/CLK                 RBB_6L       12  [TILE 0 0, RBB 1 16]        881     r            4907                                                                                               
   clk                        Clock net     2          (fanout=352)      -2159                     -                                                                                               
   clk                        CLOCK-PORT    -                     -    capture     r            2748                                                                                               
   --------------------------------------------------------------------------------------------------------------------------------------------------------------------------------------------------


Path 102:
   Slack (not met):                          -897ps
     Path type:                               SETUP
     Group:                              <UDEF_clk>
     Launching clock:                           clk (rising edge)
     Capturing clock:                           clk (rising edge)

     Requested period:                       2000ps
   + Delay of the capturing clock:           2318ps
   - Clock uncertainty:                       150ps
   = Required time:                          4168ps
   - Propagation time:                       2747ps (61.2% logic, 38.8% route, logic stage 1)
   - Delay of the launching clock:           2318ps
   = Slack:                                  -897ps

   Instance/Pin or Net Name       Type         ID    Location or Fanout   Delay(ps)  Edge  Arrival Time(ps)    Instance detail                                                                                                                     
   --------------------------------------------------------------------------------------------------------------------------------------------------------------------------------------------------------------------------------------------------
   clk                            CLOCK-PORT    -                     -     launch     r               0                                                                                                                                           
   clk                            Clock net     2          (fanout=352)       2318                     -                                                                                                                                           
   RBB_10/CLK                     RBB_6L       10  [TILE 0 0, RBB 1 20]          -     r            2318                                                                                                                                           
   --------------------------------------------------------------------------------------------------------------------------------------------------------------------------------------------------------------------------------------------------
   RBB_10/CQ                      RBB_6L       10  [TILE 0 0, RBB 1 20]        800     r            3118     {inst13: rx_data_strobe_FDCE_CE_1_Q_FDCE_Q (FDC,site=cff)}                                                                            
   rx_data_strobe_FDCE_CE_1_Q[0]  Net          31            (fanout=2)       1066                     -                                                                                                                                           
   RBB_10/C1                      RBB_6L       10  [TILE 0 0, RBB 1 20]          -     r            4184     {inst14: rx_data_strobe_FDCE_CE_1_Q_FDCE_Q_D_LUT6_O (LUT,site=clut,cluto)} {inst13: rx_data_strobe_FDCE_CE_1_Q_FDCE_Q (FDC,site=cff)} 
   --------------------------------------------------------------------------------------------------------------------------------------------------------------------------------------------------------------------------------------------------
   RBB_10/CLK                     RBB_6L       10  [TILE 0 0, RBB 1 20]        881     r            5065                                                                                                                                           
   clk                            Clock net     2          (fanout=352)      -2318                     -                                                                                                                                           
   clk                            CLOCK-PORT    -                     -    capture     r            2747                                                                                                                                           
   --------------------------------------------------------------------------------------------------------------------------------------------------------------------------------------------------------------------------------------------------


Path 73:
   Slack (not met):                          -858ps
     Path type:                               SETUP
     Group:                              <UDEF_clk>
     Launching clock:                           clk (rising edge)
     Capturing clock:                           clk (rising edge)

     Requested period:                       2000ps
   + Delay of the capturing clock:           2319ps
   - Clock uncertainty:                       150ps
   = Required time:                          4169ps
   - Propagation time:                       2868ps (59.3% logic, 40.7% route, logic stage 1)
   - Delay of the launching clock:           2159ps
   = Slack:                                  -858ps

   Instance/Pin or Net Name     Type         ID    Location or Fanout   Delay(ps)  Edge  Arrival Time(ps)    Instance detail                                                                                                                    
   -----------------------------------------------------------------------------------------------------------------------------------------------------------------------------------------------------------------------------------------------
   clk                          CLOCK-PORT    -                     -     launch     r               0                                                                                                                                          
   clk                          Clock net     2          (fanout=352)       2159                     -                                                                                                                                          
   RBB_12/CLK                   RBB_6L       12  [TILE 0 0, RBB 1 16]          -     r            2159                                                                                                                                          
   -----------------------------------------------------------------------------------------------------------------------------------------------------------------------------------------------------------------------------------------------
   RBB_12/AQ                    RBB_6L       12  [TILE 0 0, RBB 1 16]        800     r            2959     {inst66: u_spi_target.r_ss_n_sync_FDPE_Q (FDP,site=aff)}                                                                             
   u_spi_target.r_ss_n_sync[1]  Net          19            (fanout=7)       1167                     -                                                                                                                                          
   RBB_9/D5                     RBB_6L        9  [TILE 0 0, RBB 1 18]          -     r            4126     {inst63: u_spi_target.o_rx_data_valid_FDCE_Q_D_LUT3_O (LUT,site=dlut)} {inst50: u_spi_target.o_rx_data_valid_FDCE_Q (FDCE,site=dff)} 
   -----------------------------------------------------------------------------------------------------------------------------------------------------------------------------------------------------------------------------------------------
   RBB_9/CLK                    RBB_6L        9  [TILE 0 0, RBB 1 18]        901     r            5027                                                                                                                                          
   clk                          Clock net     2          (fanout=352)      -2319                     -                                                                                                                                          
   clk                          CLOCK-PORT    -                     -    capture     r            2708                                                                                                                                          
   -----------------------------------------------------------------------------------------------------------------------------------------------------------------------------------------------------------------------------------------------


Path 107:
   Slack (not met):                          -856ps
     Path type:                               SETUP
     Group:                              <UDEF_clk>
     Launching clock:                           clk (rising edge)
     Capturing clock:                           clk (rising edge)

     Requested period:                       2000ps
   + Delay of the capturing clock:           2159ps
   - Clock uncertainty:                       150ps
   = Required time:                          4009ps
   - Propagation time:                       2706ps (61.1% logic, 38.9% route, logic stage 1)
   - Delay of the launching clock:           2159ps
   = Slack:                                  -856ps

   Instance/Pin or Net Name   Type         ID    Location or Fanout   Delay(ps)  Edge  Arrival Time(ps)    Instance detail                                                                                                       
   --------------------------------------------------------------------------------------------------------------------------------------------------------------------------------------------------------------------------------
   clk                        CLOCK-PORT    -                     -     launch     r               0                                                                                                                             
   clk                        Clock net     2          (fanout=352)       2159                     -                                                                                                                             
   RBB_12/CLK                 RBB_6L       12  [TILE 0 0, RBB 1 16]          -     r            2159                                                                                                                             
   --------------------------------------------------------------------------------------------------------------------------------------------------------------------------------------------------------------------------------
   RBB_12/BQ                  RBB_6L       12  [TILE 0 0, RBB 1 16]        800     r            2959     {inst25: spi_miso_LUT6_I0_I1_FDCE_Q (FDC,site=bff)}                                                                     
   spi_miso_LUT6_I0_I1[1]     Net          63            (fanout=2)       1053                     -                                                                                                                             
   RBB_12/B5                  RBB_6L       12  [TILE 0 0, RBB 1 16]          -     r            4012     {inst27: spi_miso_LUT6_I0_I1_FDCE_Q_D_LUT6_O (LUT,site=blut,bluto)} {inst25: spi_miso_LUT6_I0_I1_FDCE_Q (FDC,site=bff)} 
   --------------------------------------------------------------------------------------------------------------------------------------------------------------------------------------------------------------------------------
   RBB_12/CLK                 RBB_6L       12  [TILE 0 0, RBB 1 16]        853     r            4865                                                                                                                             
   clk                        Clock net     2          (fanout=352)      -2159                     -                                                                                                                             
   clk                        CLOCK-PORT    -                     -    capture     r            2706                                                                                                                             
   --------------------------------------------------------------------------------------------------------------------------------------------------------------------------------------------------------------------------------


Path 106:
   Slack (not met):                          -830ps
     Path type:                               SETUP
     Group:                              <UDEF_clk>
     Launching clock:                           clk (rising edge)
     Capturing clock:                           clk (rising edge)

     Requested period:                       2000ps
   + Delay of the capturing clock:           2318ps
   - Clock uncertainty:                       150ps
   = Required time:                          4168ps
   - Propagation time:                       2680ps (59.7% logic, 40.3% route, logic stage 1)
   - Delay of the launching clock:           2318ps
   = Slack:                                  -830ps

   Instance/Pin or Net Name                                                         Type         ID    Location or Fanout   Delay(ps)  Edge  Arrival Time(ps)    Instance detail                                                                                                                                                                                   
   ------------------------------------------------------------------------------------------------------------------------------------------------------------------------------------------------------------------------------------------------------------------------------------------------------------------------------------------------------------------
   clk                                                                              CLOCK-PORT    -                     -     launch     r               0                                                                                                                                                                                                         
   clk                                                                              Clock net     2          (fanout=352)       2318                     -                                                                                                                                                                                                         
   RBB_14/CLK                                                                       RBB_6L       14  [TILE 0 0, RBB 4 18]          -     r            2318                                                                                                                                                                                                         
   ------------------------------------------------------------------------------------------------------------------------------------------------------------------------------------------------------------------------------------------------------------------------------------------------------------------------------------------------------------------
   RBB_14/BQ                                                                        RBB_6L       14  [TILE 0 0, RBB 4 18]        800     r            3118     {inst34: spi_miso_LUT6_I0_I1_FDCE_Q_D_LUT6_O_I1_FDCE_Q_D_LUT6_O_I1_FDCE_Q_D_LUT6_O_I1_FDCE_Q (FDC,site=bff)}                                                                                        
   spi_miso_LUT6_I0_I1_FDCE_Q_D_LUT6_O_I1_FDCE_Q_D_LUT6_O_I1_FDCE_Q_D_LUT6_O_I1[0]  Net          24            (fanout=2)       1079                     -                                                                                                                                                                                                         
   RBB_14/C3                                                                        RBB_6L       14  [TILE 0 0, RBB 4 18]          -     r            4197     {inst33: spi_miso_LUT6_I0_I1_FDCE_Q_D_LUT6_O_I1_FDCE_Q_D_LUT6_O_I1_FDCE_Q_D_LUT6_O (LUT,site=clut,cluto)} {inst31: spi_miso_LUT6_I0_I1_FDCE_Q_D_LUT6_O_I1_FDCE_Q_D_LUT6_O_I1_FDCE_Q (FDC,site=cff)} 
   ------------------------------------------------------------------------------------------------------------------------------------------------------------------------------------------------------------------------------------------------------------------------------------------------------------------------------------------------------------------
   RBB_14/CLK                                                                       RBB_6L       14  [TILE 0 0, RBB 4 18]        801     r            4998                                                                                                                                                                                                         
   clk                                                                              Clock net     2          (fanout=352)      -2318                     -                                                                                                                                                                                                         
   clk                                                                              CLOCK-PORT    -                     -    capture     r            2680                                                                                                                                                                                                         
   ------------------------------------------------------------------------------------------------------------------------------------------------------------------------------------------------------------------------------------------------------------------------------------------------------------------------------------------------------------------


Path 92:
   Slack (not met):                          -753ps
     Path type:                               SETUP
     Group:                              <UDEF_clk>
     Launching clock:                           clk (rising edge)
     Capturing clock:                           clk (rising edge)

     Requested period:                       2000ps
   + Delay of the capturing clock:           2324ps
   - Clock uncertainty:                       150ps
   = Required time:                          4174ps
   - Propagation time:                       2603ps (75.9% logic, 24.1% route, logic stage 1)
   - Delay of the launching clock:           2324ps
   = Slack:                                  -753ps

   Instance/Pin or Net Name   Type         ID    Location or Fanout   Delay(ps)  Edge  Arrival Time(ps)    Instance detail                                          
   -------------------------------------------------------------------------------------------------------------------------------------------------------------------
   clk                        CLOCK-PORT    -                     -     launch     r               0                                                                
   clk                        Clock net     2          (fanout=352)       2324                     -                                                                
   RBB_13/CLK                 RBB_6L       13  [TILE 0 0, RBB 1 24]          -     r            2324                                                                
   -------------------------------------------------------------------------------------------------------------------------------------------------------------------
   RBB_13/DMUX                RBB_6L       13  [TILE 0 0, RBB 1 24]       1410     r            3734     {inst42: u_spi_target.o_rx_data_FDCE_Q_1 (FDCE,site=dffo)} 
   u_spi_target.o_rx_data[5]  Net          14            (fanout=2)        628                     -                                                                
   RBB_13/C6                  RBB_6L       13  [TILE 0 0, RBB 1 24]          -     r            4362     {inst41: u_spi_target.o_rx_data_FDCE_Q (FDCE,site=cff)}    
   -------------------------------------------------------------------------------------------------------------------------------------------------------------------
   RBB_13/CLK                 RBB_6L       13  [TILE 0 0, RBB 1 24]        565     r            4927                                                                
   clk                        Clock net     2          (fanout=352)      -2324                     -                                                                
   clk                        CLOCK-PORT    -                     -    capture     r            2603                                                                
   -------------------------------------------------------------------------------------------------------------------------------------------------------------------


Path 108:
   Slack (not met):                          -743ps
     Path type:                               SETUP
     Group:                              <UDEF_clk>
     Launching clock:                           clk (rising edge)
     Capturing clock:                           clk (rising edge)

     Requested period:                       2000ps
   + Delay of the capturing clock:           2318ps
   - Clock uncertainty:                       150ps
   = Required time:                          4168ps
   - Propagation time:                       2593ps (58.7% logic, 41.3% route, logic stage 1)
   - Delay of the launching clock:           2318ps
   = Slack:                                  -743ps

   Instance/Pin or Net Name                                                         Type         ID    Location or Fanout   Delay(ps)  Edge  Arrival Time(ps)    Instance detail                                                                                                                                                                                                                         
   --------------------------------------------------------------------------------------------------------------------------------------------------------------------------------------------------------------------------------------------------------------------------------------------------------------------------------------------------------------------------------------------------------
   clk                                                                              CLOCK-PORT    -                     -     launch     r               0                                                                                                                                                                                                                                               
   clk                                                                              Clock net     2          (fanout=352)       2318                     -                                                                                                                                                                                                                                               
   RBB_14/CLK                                                                       RBB_6L       14  [TILE 0 0, RBB 4 18]          -     r            2318                                                                                                                                                                                                                                               
   --------------------------------------------------------------------------------------------------------------------------------------------------------------------------------------------------------------------------------------------------------------------------------------------------------------------------------------------------------------------------------------------------------
   RBB_14/BQ                                                                        RBB_6L       14  [TILE 0 0, RBB 4 18]        800     r            3118     {inst34: spi_miso_LUT6_I0_I1_FDCE_Q_D_LUT6_O_I1_FDCE_Q_D_LUT6_O_I1_FDCE_Q_D_LUT6_O_I1_FDCE_Q (FDC,site=bff)}                                                                                                                              
   spi_miso_LUT6_I0_I1_FDCE_Q_D_LUT6_O_I1_FDCE_Q_D_LUT6_O_I1_FDCE_Q_D_LUT6_O_I1[0]  Net          24            (fanout=2)       1071                     -                                                                                                                                                                                                                                               
   RBB_14/B3                                                                        RBB_6L       14  [TILE 0 0, RBB 4 18]          -     r            4189     {inst35: spi_miso_LUT6_I0_I1_FDCE_Q_D_LUT6_O_I1_FDCE_Q_D_LUT6_O_I1_FDCE_Q_D_LUT6_O_I1_FDCE_Q_D_LUT6_O (LUT,site=blut,bluto)} {inst34: spi_miso_LUT6_I0_I1_FDCE_Q_D_LUT6_O_I1_FDCE_Q_D_LUT6_O_I1_FDCE_Q_D_LUT6_O_I1_FDCE_Q (FDC,site=bff)} 
   --------------------------------------------------------------------------------------------------------------------------------------------------------------------------------------------------------------------------------------------------------------------------------------------------------------------------------------------------------------------------------------------------------
   RBB_14/CLK                                                                       RBB_6L       14  [TILE 0 0, RBB 4 18]        722     r            4911                                                                                                                                                                                                                                               
   clk                                                                              Clock net     2          (fanout=352)      -2318                     -                                                                                                                                                                                                                                               
   clk                                                                              CLOCK-PORT    -                     -    capture     r            2593                                                                                                                                                                                                                                               
   --------------------------------------------------------------------------------------------------------------------------------------------------------------------------------------------------------------------------------------------------------------------------------------------------------------------------------------------------------------------------------------------------------


Path 111:
   Slack (not met):                          -626ps
     Path type:                               SETUP
     Group:                              <UDEF_clk>
     Launching clock:                           clk (rising edge)
     Capturing clock:                           clk (rising edge)

     Requested period:                       2000ps
   + Delay of the capturing clock:           2324ps
   - Clock uncertainty:                       150ps
   = Required time:                          4174ps
   - Propagation time:                       2476ps (55.7% logic, 44.3% route, logic stage 1)
   - Delay of the launching clock:           2324ps
   = Slack:                                  -626ps

   Instance/Pin or Net Name   Type         ID    Location or Fanout   Delay(ps)  Edge  Arrival Time(ps)    Instance detail                                         
   ------------------------------------------------------------------------------------------------------------------------------------------------------------------
   clk                        CLOCK-PORT    -                     -     launch     r               0                                                               
   clk                        Clock net     2          (fanout=352)       2324                     -                                                               
   RBB_13/CLK                 RBB_6L       13  [TILE 0 0, RBB 1 24]          -     r            2324                                                               
   ------------------------------------------------------------------------------------------------------------------------------------------------------------------
   RBB_13/BQ                  RBB_6L       13  [TILE 0 0, RBB 1 24]        800     r            3124     {inst45: u_spi_target.o_rx_data_FDCE_Q_4 (FDCE,site=bff)} 
   u_spi_target.o_rx_data[2]  Net          11            (fanout=2)       1097                     -                                                               
   RBB_13/D6                  RBB_6L       13  [TILE 0 0, RBB 1 24]          -     r            4221     {inst44: u_spi_target.o_rx_data_FDCE_Q_3 (FDCE,site=dff)} 
   ------------------------------------------------------------------------------------------------------------------------------------------------------------------
   RBB_13/CLK                 RBB_6L       13  [TILE 0 0, RBB 1 24]        579     r            4800                                                               
   clk                        Clock net     2          (fanout=352)      -2324                     -                                                               
   clk                        CLOCK-PORT    -                     -    capture     r            2476                                                               
   ------------------------------------------------------------------------------------------------------------------------------------------------------------------


Path 240:
   Slack (not met):                          -160ps
     Path type:                               SETUP
     Group:                              <UDEF_clk>
     Launching clock:                           clk (rising edge)
     Capturing clock:                           clk (rising edge)

     Requested period:                       2000ps
   + Delay of the capturing clock:           2159ps
   - Clock uncertainty:                       150ps
   = Required time:                          4009ps
   - Propagation time:                       1872ps (46.6% logic, 53.4% route, logic stage 1)
   - Delay of the launching clock:           2297ps
   = Slack:                                  -160ps

   Instance/Pin or Net Name    Type         ID    Location or Fanout   Delay(ps)  Edge  Arrival Time(ps)    Instance detail                                                                              
   --------------------------------------------------------------------------------------------------------------------------------------------------------------------------------------------------------
   clk                         CLOCK-PORT    -                     -     launch     r               0                                                                                                    
   clk                         Clock net     2          (fanout=352)       2297                     -                                                                                                    
   RBB_0/CLK                   IOB           0   [TILE 0 0, RBB 0 9]          -     r            2297                                                                                                    
   --------------------------------------------------------------------------------------------------------------------------------------------------------------------------------------------------------
   RBB_0/I[0]                  IOB           0   [TILE 0 0, RBB 0 9]          0     r            2297     {(input_port) inst78: g_78_spi_sck_ibuf (IO)} {inst65: u_spi_target.r_sck_sync_FDCE_Q_1 (FDC)} 
   u_spi_target.r_sck_sync[0]  Net          20            (fanout=1)        999                     -                                                                                                    
   RBB_12/C6                   RBB_6L       12  [TILE 0 0, RBB 1 16]          -     r            3296     {inst64: u_spi_target.r_sck_sync_FDCE_Q (FDC,site=cffo)}                                       
   --------------------------------------------------------------------------------------------------------------------------------------------------------------------------------------------------------
   RBB_12/CLK                  RBB_6L       12  [TILE 0 0, RBB 1 16]        873     r            4169                                                                                                    
   clk                         Clock net     2          (fanout=352)      -2159                     -                                                                                                    
   clk                         CLOCK-PORT    -                     -    capture     r            2010                                                                                                    
   --------------------------------------------------------------------------------------------------------------------------------------------------------------------------------------------------------


Path 241:
   Slack (not met):                           -94ps
     Path type:                               SETUP
     Group:                              <UDEF_clk>
     Launching clock:                           clk (rising edge)
     Capturing clock:                           clk (rising edge)

     Requested period:                       2000ps
   + Delay of the capturing clock:           2325ps
   - Clock uncertainty:                       150ps
   = Required time:                          4175ps
   - Propagation time:                       1916ps (77.2% logic, 22.8% route, logic stage 1)
   - Delay of the launching clock:           2353ps
   = Slack:                                   -94ps

   Instance/Pin or Net Name   Type         ID    Location or Fanout   Delay(ps)  Edge  Arrival Time(ps)    Instance detail                                                                                       
   ----------------------------------------------------------------------------------------------------------------------------------------------------------------------------------------------------------------
   clk                        CLOCK-PORT    -                     -     launch     r               0                                                                                                             
   clk                        Clock net     2          (fanout=352)       2353                     -                                                                                                             
   RBB_2/CLK                  IOB           2  [TILE 0 0, RBB 0 22]          -     r            2353                                                                                                             
   ----------------------------------------------------------------------------------------------------------------------------------------------------------------------------------------------------------------
   RBB_2/I[0]                 IOB           2  [TILE 0 0, RBB 0 22]          0     r            2353     {(input_port) inst77: g_77_spi_mosi_ibuf (IO)} {inst47: u_spi_target.o_rx_data_FDCE_Q_6 (FDCE)}         
   u_spi_target.o_rx_data[0]  Net           9            (fanout=2)        436                     -                                                                                                             
   RBB_6/A1                   RBB_6L        6  [TILE 0 0, RBB 1 22]          -     r            2789     {inst40: u_spi_target.o_rx_data_CARRY4_S_1 (CARRY4)} {inst12: rx_data_strobe_FDCE_CE_1 (FDCE,site=dff)} 
   ----------------------------------------------------------------------------------------------------------------------------------------------------------------------------------------------------------------
   RBB_6/CLK                  RBB_6L        6  [TILE 0 0, RBB 1 22]       1480     r            4269                                                                                                             
   clk                        Clock net     2          (fanout=352)      -2325                     -                                                                                                             
   clk                        CLOCK-PORT    -                     -    capture     r            1944                                                                                                             
   ----------------------------------------------------------------------------------------------------------------------------------------------------------------------------------------------------------------


Path 242:
   Slack (not met):                           -35ps
     Path type:                               SETUP
     Group:                              <UDEF_clk>
     Launching clock:                           clk (rising edge)
     Capturing clock:                           clk (rising edge)

     Requested period:                       2000ps
   + Delay of the capturing clock:           2325ps
   - Clock uncertainty:                       150ps
   = Required time:                          4175ps
   - Propagation time:                       1857ps (76.5% logic, 23.5% route, logic stage 1)
   - Delay of the launching clock:           2353ps
   = Slack:                                   -35ps

   Instance/Pin or Net Name   Type         ID    Location or Fanout   Delay(ps)  Edge  Arrival Time(ps)    Instance detail                                                                                       
   ----------------------------------------------------------------------------------------------------------------------------------------------------------------------------------------------------------------
   clk                        CLOCK-PORT    -                     -     launch     r               0                                                                                                             
   clk                        Clock net     2          (fanout=352)       2353                     -                                                                                                             
   RBB_2/CLK                  IOB           2  [TILE 0 0, RBB 0 22]          -     r            2353                                                                                                             
   ----------------------------------------------------------------------------------------------------------------------------------------------------------------------------------------------------------------
   RBB_2/I[0]                 IOB           2  [TILE 0 0, RBB 0 22]          0     r            2353     {(input_port) inst77: g_77_spi_mosi_ibuf (IO)} {inst47: u_spi_target.o_rx_data_FDCE_Q_6 (FDCE)}         
   u_spi_target.o_rx_data[0]  Net           9            (fanout=2)        436                     -                                                                                                             
   RBB_6/A1                   RBB_6L        6  [TILE 0 0, RBB 1 22]          -     r            2789     {inst40: u_spi_target.o_rx_data_CARRY4_S_1 (CARRY4)} {inst15: rx_data_strobe_FDCE_CE_2 (FDCE,site=cff)} 
   ----------------------------------------------------------------------------------------------------------------------------------------------------------------------------------------------------------------
   RBB_6/CLK                  RBB_6L        6  [TILE 0 0, RBB 1 22]       1421     r            4210                                                                                                             
   clk                        Clock net     2          (fanout=352)      -2325                     -                                                                                                             
   clk                        CLOCK-PORT    -                     -    capture     r            1885                                                                                                             
   ----------------------------------------------------------------------------------------------------------------------------------------------------------------------------------------------------------------


Path 243:
   Slack (met):                                 6ps
     Path type:                               SETUP
     Group:                              <UDEF_clk>
     Launching clock:                           clk (rising edge)
     Capturing clock:                           clk (rising edge)

     Requested period:                       2000ps
   + Delay of the capturing clock:           2159ps
   - Clock uncertainty:                       150ps
   = Required time:                          4009ps
   - Propagation time:                       1700ps (38.9% logic, 61.1% route, logic stage 1)
   - Delay of the launching clock:           2303ps
   = Slack:                                     6ps

   Instance/Pin or Net Name     Type         ID    Location or Fanout   Delay(ps)  Edge  Arrival Time(ps)    Instance detail                                                                                                           
   --------------------------------------------------------------------------------------------------------------------------------------------------------------------------------------------------------------------------------------
   clk                          CLOCK-PORT    -                     -     launch     r               0                                                                                                                                 
   clk                          Clock net     2          (fanout=352)       2303                     -                                                                                                                                 
   RBB_1/CLK                    IOB           1  [TILE 0 0, RBB 0 10]          -     r            2303                                                                                                                                 
   --------------------------------------------------------------------------------------------------------------------------------------------------------------------------------------------------------------------------------------
   RBB_1/I[0]                   IOB           1  [TILE 0 0, RBB 0 10]          0     r            2303     {(input_port) inst79: g_79_spi_ss_n_ibuf (IO)} {inst67: u_spi_target.r_ss_n_sync_FDPE_Q_1 (FDP)}                            
   u_spi_target.r_ss_n_sync[0]  Net          18            (fanout=1)       1038                     -                                                                                                                                 
   RBB_12/A1                    RBB_6L       12  [TILE 0 0, RBB 1 16]          -     r            3341     {inst91: u_spi_target.r_ss_n_sync_FDPE_Q_buf91_i (LUT,site=aluto)} {inst66: u_spi_target.r_ss_n_sync_FDPE_Q (FDP,site=aff)} 
   --------------------------------------------------------------------------------------------------------------------------------------------------------------------------------------------------------------------------------------
   RBB_12/CLK                   RBB_6L       12  [TILE 0 0, RBB 1 16]        662     r            4003                                                                                                                                 
   clk                          Clock net     2          (fanout=352)      -2159                     -                                                                                                                                 
   clk                          CLOCK-PORT    -                     -    capture     r            1844                                                                                                                                 
   --------------------------------------------------------------------------------------------------------------------------------------------------------------------------------------------------------------------------------------


Path 244:
   Slack (met):                                66ps
     Path type:                               SETUP
     Group:                              <UDEF_clk>
     Launching clock:                           clk (rising edge)
     Capturing clock:                           clk (rising edge)

     Requested period:                       2000ps
   + Delay of the capturing clock:           2324ps
   - Clock uncertainty:                       150ps
   = Required time:                          4174ps
   - Propagation time:                       1755ps (54.5% logic, 45.5% route, logic stage 1)
   - Delay of the launching clock:           2353ps
   = Slack:                                    66ps

   Instance/Pin or Net Name   Type         ID    Location or Fanout   Delay(ps)  Edge  Arrival Time(ps)    Instance detail                                                                                                            
   -------------------------------------------------------------------------------------------------------------------------------------------------------------------------------------------------------------------------------------
   clk                        CLOCK-PORT    -                     -     launch     r               0                                                                                                                                  
   clk                        Clock net     2          (fanout=352)       2353                     -                                                                                                                                  
   RBB_2/CLK                  IOB           2  [TILE 0 0, RBB 0 22]          -     r            2353                                                                                                                                  
   -------------------------------------------------------------------------------------------------------------------------------------------------------------------------------------------------------------------------------------
   RBB_2/I[0]                 IOB           2  [TILE 0 0, RBB 0 22]          0     r            2353     {(input_port) inst77: g_77_spi_mosi_ibuf (IO)} {inst47: u_spi_target.o_rx_data_FDCE_Q_6 (FDCE)}                              
   u_spi_target.o_rx_data[0]  Net           9            (fanout=2)        799                     -                                                                                                                                  
   RBB_13/A1                  RBB_6L       13  [TILE 0 0, RBB 1 24]          -     r            3152     {inst95: u_spi_target.o_rx_data_FDCE_Q_5_buf95_i (LUT,site=aluto)} {inst46: u_spi_target.o_rx_data_FDCE_Q_5 (FDCE,site=aff)} 
   -------------------------------------------------------------------------------------------------------------------------------------------------------------------------------------------------------------------------------------
   RBB_13/CLK                 RBB_6L       13  [TILE 0 0, RBB 1 24]        956     r            4108                                                                                                                                  
   clk                        Clock net     2          (fanout=352)      -2324                     -                                                                                                                                  
   clk                        CLOCK-PORT    -                     -    capture     r            1784                                                                                                                                  
   -------------------------------------------------------------------------------------------------------------------------------------------------------------------------------------------------------------------------------------


Path 245:
   Slack (met):                                79ps
     Path type:                               SETUP
     Group:                              <UDEF_clk>
     Launching clock:                           clk (rising edge)
     Capturing clock:                           clk (rising edge)

     Requested period:                       2000ps
   + Delay of the capturing clock:           2325ps
   - Clock uncertainty:                       150ps
   = Required time:                          4175ps
   - Propagation time:                       1743ps (75.0% logic, 25.0% route, logic stage 1)
   - Delay of the launching clock:           2353ps
   = Slack:                                    79ps

   Instance/Pin or Net Name   Type         ID    Location or Fanout   Delay(ps)  Edge  Arrival Time(ps)    Instance detail                                                                                       
   ----------------------------------------------------------------------------------------------------------------------------------------------------------------------------------------------------------------
   clk                        CLOCK-PORT    -                     -     launch     r               0                                                                                                             
   clk                        Clock net     2          (fanout=352)       2353                     -                                                                                                             
   RBB_2/CLK                  IOB           2  [TILE 0 0, RBB 0 22]          -     r            2353                                                                                                             
   ----------------------------------------------------------------------------------------------------------------------------------------------------------------------------------------------------------------
   RBB_2/I[0]                 IOB           2  [TILE 0 0, RBB 0 22]          0     r            2353     {(input_port) inst77: g_77_spi_mosi_ibuf (IO)} {inst47: u_spi_target.o_rx_data_FDCE_Q_6 (FDCE)}         
   u_spi_target.o_rx_data[0]  Net           9            (fanout=2)        436                     -                                                                                                             
   RBB_6/A1                   RBB_6L        6  [TILE 0 0, RBB 1 22]          -     r            2789     {inst40: u_spi_target.o_rx_data_CARRY4_S_1 (CARRY4)} {inst18: rx_data_strobe_FDCE_CE_3 (FDCE,site=bff)} 
   ----------------------------------------------------------------------------------------------------------------------------------------------------------------------------------------------------------------
   RBB_6/CLK                  RBB_6L        6  [TILE 0 0, RBB 1 22]       1307     r            4096                                                                                                             
   clk                        Clock net     2          (fanout=352)      -2325                     -                                                                                                             
   clk                        CLOCK-PORT    -                     -    capture     r            1771                                                                                                             
   ----------------------------------------------------------------------------------------------------------------------------------------------------------------------------------------------------------------


Path 246:
   Slack (met):                               216ps
     Path type:                               SETUP
     Group:                              <UDEF_clk>
     Launching clock:                           clk (rising edge)
     Capturing clock:                           clk (rising edge)

     Requested period:                       2000ps
   + Delay of the capturing clock:           2325ps
   - Clock uncertainty:                       150ps
   = Required time:                          4175ps
   - Propagation time:                       1606ps (72.9% logic, 27.1% route, logic stage 1)
   - Delay of the launching clock:           2353ps
   = Slack:                                   216ps

   Instance/Pin or Net Name   Type         ID    Location or Fanout   Delay(ps)  Edge  Arrival Time(ps)    Instance detail                                                                                         
   ------------------------------------------------------------------------------------------------------------------------------------------------------------------------------------------------------------------
   clk                        CLOCK-PORT    -                     -     launch     r               0                                                                                                               
   clk                        Clock net     2          (fanout=352)       2353                     -                                                                                                               
   RBB_2/CLK                  IOB           2  [TILE 0 0, RBB 0 22]          -     r            2353                                                                                                               
   ------------------------------------------------------------------------------------------------------------------------------------------------------------------------------------------------------------------
   RBB_2/I[0]                 IOB           2  [TILE 0 0, RBB 0 22]          0     r            2353     {(input_port) inst77: g_77_spi_mosi_ibuf (IO)} {inst47: u_spi_target.o_rx_data_FDCE_Q_6 (FDCE)}           
   u_spi_target.o_rx_data[0]  Net           9            (fanout=2)        436                     -                                                                                                               
   RBB_6/A1                   RBB_6L        6  [TILE 0 0, RBB 1 22]          -     r            2789     {inst48: u_spi_target.o_rx_data_INV_I (LUT,site=alut)} {inst20: rx_data_strobe_FDCE_CE_4 (FDCE,site=aff)} 
   ------------------------------------------------------------------------------------------------------------------------------------------------------------------------------------------------------------------
   RBB_6/CLK                  RBB_6L        6  [TILE 0 0, RBB 1 22]       1170     r            3959                                                                                                               
   clk                        Clock net     2          (fanout=352)      -2325                     -                                                                                                               
   clk                        CLOCK-PORT    -                     -    capture     r            1634                                                                                                               
   ------------------------------------------------------------------------------------------------------------------------------------------------------------------------------------------------------------------













